record_id,duplicate,source,database,title,authors,year,journal,doi,pmid,doctype,language,abstract,volume,issue,pages
R001,no,EBSCOhost combined export,MEDLINE Ultimate,Psychological well-being of women with uterine infertility before considering uterus transplantation as a treatment option.,"Pittman, Jana ; Gerstl, Brigitte ; Walch, Anna ; Lotz, Mianna ; Deans, Rebecca ; Morrison, Natalie",2025,The Australian & New Zealand journal of obstetrics & gynaecology,10.1111/ajo.13895,,Journal Article,eng,"Background: While uterus transplantation offers a promising treatment option for women with uterine factor infertility (UFI), the potential for graft failure and lack of organ availability could have subsequent psychological repercussions for women. Exploring baseline psychological well-being for women with UFI who could become uterine transplant recipients is essential to identify specific psychological challenges to be considered prior to transplantation. UFI can be congenital uterine absence, namely Mayer-Rokitansky-Küster-Hauser syndrome (MRKH), or acquired uterine absence (hysterectomy). Objective: To analyse baseline psychological well-being among women with UFI. Design and Setting: A survey including demographic data and two internationally validated psychological questionnaires, Depression, Anxiety and Stress Scale (DASS-21),<sup>13</sup> and Fertility Quality of Life (FertiQoL), was disseminated to women with UFI. Data from these instruments was compared between groups and then to data that uses these tools in the general infertility population. Results/outcomes: The study included 39 women (mean age 29.54 years). Higher scores for moderate symptoms of depression, anxiety, and stress were reported for the entire UFI cohort. More women with congenital UFI showed 'severe' symptoms for depression/anxiety, compared to women with acquired UFI. Women with acquired UFI showed poorer FertiQoL scores compared to both women with congenital UFI and to the general infertility population scores in previously published data. Conclusion: Clinicians should consider accessing increased psychological support for women with UFI when discussing fertility options including uterine transplant, and they may need to tailor this support depending on whether the patient has congenital or acquired UFI.",65,2,263-268
R002,no,EBSCOhost combined export,MEDLINE Ultimate,"Self-esteem, depression, anxiety and sexual function in Mayer-Rokitansky-Küster-Hauser syndrome with neovagina: A case series.","Lei, Xiao-Hong ; Wang, Xiao ; Shao, Shu-Yi ; Hua, Ke-Qin ; Zhang, Ying",2024,"European journal of obstetrics, gynecology, and reproductive biology",10.1016/j.ejogrb.2024.04.027,,Journal Article,eng,"Background: The Mayer-Rokitansky-Küster-Hauser (MRKH) syndrome is a rare condition with significant psychological implications. However, our understanding of its impact on postoperative sexual function and mental health is still limited. Aim: Evaluate the mental health status and sexual functioning of women with MRKH syndrome after vaginoplasty surgery. Methods: We enrolled 53 cases with MRKH syndrome who underwent artificial vaginoplasty. The participants were asked to participate in a two-round survey conducted between February 2021 during the covid-19 period and March 2023. The survey included questionnaires to measure depression, anxiety, self-esteem, and sexual functioning. Differences between scores over time were analysed using a paired sample t-test, and we assessed the correlation between mental health and sexual functioning. Results: In the first round, patients' mean ± SD age at surgery was 23.6 ± 4.5 years old, and the mean ± SD time that had elapsed since surgery at the time of the survey was 34.2 ± 20.8 months. None of the patients reported low self-esteem, 45.3 % reported mild-to-moderate depression, and 34.0 % reported mild anxiety. Thirty patients have had vaginal intercourse during the last six months. The mean ± SD Female Sexual Functioning Index score was 24.6 ± 4.4, and 60.0 % had a score of 23.5 or higher, indicating high sexual functioning. The sexual functioning scores were positively correlated with self-esteem scores and negatively correlated with depression or anxiety scores (p < 0.05). There was no significant improvement in patient's mental health status and sexual function between the second round survey (71.3 ± 17.8 months after surgery) and the first round survey (p > 0.05). In contrast, the sexual arousal of FSFI were significantly higher in the second survey round (p < 0.05). Conclusion: Most patients undergoing vaginoplasty reported persisting mental health challenges. However, the majority reported good sexual functioning.",298,,85-90
R003,no,EBSCOhost combined export,MEDLINE Ultimate,"Sexual functioning, sexual esteem, genital self-image and psychological and relational functioning in women with Mayer-Rokitansky-Küster-Hauser syndrome: a case-control study.","Weijenborg, P T M ; Kluivers, K B ; Dessens, A B ; Kate-Booij, M J ; Both, S",2019,"Human reproduction (Oxford, England)",10.1093/humrep/dez130,,"Journal Article ; Research Support, Non-U.S. Gov't",eng,"Study Question: Do sexual functioning, sexual esteem, genital self-image and psychological and relational functioning in women with Mayer-Rokitansky-Küster-Hauser (MRKH) syndrome differ from a comparison group of women without the condition? Summary Answer: In comparison to controls, women with MRKH with a non-surgically or surgically created neovagina did not differ in psychological and relational functioning but reported lower sexual esteem and more negative genital self-image, intercourse-related pain, clinically relevant sexual distress and sexual dysfunction, with sexual esteem levels strongly associated with sexual distress and sexual dysfunction. What Is Known Already: Studies on sexual functioning measured with standardized questionnaires in women with MRKH syndrome compared with women without the condition have yielded contradictory results. Factors associated with sexual functioning in this patient population have rarely been investigated. Study Design, Size, Duration: Between November 2015 and May 2017, 54 women with MRKH syndrome with a neovagina and 79 age-matched healthy women without the condition were enrolled in this case-control study. Participants/materials, Setting, Methods: All participants had to be at least 18-years old and had to live in a steady heterosexual relationship. Women with MRKH syndrome were asked to participate by their (former) gynecologists at three university hospitals and by MRKH peer support group. Controls were recruited via advertisement in local newspapers and social media. Standardized questionnaires were administered to assess sexual functioning, sexual esteem, genital self-image and psychological and relational functioning. Main Results and the Role of Chance: Women with MRKH syndrome with a surgically or non-surgically created neovagina reported significantly more pain during intercourse (P < 0.05, d = 0.5), but did not differ in overall sexual functioning from control women. More women with MRKH syndrome reported clinically relevant sexuality-related distress (P < 0.05, odds ratio (OR): 2.756, 95% CI 1.219-6.232) and suffered a sexual dysfunction (P < 0.05, OR: 2.654, 95% CI: 1.088-6.471) in comparison with controls. MRKH women scored significantly lower on the sexual esteem scale (SES) (P < 0.01, d = 0.5) and the female genital self-image scale (FGSIS) (P < 0.01, d = 0.6) than controls. No significant differences were found between the two groups regarding psychological distress, anxiety and depression, global self-esteem and relational dissatisfaction. Sexual esteem was significantly associated with the presence of clinically relevant sexual distress (ß = 0.455, P = 0.001) and suffering a sexual dysfunction (ß = 0.554, P = 0.001) and explained, respectively, 40% and 28% of the variance. Limitations, Reasons for Caution: Given the nature of the study focusing on sexual functioning, a potential selection bias cannot be excluded. It is possible that those women with the most severe sexual and/or psychological disturbances did or did not choose to participate in our study. Wider Implications of the Findings: The study results add new data to the very limited knowledge about psychosexual functioning of women with MRKH syndrome and are of importance for more adequate counseling and treatment of these women. Study Funding/competing Interest(s): The research was financially supported by the Dutch Scientific Society of Sexology (Nederlandse wetenschappelijke Vereniging Voor Seksuologie). The funding was unrestricted, and there was no involvement in the conduct of the research. There are no conflicts of interest to declare.",34,9,1661-1673
R004,no,EBSCOhost combined export,MEDLINE Ultimate,Prevalence of Anxiety and Depression in Women with Mayer-Rokitansky-Kϋster-Hauser (MRKH) Syndrome in Malaysia.,"Khairudin, Khailiyana Binti ; Nik Mhd Nor, Nik Sumayyah ; Childs, Jazebelle Faith ; Loh Sweet Yi, Esther ; Abdul Ghani, Nur Azurah ; Shah, Shamsul Azhar ; Mohd Daud, Tuti Iryani ; Zainuddin, Ani Amelia",2026,Journal of pediatric and adolescent gynecology,10.1016/j.jpag.2025.11.005,,Journal Article,eng,"Study Objective: To determine the prevalence of anxiety and depression in women with Mayer-Rokitansky-Kϋster-Hauser (MRKH) syndrome in Malaysia. Methodology: This was a cross-sectional study conducted on women with MRKH living in Malaysia. The study collected the sociodemographic and medical profiles of participants. Two translated and validated questionnaires were used: Generalized Anxiety Disorder-7 (GAD-7) and Patient Health Questionnaire-9 (PHQ-9), to determine the prevalence of anxiety and depression, respectively. Results: A total of 77 women participated in this study. The participants had a mean age of 29.1 ± 8.3 years, and the mean age at MRKH syndrome diagnosis was 20.5 ± 5.0 years. Based on GAD-7 outcomes, up to 29 women (37.7%) experienced anxiety. Following assessment of depression prevalence using the PHQ-9, 25 participants (32.5%) were classified into the depressed group. There was no statistically significant difference in participants' attributes on the basis of the examination of sociodemographic and clinical characteristics between the 2 groups. Further analysis identified that participants with MRKH in the B40 income bracket (<RM 4850, the lowest income bracket group in Malaysia) were 12 times more likely to develop depressive symptoms (OR = 12.83; 95% CI 1.14-143.77; P < .05). Furthermore, participants with MRKH portraying anxiety symptoms were 10 times more likely to also experience depressive symptoms (OR = 10.7; 95% CI 3.18-35.96; P < .05). Conclusion: More than a third of women with MRKH syndrome in Malaysia experienced depression and anxiety, which needs to be addressed.",39,2,215-220
R005,no,EBSCOhost combined export,MEDLINE Ultimate,Psychological and emotional profiles of Australian uterine transplant potential recipients: A comparison with international trials.,"Gerstl, Brigitte ; Kehag, Eva ; Mallinder, Hayley ; Baker, Tamika ; Arulpragasam, Kaushalya ; David, Catherine ; Stone, Meredith ; Fitzsimmons, Elizabeth ; Hetherington, Kate ; Deans, Rebecca",2025,Acta obstetricia et gynecologica Scandinavica,10.1111/aogs.14974,,Journal Article ; Comparative Study,eng,"Introduction: Uterus transplant (UTx) has emerged as a groundbreaking solution for individuals with uterine factor infertility (UFI). This study is the first in Australia to explore the psychosocial functioning of potential recipients assessed for the nation's initial UTx clinical trial and to compare their psychological profiles with those from international UTx trials. Material and Methods: This is a mixed methods prospective study incorporating standardized psychological measures and semi-structured interviews. Conducted at a tertiary hospital in Sydney, Australia, the study involved 10 female Australian UTx potential recipients with UFI undergoing assessment for UTx surgery. Participants underwent comprehensive psychological evaluation using validated measures and in-depth semi-structured interviews. Quantitative measurement tools included the Hospital Anxiety and Depression Scale, Short Form-36 Health Survey, Fertility Quality of Life, and the Stanford Integrated Psychosocial Assessment for Transplantation. Thematic analysis was conducted on qualitative data from semi-structured interviews. Results: The Australian UTx potential recipients reported significantly higher Short Form-36 (SF-36) scores compared to the Australian general population in general health (p < 0.04), bodily pain (p < 0.02), social functioning (p < 0.02), and emotional well-being (p < 0.01). Compared with international UTx cohorts, the Australian UTx group showed comparable SF-36 outcomes, with minor variations observed for general health and physical function domains. Hospital Anxiety and Depression Scale scores revealed lower anxiety, but slightly higher depression levels compared to international UTx trial cohorts. Fertility quality-of-life scores were significantly higher in the Australian UTx group compared to women experiencing primary infertility across four domains (p < 0.001). Thematic analysis of interviews highlighted the complex emotional impact of infertility, strong family and social support, and the perception of UTx as a transformative opportunity to achieve wholeness and motherhood. Conclusions: UTx represents a novel treatment option for women with UFI. This is the first qualitative study in Australia, it demonstrates the connection between women with UFI and their motivations for parenthood. These findings highlight the importance of tailored psychological assessments and establish a foundation for future research exploring the psychological characteristics of patient candidacy for UTxs.",104,3,528-539
R006,no,EBSCOhost combined export,MEDLINE Ultimate,Case Report: From absolute uterine factor infertility (AUI) to motherhood: the crucial role of psychosocial assessment in the first Italian uterus transplantation case.,"Pistorio, Maria Luisa ; De Pasquale, Concetta ; Veroux, Massimiliano ; Giaquinta, Alessia ; Giambra, Martina Maria ; Grasso, Antonino ; Scollo, Paolo ; Quattropani, Maria Catena Ausilia ; Veroux, Pierfrancesco",2026,Frontiers in psychology,10.3389/fpsyg.2025.1713821,,Case Reports ; Journal Article,eng,"Introduction: Uterus transplantation represents a revolutionary breakthrough for women with absolute infertility of uterine origin, offering them the possibility of realizing the dream of motherhood. This complex procedure has profound medical, ethical, and psychological implications. The aim of our study was to assess the personality, the presence of anxiety and depression, and perceived quality of life in a 29-year-old woman affected by Rokitansky syndrome (MRKH). Furthermore, we hypothesized that projective tests, compared with quantitative assessments, could more easily uncover the deepest, unconscious psychic contents of this woman who has faced such a difficult journey. Design: Descriptive Longitudinal Study. Subjects: Single case. Main Outcome Measures: The case report follows the Case Reporting (CARE) guidelines. In the pre-transplant evaluation, Giorgia (not her real name) was administered the Machover Test, the Baum Test, the Million Clinical Multiaxial Inventory- III (MCMI-III), the Short Form Health Survey-36 (F-36), the Patient Health Questionnaire-9 (PHQ-9), and the General Anxiety Disorder-7 (GAD-7). The same instruments were re-administered 1 year and 2 years after the birth of her baby girl. Results: The projective graphic tests highlighted some significant aspects: the facial expression of the female figure became more restless in subsequent evaluations, until aggressiveness emerged (clenched fists) in the last evaluation. The tree was also drawn on a flowerbed in the last evaluations, indicating a sense of loneliness and abandonment. Conclusion: Overall, uterus transplantation appears to be psychologically well-tolerated, but ongoing evaluation and psychological support are essential.",16,,1713821
R007,no,EBSCOhost combined export,MEDLINE Ultimate,Sexuality and quality of life of patients operated for Rokitansky syndrome Mayer Kuster Hauser.,"Magdoud, Khaoula ; Abouda, Hassine Saber ; Jellouli, Asma ; Ben Hmid, Rim ; Chanoufi, Mohamed Badis ; Karoui, Abir",2024,La Tunisie medicale,10.62438/tunismed.v102i5.4738,,Journal Article ; Comparative Study ; English Abstract,fre,"Introduction: Rokitansky syndrome or Mayer Rokitansky Kuster Hauser (SRKMH) is a rare congenital malformation defined by uterovaginal aplasia. The aim of the treatment is to create a neovagina and restore sexual life. However, postoperative results in terms of sexual and overall quality of life of patients remain controversial. Aim: To evaluate the quality of life and sexuality of patients operated on for Rokitansky syndrome. Methods: This was a retrospective and comparative study between two groups of patients. The first group consisted of patients who had undergone vaginoplasty as part of SRKMH. The second group was that of the controls. Control in terms of sexual function by the Ar FSFI (Arab FemaleSexualFunction Index) and quality of life by the SF36 (Short Forms Health Survey) were used in both groups. Results: The average age of patients operated on for SRKMH was 22.53 years. Eighteen of these patients (60%) were sexually active at the time of the study. Patients operated on for SRKMH had a significantly lower Ar FSFI score compared to the control group. The two areas most affected were lubrication and pain. Likewise, patients who underwent vaginoplasty had a significantly lower SF 36 score compared to the control group. The psychological component was the most affected of the different components of quality of life. Conclusion: Sexual function and quality of life after vaginoplasty in the context of Rokitansky syndrome remains unsatisfactory despite the anatomical result.",102,5,310-314
R008,no,EBSCOhost combined export,CINAHL Ultimate,"The impact of Mayer–Rokitansky–Küster–Hauser Syndrome on Psychology, Quality of Life, and Sexual Life of Patients: A Systematic Review.","Tsarna, Ermioni ; Eleftheriades, Anna ; Eleftheriades, Makarios ; Kalampokas, Emmanouil ; Liakopoulou, Maria-Konstantina ; Christopoulos, Panagiotis",2022,Children,10.3390/children9040484,,Journal Article,English,"Background: Mayer–Rokitansky–Küster–Hauser (MRKH) syndrome is a rare congenital syndrome characterized by uterovaginal agenesis. Most patients are diagnosed during adolescence, when body image and sexual identity are shaped. Our main objective was to investigate how MRKH syndrome affects psychology, quality of life (QoL), and the sexual life of patients compared with non-affected individuals. Methods: Original peer-reviewed research papers examining psychological outcomes, QoL, and sexual function of MRKH patients were searched in PubMed. Titles, abstracts, and full text from potentially eligible records were reviewed by two independent reviewers. Case reports and papers published not in English were excluded. Results: Our search identified 63 records, of which 20 were included: 10 examined psychological and psychosocial outcomes, 14 examined sexual function outcomes, and 6 examined QoL outcomes. Results may be affected by selection bias and confounding due to differences between MRKH patients and controls. Conclusions: MRKH could be associated with a higher prevalence of anxiety and depression symptoms and social insecurity compared with women of a similar age without the condition. MRKH could also be associated with greater pain and discomfort during sexual intercourse and limitations in arousal, lubrication, and orgasm. MRKH patients more commonly experience impairment of mental-health-related QoL, but physical-health-related QoL is not affected.",9,4,484
R009,no,EBSCOhost combined export,CINAHL Ultimate,Long-term Outcomes and Sexual Satisfaction of Vaginoplasty Using Peritoneal Graft in Mayer-Rokitansky-Küster-Hauser Syndrome.,"Hatami-pourdehno, Safura ; Bastani, Parvin ; Mallah, Fatemeh ; Pourmehr, Hanieh Salehi ; Hajebrahimi, Sakineh",2025,International Journal of Women's Health & Reproduction Sciences,10.15296/ijwhr.2025.6060,,Journal Article,English,"Objectives: This study aimed to evaluate the outcomes of vaginoplasty using a peritoneal graft in terms of anatomy, sexual function, and satisfaction for patients with Mayer-Rokitansky-Küster-Hauser syndrome (MRKH) syndrome. Materials and Methods: A retrospective analysis was conducted on 26 patients with complete vaginal agenesis from February 2012 to March 2022. Parameters such as neovaginal dimensions, granulation tissue, and stenosis were monitored during follow-up appointments. The primary outcome assessed was achieving both anatomical and functional success. The Female Sexual Function Index (FSFI) was used to evaluate sexual function, with a comparison made to 49 healthy women who completed the FSFI to gauge sexual function. Results: The average neovaginal length was 7.76 ± 1.55 cm, with a width equivalent to two fingers. While women with neovaginal lengths = 6 cm had higher mean FSFI scores (23.78 ± 3.65) than those with lengths <6 cm (19.15 ± 7.00), this difference was not statistically significant (P = 0.117). We could not find any difference in FSFI domain scores after vaginoplasty according to the neovaginal lengths (P > 0.05). However, in MRKH syndrome patients, the ""arousal"" (P = 0.040) and ""lubrication"" scores were higher than those of the control group (P = 0.004). The full FSFI score was also significantly higher in the MRKH group compared to controls (P = 0.023). Conclusions: Vaginoplasty utilizing a peritoneal graft shows promise as a surgical treatment for vaginal agenesis in individuals with MRKH syndrome, though larger studies are needed to confirm its long-term efficacy and safety.",13,4,189-194
R010,no,EBSCOhost combined export,CINAHL Ultimate,Illness experience and (unmet) needs of women with Mayer-Rokitansky-Küster-Hauser Syndrome (MRKH): a qualitative analysis of an online forum.,"Di Mattei, Valentina Elisabetta ; Taranto, Paola ; Perego, Gaia ; Caneva, Margherita ; Parma, Marta ; Fontana, Eleonora ; Candiani, Massimo ; Montali, Lorenzo",2026,Psychology & Health,10.1080/08870446.2024.2390647,,Journal Article,English,"Objective: Mayer-Rokitansky-Küster-Hauser syndrome (MRKH) is a congenital condition characterized by the underdevelopment or complete absence of the uterus and the upper part of the vagina. Diagnosis is commonly made during adolescence, a sensitive period for psychophysical development, following the absence of menstruation. Having MRKH syndrome can have a profound and multifaceted psychosocial impact that characterizes these women's subjective experiences, although it continues to be qualitatively understudied. This article explores the lived experience of women with MRKH spontaneously recounted on an online support forum. The aim was to gain insight into the features of the syndrome experience to understand deeply the emotional and social impact of the condition and the individual needs expressed online. Methods: Using a naturalistic observation stance, data was collected from an online support forum for MRKH women and systematically analyzed using thematic analysis. Results: Four main interconnected themes are identified: the impact of being diagnosed with MRKH, the difficult interaction with the medical environment, challenging social relationships, and the unmet needs of MRKH women. Conclusion: A multidisciplinary and person-centered approach that provides effective and sensitive management of the condition and its psychosocial implications, is essential. Recommendations for future research and practical clinical implications for healthcare professionals are proposed.",41,1,53-75
R011,no,EBSCOhost combined export,CINAHL Ultimate,"""I felt like a woman"": A phenomenological qualitative study of disease-related experiences in Mayer-Rokitansky-Küster-Hauser syndrome (MRKH syndrome).","Güner, Perihan ; Ulukaya, Tuğba ; Pehlivan Sarıbudak, Tuğba",2025,Journal of Health Psychology,10.1177/13591053241305941,,Journal Article,English,"This study aimed to examine the psychosocial problems and their effects experienced by individuals diagnosed with Mayer-Rokitansky-Küster-Hauser syndrome (MRKH syndrome) who had undergone surgical operations. Ten patients who had undergone a McIndoe operation after a MRKH syndrome diagnosis were recruited with a convenience sample. Data collection was conducted at the Department of Obstetrics and Gynecology of a university hospital in Türkiye. This study produced four main themes: (1) Emotional Turmoil Upon Diagnosis, (2) Challenges to Sexual Identity and Intimate Relationships, (3) The Profound Impact of Infertility, and (4) Navigating the Complexities of Surgical Treatment. This study revealed that MRKH syndrome individuals experienced psychological reactions such as shock, resentment, anger, and sadness throughout their journey with the disease, including both before and after undergoing surgical operations. The study sheds light on the psychological needs of individuals (particularly during the initial diagnosis and postoperative period), offering important implications for nurses caring for such individuals.",30,11,3137-3152
R012,no,EBSCOhost combined export,CINAHL Ultimate,Sexual function and quality of life after the creation of a neovagina in women with Mayer-Rokitansky-Küster-Hauser syndrome: comparison of vaginal dilation and surgical procedures.,"Kang, Jia ; Chen, Na ; Song, Shuang ; Zhang, Ye ; Ma, Congcong ; Ma, Yidi ; Zhu, Lan",2020,Fertility & Sterility,10.1016/j.fertnstert.2020.01.017,,Journal Article,English,"<b>Objective: </b>To compare sexual function and outcomes of quality of life of patients with Mayer-Rokitansky-Küster-Hauser (MRKH) syndrome after vaginal dilation and surgical procedures.<b>Study Design: </b>Cross-sectional study from January 2019 to June 2019.<b>Setting: </b>Tertiary teaching hospital.<b>Patient(s): </b>Women with MRKH syndrome treated with vaginal dilation (n = 88) or surgical procedures (n = 45).<b>Intervention: </b>WeChat-based questionnaires were distributed to every group member in our MRKH support group.<b>Main Outcome Measure(s): </b>Sexual functional were assessed by means of the Female Sexual Function Index (FSFI). Outcomes of quality of life were assessed by means of the 12-item World Health Organization Disability Assessment Schedule 2 (WHODAS2). Vaginal length was defined as the maximum depth of the placement of the vaginal mold.<b>Result(s): </b>The FSFI scores were similar between the dilation (24.49 ± 4.51) and surgery (23.79 ± 3.57) groups. Except for the higher orgasm score in the dilation group (9.96 ± 3.60 vs. 8.20 ± 2.67), the other dimensions of the FSFI were not significantly different between the groups. No significant differences were found in the WHODAS2 scores between the dilation group (median 8.33 [interquartile range 4.17-15.62]) and the surgery group (6.25 [2.08-14.58]). However, the vaginal length was significantly shorter in the dilation group (6.5 ± 2.04 cm) than in the surgery group (8.1 ± 1.59 cm).<b>Conclusion(s): </b>Although the vaginal length was shorter in the dilation therapy group than in the surgical therapy group, sexual function and quality of life were similar between these two groups. Vaginal dilation should be proposed as the first-line therapy for MRKH patients.",113,5,1024-1031
R013,no,EBSCOhost combined export,CINAHL Ultimate,"Issues of identity, perceptions and isolation: An interpretative phenomenological analysis of women's experience of Mayer-Rokitansky-Küster-Hauser (MRKH) syndrome.","Gilfillan, Rebecca ; Carter, Pelham",2024,Journal of Health Psychology,10.1177/13591053231199253,,Journal Article,English,"The objective of this study was to explore the personal experience of women with MRKH, a rare condition characterised by congenital abnormalities of the genital tract. There are very few qualitative studies into the lived experiences of women with MRKH. Interviews were conducted with 13 women with MRKH and analysed using interpretative phenomenological analysis. Four superordinate themes are discovered: maintaining a viable female identity; acceptance and coping; normality, secrecy and shame and the isolating impact of a lack of knowledge amongst the medical profession. This study also suggests that societal ideals of a 'normal woman' are influencing how MRKH impacts on the self-experienced psychological health. It is suggested that the psychological wellbeing of women with MRKH could be improved with continued multidisciplinary support beyond the initial diagnosis and alongside any vaginal correction.",29,3,200-212
R014,no,EBSCOhost combined export,CINAHL Ultimate,A life course perspective on Mayer-Rokitansky-Küster-Hauser syndrome: women's experiences and negotiations of living with an underdeveloped uterus and vagina.,"Jensen, Amalie Hahn ; Herlin, Morten Krogh ; Vogel, Ida ; Lou, Stina",2024,Disability & Rehabilitation,10.1080/09638288.2023.2191014,,Journal Article,English,"Mayer-Rokitansky-Küster-Hauser (MRKH) syndrome is characterized by the absence or underdevelopment of the uterus and upper part of the vagina. It is usually diagnosed during adolescence, and the present study investigates how women experience and negotiate to live with MRKH syndrome long-term. From January to March 2021, eighteen Danish women with MRKH syndrome participated in semi-structured interviews via video conference. The mean time since diagnosis was 11.5 years. A thematic analysis using the life course framework as a theoretical approach was applied. The analysis identified the diagnosis as a turning point, that dramatically altered the women's imagined futures. Not conforming to dominant social norms regarding sexuality and pregnancy meant that the women continuously managed and negotiated the meaning and impact of MRKH syndrome in relation to the five principles of the life course perspective: (1) Lifelong development, (2) Timing, (3) Human agency, (4) Linked lives, and (5) Historical time and place. Using the life course framework contributed to a holistic understanding of life with MRKH syndrome by showing how the meaning and consequences of the congenital condition changed over time and in adaptation to gendered and age-related social norms and expectations. The perceived meaning and impact of living with Mayer-Rokitansky-Küster-Hauser syndrome change over time, and women's information and support needs thus change accordingly Sensitive, clinical communication is essential when discussing treatment options Online communities may provide support and reduce feelings of loneliness",46,6,1130-1140
R015,no,EBSCOhost combined export,CINAHL Ultimate,Urogynecological and Sexual Functions after Vecchietti Reconstructive Surgery.,"Adamiak-Godlewska, Aneta ; Skorupska, Katarzyna ; Rechberger, Tomasz ; Romanek-Piva, Katarzyna ; Miotła, Paweł",2019,BioMed Research International,10.1155/2019/2360185,,Journal Article,English,"Hypothesis/Aims of Study. Mayer–Rokitansky–Küster–Hauser (MRKH) syndrome is the second most common cause of primary amenorrhea. The ESHRE/ESGE categorizes this disorder within the class 5 uterine malformation of the female genital tract anomalies. It is characterized by congenital absence of the uterus, cervix, and upper part of the vagina in otherwise phenotypically normal 46XX females. These patients have normal ovaries, biphasic ovarian cycle, and female psychosexual identification. Laparoscopic Vecchietti's operation—surgical method in which the vagina increases in size by gradually applying traction to the vaginal vault—is one of the methods used to treat MRKH. The aim of this study was to establish the urogynecological and sexual functions after Vecchietti's operation. Study Design, Materials and Methods. Fifteen patients with MRKHS who underwent laparoscopic Vecchietti's operation were included. A control group of 15 age-matched, childless, sexually active women were examined during the same period. All patients underwent the basic evaluation of anatomical outcomes. Sexual outcomes were established by the Polish validated Female Sexual Function Index (FSFI) questionnaire. Continence status was assessed by Polish validated Urinary Distress Inventory (UDI-6) and the Incontinence Impact Questionnaire (IIQ-7). Results. Mean age of MRKH group was 22.06±5.13 yrs. Mean follow-up after surgery was 8.02±3.43 yrs. Mean age of women from control group was 22.4±4.35. Mean FSFI scores show good quality of sexual life in both groups. UDI-6 scores showed that patients after Vecchietti surgery have urogynecological problems significantly more often than healthy women do. Based on the IIQ-7, it is evident that one patient from the MRKH group (6,6%) suffers from stress urinary incontinence and the rest (20%) have rather irritative problems with the functioning of the lower urinary tract. Conclusion. Quality of sexual life after the Vecchietti's operation in long-term follow-up does not differ from that of healthy women, but these patients suffer more frequent from urogynecological complaints. The trial is registered with NCT03809819.",,,1-4
R016,no,EBSCOhost combined export,CINAHL Ultimate,Psychological impact and health-related quality-of-life outcomes of Mayer–Rokitansky–Küster–Hauser syndrome: A systematic review and narrative synthesis.,"Facchin, Federica ; Francini, Federica ; Ravani, Silvia ; Restelli, Elisa ; Gramegna, Maria Giada ; Vercellini, Paolo ; Aimi, Giorgio",2021,Journal of Health Psychology,10.1177/1359105319901308,,Journal Article,English,"Mayer–Rokitansky–Küster–Hauser syndrome causes absence or underdevelopment of uterus and vagina, but women's subjective experience remains understudied. This systematic review was conducted to examine the psychological and health-related quality-of-life outcomes of Mayer–Rokitansky–Küster–Hauser syndrome. In total, 22 articles identified through electronic search matched the inclusion criteria and were included in our review. Mayer–Rokitansky–Küster–Hauser syndrome may be associated with psychological symptoms and impaired quality of life, but especially with poor sexual esteem and genital image. Women may experience difficulties managing intimacy and disclosing to partners. Mothers may be perceived as overinvolved, with consequent negative emotions in women with the disease.",26,1,26-39
R017,no,EBSCOhost combined export,MEDLINE Ultimate,Understanding the impact of Mayer-Rokitansky-Küster-Hauser syndrome on sexual wellbeing-a qualitative study.,"Rajesh, Zwetlana ; Marshall, Nisha ; Hunker, Kate E ; Merletti, Jessica ; Garas, Melody ; Morton, Ashley ; Ball, Sunni Anne ; Gibson, M E Sophie ; Pukall, Caroline F",2026,The journal of sexual medicine,10.1093/jsxmed/qdaf309,,Journal Article,eng,"Background: Mayer-Rokitansky-Küster-Hauser syndrome (MRKH) is characterized by the absence or underdevelopment of the uterus, cervix, and/or upper vagina. Individuals with MRKH often experience significant psychosexual impacts, including reduced self-esteem and sexual wellbeing. Yet, little is known about their lived experiences of sexual wellbeing. Aim: To explore sexual wellbeing among individuals with MRKH. Methods: Participants (n = 12) were recruited through MRKH Canada and partook in semi-structured interviews centered on their experiences of navigating sexuality. Transcripts were subjected to a thematic analysis by a team of five coders. Themes and subthemes were synthesized and organized according to an inductively developed coding scheme. Outcomes: Themes and subthemes exploring sexual wellbeing of individuals with MRKH. Results: Three themes captured the experiences of sexual wellbeing in individuals with MRKH. Navigating Sexual Norms touches on the influential role of knowledge and confidence in one's sexual life, the process of resisting norms for partnered sex, and coping with stigma and objectification. Navigating Sexual Relationships addresses evolving partner preferences, sexual communication, and how participants reconcile relationship insecurity. Navigating Genital Self-Image delves into the intricacies of struggles with genital image, coping strategies for genital insecurity, and how medical interventions impact genital image. Clinical Implications: Healthcare providers should address both medical and psychosocial aspects of sexual wellbeing in MRKH. Counseling should include communication strategies, sexual script flexibility, fertility-related concerns, and clear discussion of medical interventions and their impact on sexual wellbeing. Ultimately, comprehensive, ongoing support from both sexual partners and clinicians is essential as individuals with MRKH navigate their sexual lives. Strengths and Limitations: This study provides insights into the multifaceted experiences of sexual wellbeing in individuals with MRKH. The study is limited by a small sample size, which may not fully capture diverse experiences. Conclusion: Individuals with MRKH experience unique sexual challenges and demonstrate adaptation and resilience in the way that they navigate sexual norms, sexual relationships, and genital self-image.",23,1,
R018,no,EBSCOhost combined export,CINAHL Ultimate,A Case of Chromosome 17q12 Deletion Syndrome with Type 2 Mayer–Rokitansky–Küster–Hauser Syndrome and Maturity-Onset Diabetes of the Young Type 5.,"Lee, Rosie ; Choi, Jung Eun ; Mun, Eunji ; Kim, Kyung hee ; Choi, Sun Ah ; Kim, Hae Soon",2024,Children,10.3390/children11040404,,Journal Article,English,"Chromosome 17q12 deletion syndrome (OMIM #614527) is a rare genetic disorder associated with a heterozygous 1.4–1.5 Mb deletion at chromosome 17q12, leading to a spectrum of clinical manifestations, including kidney abnormalities, neurodevelopmental delay, maturity-onset diabetes of the young type 5 (MODY5), and Mayer–Rokitansky–Küster–Hauser (MRKH) syndrome. We present the case of a 14-year-old Korean female diagnosed with chromosome 17q12 deletion syndrome, confirmed by chromosomal microarray analysis. The patient exhibited MODY5 with pancreatic agenesis, MRKH syndrome, dysmorphic facial features, developmental delay, kidney rotation anomaly, portal vein thrombosis with liver hypoplasia, short stature, and scoliosis. Management involved the initiation of multiple daily insulin injections for diabetes control, gynecological evaluation for MRKH syndrome, and multidisciplinary care for associated complications. This case highlights the complexity and varied organ involvement in chromosome 17q12 deletion syndrome. A comprehensive and multidisciplinary approach is crucial for the management of affected individuals, including regular monitoring, tailored interventions across various medical specialties, and providing psychosocial support.",11,4,404
R019,no,EBSCOhost combined export,Women's Studies International,Living with permanent infertility: A German study on attitudes toward motherhood in individuals with Complete Androgen Insensitivity Syndrome (CAIS) and Mayer-Rokitansky-Küster-Hauser Syndrome (MRKHS).,"Fliegner, Maike ; Richter-Appelt, Hertha ; Krupp, Kerstin ; Brucker, Sara Y ; Rall, Katharina ; Brunner, Franziska",2018,Health Care for Women International,10.1080/07399332.2018.1490739,,Article,eng,"In this study the authors examined the issue of permanent infertility in two diagnoses of the diverse sex developments (DSD) spectrum: Complete Androgen Insensitivity Syndrome (CAIS) and Mayer-Rokitansky-KÏster-Hauser Syndrome (MRKHS). The participants with CAIS (n = 12) was older, showed a lower wish for a child and was less distressed about their infertility compared to participants with MRKHS (n = 49). Our data indicated an ""indifferent"" attitude toward motherhood in CAIS and an ""ambivalent"" attitude in MRKHS. Depression was frequent in both. Infertility is a source of distress. However, the two groups seem to cope in different ways. Comprehensive medical information and psychological support should be provided.",39,11,1295-1315
R020,no,EBSCOhost combined export,MEDLINE Ultimate,Psychological evaluation of candidates for the uterus transplantation French trial.,"Karpel, Léa ; Nicaise, Margaux ; Carbonnel, Marie ; Le Marchand, Mathilde ; Racowsky, Catherine ; Pirtea, Paul ; Ayoubi, Jean-Marc",2025,Acta obstetricia et gynecologica Scandinavica,10.1111/aogs.15004,,Journal Article,eng,"Introduction: Since 2017, women with absolute uterine infertility due to Mayer-Rokitansky-Küster-Hauser (MRKH) syndrome have been eligible to participate in a uterine transplantation clinical trial conducted by Foch Hospital in France. The aim of this study is to assess the psychological state of potential candidates, including recipients, their partners, and their living-related donors. Material and Methods: Sixteen potential uterus transplant candidates, including recipients, partners, and living-related donors, participated in the study. The psychological evaluation of these candidates was conducted using three validated questionnaires: the Dyadic Adjustment Scale (DAS-16), the Hospital Anxiety and Depression Scale (HADS), and the Fertility Quality of Life (FertiQoL) questionnaire. Results: No depression symptoms were observed in any participant according to the HADS. Most recipients did not exhibit signs of anxiety; however, three partners and three donors reported moderate to high anxiety levels. A positive correlation was found between the recipient's psychological distress related to infertility (FertiQoL) and the anxiety scores of their donors. The emotional aspect of infertility was identified as the most distressing factor for the recipients. Conclusions: While the overall psychological state of the participants was generally good, anxiety was notably present among donors and partners. Therefore, providing psychological support throughout the uterine transplantation process is essential for not only the recipients but also their partners and donors.",104,3,522-527
R021,no,EBSCOhost combined export,MEDLINE Ultimate,"Long Term Findings Concerning the Mental and Physical Condition, Quality of Life and Sexuality after Laparoscopically Assisted Creation of a Neovagina (Modified Vecchietti Technique) in Young MRKHS (Mayer-Rokitansky-Küster-Hauser-Syndrome) Patients.","Rall, Katharina ; Schenk, Bernadette ; Schäffeler, Norbert ; Schöller, Dorit ; Kölle, Andrina ; Schönfisch, Birgitt ; Brucker, Sara Y",2021,Journal of clinical medicine,10.3390/jcm10061269,,Journal Article,eng,": The Mayer-Rokitansky-Küster-Hauser-syndrome (MRKHS) is characterized by a congenital uterine and vaginal aplasia. A large body of literature reports that a diagnosis of MRKHS has a variety of psychological effects on patients and doubts about female identity. The aim of the underlying study was to detect the patient-reported physical and mental health and sexual function before and after laparoscopically assisted creation of a neovagina. 160 women with MRKHS who underwent this type of surgery between September 2009 and December 2015 were invited to complete the questionnaires. Packages consisting of six questionnaires were handed out before surgery, six and 12 months after surgery. Data from 82 patients could be included in the study. Patients had a mean age of 19.9 years at inclusion in the study. We detected an impairment of the health-related mental quality of life. There was no higher risk for psychological disorders. MRKHS patients show similar self-acceptance and normal body image compared to the general population. The sexual function is limited before surgery and normalizes after surgery. Useful factors for coping with the disease are an interdisciplinary approach in diagnostics and treatment, psychosocial adaptation as well as a supportive social environment.",10,6,
R022,no,EBSCOhost combined export,CINAHL Ultimate,HIV infection in a woman with Mayer-Rokitansky-Küster-Hauser syndrome -- psychological and clinical implications: a case report and literature review.,"Saden, Gabrielle ; Jastrzębska, Aleksandra ; Knysz, Brygida ; Stępień, Monika",2023,HIV & AIDS Review. International Journal of HIV-Related Problems,10.5114/hivar.2023.131630,,Journal Article,English,"Introduction: Inflammation and injury within reproductive organs, including artificial vagina, can facilitate human immunodeficiency virus (HIV) transmission. However, HIV infection in a patient with Mayer-Rokitansky-Küster-Hauser (MRKH) syndrome has been rarely described. Both MRKH and HIV diagnoses are linked to psychological distress in patients. Case description: We report on a case of a 34-year-old HIV-infected woman with MRKH syndrome. The presented report is the second described case of HIV infection in a woman with MRKH syndrome, the previous one dating back to 1992. Entry of infection were squamous cells, covering the wall of artificial vagina. Acquired immunodeficiency syndrome (AIDS) diagnosis was delayed because symptoms, such as thrombocytopenia, subfebrile illness, cachexia, malaise, and persistent diarrhea were misdiagnosed by physicians. Conclusions: HIV infection is rarely described in women with MRKH syndrome; however, the procedure of artificial vagina can favor sexually transmitted diseases (STD) transmission, including HIV. In any case, a patient with unexplained symptoms or illnesses that may have any connection with HIV infection should be tested for HIV, even in the absence of risk factors. Moreover, these two diagnoses combined can be considered as huge psychological burden for the patient. Receiving information about incurable infertility due to MRKH during young adolescence might cause severe psychological complications. Despite many sources of HIV infection, ways of transmission, and risk factors, HIV patient still can face stigma associated with the infection. Psychological circumstances of HIV infection can include depressive symptoms, feeling of guilt, fear of consequences, and escape from reality.",22,3,269-273
R023,no,EBSCOhost combined export,MEDLINE Ultimate,"Long-term outcomes in non-CAH 46,XX DSD.","Grouthier, Virginie ; Bachelot, Anne",2024,Frontiers in endocrinology,10.3389/fendo.2024.1372887,,Journal Article ; Review,eng,": Differences/disorders of sex development (DSD) comprise a large group of rare congenital conditions. 46,XX DSD, excluding congenital adrenal hyperplasia (CAH), represent only a small number of these diseases. Due to the rarity of non-CAH 46,XX DSD, data on this sex chromosomal aberration were confined to case reports or case series with small numbers of patients. As the literature is still relatively sparse, medical data on the long-term effects of these pathologies remain scarce. In this review, we aim to provide an overview of current data on the long-term follow-up of patients with non-CAH 46,XX DSD, by covering the following topics: quality of life, gender identity, fertility and sexuality, global health, bone and cardiometabolic effects, cancer risk, and mortality. As non-CAH 46,XX DSD is a very rare condition, we have no accurate data on adult QoL assessment for these patients. Various factors may contribute to a legitimate questioning about their gender identity, which may differ from their sex assigned at birth. A significant proportion of gender dysphoria has been reported in various series of 46,XX DSD patients. However, it is difficult to give an accurate prevalence of gender dysphoria and gender reassignment in non-CAH 46,XX DSD because of the rarity of the data. Whatever the aetiology of non-CAH 46,XX DSD, fertility seems to be impaired. On the other hand, sexuality appears preserved in 46,XX men, whereas it is impaired in women with MRKH syndrome before treatment. Although there is still a paucity of data on general health, bone and cardiometabolic effects, and mortality, it would appear that the 46,XX DSD condition is less severely affected than other DSD conditions. Further structured and continued multi-center follow-up is needed to provide more information on the long-term outcome of this very rare non-CAH 46,XX DSD condition.",15,,1372887
R024,no,EBSCOhost combined export,CINAHL Ultimate,Vaginal agenesis in MRKH syndrome: integrating surgical technique with long-term psychosexual support.,"Gattani, Preeti ; Heda, Sakshi ; Parate, Smita ; Jahagirdar, Sameer",2025,BMJ Case Reports,10.1136/bcr-2025-268662,,Journal Article,English,"A woman in the early 30s presented with primary amenorrhoea and absence of vaginal canal, seeking surgical correction as she wished to get married. Further evaluation led to a diagnosis of MayerRokitansky-Küster-Hauser syndrome. She had normal ovarian function and well-developed secondary sexual characteristics. The absence of a functional vagina had caused significant emotional distress, including anxiety, low self-esteem, a sense of incompleteness and social stigma related to marriage. Following confirmation of the diagnosis, a multidisciplinary team successfully performed McIndoe vaginoplasty using a custom-made collapsible mould and a split-thickness skin graft, creating an 8 cm long neovagina. The patient recovered well, regained selfesteem, married and now enjoys a fulfilling personal life, underscoring the transformative impact of coordinated care in such rare congenital anomalies.",18,10,1-4
R025,no,EBSCOhost combined export,CINAHL Ultimate,Understanding sexual health concerns among adolescents and young adults with differences of sex development: a qualitative study.,"Merete Mediå, Line ; Sigurdardottir, Solrun ; Fauske, Lena ; Waehre, Anne",2023,International Journal of Qualitative Studies on Health & Well-Being,10.1080/17482631.2023.2204635,,Journal Article,English,"Purpose: Differences of sex development (DSD) are congenital conditions that involve variations in individuals' sex chromosomes, genes, external and/or internal genitalia, hormones, and/or secondary sex characteristics. This study sought to elucidate the experiences of adolescents and young adults living with DSD by focusing on their experiences of intimacy and sexual health. Methods: An interpretative phenomenological research design was adopted. Semi-structured qualitative interviews were conducted with 11 Norwegian adolescents and young adults aged 16--26 years who had five different DSD conditions. The interview findings were analysed by means of a reflexive thematic analysis. Results: The participants reported feeling different, both in terms of how their body functioned and how their body looked. Lack of knowledge increased this feeling of differentness. Moreover, lack of everyday language with which to talk about intimacy and sexual concerns resulted in the participants feeling stigma. Anticipating stigmatization and lacking everyday language complicated the participants' communication regarding their DSD and sexual health. Conclusions: The sexual experiences of adolescents and young adults with DSD are diverse. Fear of stigmatization and lack of everyday language complicate communication with healthcare professionals and others. Understanding their unique needs is crucial to helping individuals achieve good sexual health.",18,1,1-12
R026,no,EBSCOhost combined export,MEDLINE Ultimate,"Sexual, relational, and psychological functioning in male partners of women with reported Mayer-Rokitansky-Küster-Hauser syndrome-a case-control study.","Bleijenberg, F ; Weijenborg, P T M ; Kluivers, K B ; Both, S",2025,"Human reproduction (Oxford, England)",10.1093/humrep/deae288,,Journal Article,eng,"Study Question: Do sexual, relational, and psychological functioning of male partners of women with Mayer-Rokitansky-Küster-Hauser (MRKH) syndrome differ from male partners of women without MRKH syndrome? Summary Answer: Male partners of women with MRKH syndrome did not significantly differ in sexual functioning but reported higher relational satisfaction and less anxiety than the control group. What Is Known Already: To date, only a few studies have reported occasionally about sexual, psychological, and relational functioning of partners of women with MRKH syndrome. The results seem to suggest sexual satisfaction in these men, contrary to the more often reported insecurities in women with MRKH syndrome surrounding sexuality and relationships. Study Design, Size, Duration: In this case-control study, 42 male partners of women with MRKH syndrome and 40 partners of women without the condition were enrolled. Participants/materials, Setting, Methods: All participants were recruited through women with MRKH syndrome and age-matched women without the condition who participated in a previous case-control study on sexual, psychological, and relational functioning. Participants live in a heterosexual relationship for at least in the last 6 months and have a basic understanding of the Dutch language. They were administered a set of online questionnaires to assess sexual, relational, and psychological functioning. Main Results and the Role of Chance: Partners of women with MRKH syndrome did not differ significantly in overall sexual functioning and had similar percentages of sexual dysfunction and sexual distress as the control group. Partners of women with MRKH syndrome reported significantly less relational dissatisfaction (P = 0.01; Cohen's d = 0.6) than partners of women without the condition. There was no significant difference in overall psychological functioning or the presence of clinically relevant anxiety and depression, but the men in the MRKH group had a significantly lower anxiety score (P = 0.01; Cohen's d = 0.6). Limitations, Reasons for Caution: We were not able to reach a sample size needed for enough power to detect small to medium effect sizes. Confounding factors and selection bias cannot be excluded. Wider Implications of the Findings: The study offers new knowledge on a perspective that remains underexposed so far, which makes comparison to previous literature difficult. More research is needed to apply the results in clinical practice. Study Funding/competing Interest(s): This research was supported by the Dutch Scientific Society of Sexology (Nederlandse Wetenschappelijke Vereniging Voor Seksuologie). There was no involvement in the conduct of the research, and the funding was unrestricted. There are no conflicts of interest to declare. Trial Registration Number: N/A.",40,2,335-342
R027,no,EBSCOhost combined export,Women's Studies International,"Assessment of Sexual Functioning, Mental Health, and Life Goals in Women with Vaginal Agenesis.","Morgan, Elizabeth M. ; Quint, Elisabeth H.",2006,Archives of Sexual Behavior,10.1007/s10508-006-9054-2,,Article,eng,"The article focuses on a study of seven female patients with vaginal agenesis assessing their sexual functioning, self-esteem, mental health, and life goals. It states the patients reported upon diagnosis significant emotional reactions along with anxiety concerning the disorder and its role in their relationships. It commented that the patients showed positive coping methods by conceptualizing life goals.",35,5,607-618
R028,no,EBSCOhost combined export,MEDLINE Ultimate,Long-term outcomes for women after dilator therapy with or without surgery in the creation of a neovagina.,"Koh, Yi Ying ; Gerstl, Brigitte ; Sit, Andrea ; Heller-Boersma, Jacoline ; Koch, Jana ; Juan, Yi-Ping ; Deans, Rebecca",2025,The Australian & New Zealand journal of obstetrics & gynaecology,10.1111/ajo.13899,,Journal Article,eng,"Background: Vaginal aplasia or hypoplasia often requires the creation of a neovagina using vaginal dilation therapy, vaginoplasty surgery, or a combination of both. However, the absence of validated guidelines and the controversy surrounding vaginoplasty surgery have limited our understanding of the long-term outcomes and impact on quality of life and psychosexual functioning for women with a short or absent vagina. This study provides valuable insights into the Australian context, reflecting the treatment approaches and long-term psychosocial outcomes for this patient group. Aim: This study aimed to assess the long-term effects of vaginal dilation, with or without vaginoplasty surgery, on quality of life and psychosexual functioning in women diagnosed with a short or absent vagina. Materials and Methods: A mixed-methods design was employed, utilising validated psychometric tools and a semi-structured interview. The study included patients with disorders of sex development aged above 16 who underwent vaginal dilator therapy between 2012 and 2020, as well as healthy age-matched controls. The research was conducted at a single tertiary hospital in Sydney, NSW, Australia. Results: The questionnaire was completed by 30 participants, including 11 non-surgical cases, four surgical cases, and 15 controls. The mean age at inclusion was 30.8 ± 14.1 years. The non-surgical group exhibited significantly higher scores indicating a greater 'need for help' compared to the surgical group (30.0 ± 19.3 and 4.5 ± 9.0; P = 0.0121). No other statistically significant differences were observed between the two groups. Conclusion: Choice of treatment should consider various factors, including patient preference and responsiveness to treatment. These findings emphasise the importance of personalised care in the Australian context and highlight the need for further research, particularly with larger and more homogenous sample sizes, to enhance clinical decision-making in this population.",65,2,277-286
R029,no,EBSCOhost combined export,MEDLINE Ultimate,Addressing complicated vesicovaginal fistula post-intercourse in MRKH: the critical imperative for comprehensive sex education and awareness.,"Shubhankar, Gautam ; Mittal, Ankur ; Panwar, Vikas Kumar ; Singh, Deelip Kumar",2026,Sexual medicine,10.1093/sexmed/qfae076,,Journal Article,eng,"Introduction: Mayer-Rokitansky-Küster-Hauser (MRKH) syndrome, a rare congenital disorder, affects approximately 1 in 4500 to 5000 females, leading to the underdevelopment or absence of the uterus and upper vaginal segment. While the physical manifestations of MRKH are substantial, the associated psychological and social repercussions, exacerbated by societal norms, can be profound. Inadequate sex education further compounds the challenges faced by these women, particularly in postmarital contexts. This report highlights an unprecedented case of a young woman with MRKH type II who developed a complicated vesicovaginal fistula (VVF) following vaginal intercourse, underscoring the urgent need for enhanced sex education and awareness. Aims: This study aims to document and analyze a unique case of post-coital VVF in a patient with MRKH syndrome, illustrating the consequences of inadequate sex education. The broader objective is to advocate for comprehensive sexual and reproductive health education, particularly in regions with limited access, to prevent such complications and improve the quality of life for affected individuals. Methods: A detailed case study of a young woman in her early twenties with MRKH type II is presented. The patient experienced continuous urine leakage per vaginum following intercourse, which was preceded by dyspareunia and bleeding. A clinical examination revealed a large, complicated VVF involving the bladder neck and posterior bladder wall, coupled with a left ectopic kidney as confirmed by ultrasound. The patient received broadspectrum antibiotics, wound care, and extensive psychosocial counseling, with an emphasis on sex education for her and her family. A multidisciplinary approach was employed, planning delayed VVF repair and vaginoplasty. Results: The patient's wound gradually healed with conservative management, and her psychosocial outlook improved significantly following counseling and education. The family's understanding of MRKH and its implications was enhanced, reducing stigma and promoting a supportive environment. Surgical planning for reconstructive procedures was successfully initiated, with the patient showing positive engagement in her care. Conclusion: This case highlights the critical importance of comprehensive sex education for individuals with MRKH syndrome, particularly in underserved regions. The development of a complex VVF post-intercourse is a stark reminder of the preventable complications arising from inadequate knowledge and awareness. Enhanced educational initiatives are imperative to equip patients and families with the understanding needed to mitigate risks, reduce stigma, and improve the overall wellbeing of those affected by MRKH. This case underscores the need for an integrated approach combining education, psychological support, and medical care to optimize outcomes for patients with MRKH.",14,2,qfae076
R030,no,EBSCOhost combined export,MEDLINE Ultimate,Anxiety and depression in adolescents with polycystic ovary syndrome and Mayer-Rokitansky-Küster-Hauser syndrome.,"Laggari, Varvara ; Diareme, Stavroula ; Christogiorgos, Stylianos ; Deligeoroglou, Efthimios ; Christopoulos, Panagiotis ; Tsiantis, John ; Creatsas, George",2009,Journal of psychosomatic obstetrics and gynaecology,10.1080/01674820802546204,,Journal Article,eng,"Purpose: The purpose of this study was to assess self-reported depressive and anxiety symptoms in adolescents with polycystic ovary syndrome (PCOS) and those with the rare Mayer-Rokitansky-Kuster-Hauser Syndrome (MRKHS), compared with healthy adolescents. Material and Methods: The participants were 49 adolescent girls, of whom 27 were patients with confirmed menstrual disorder, 22 with PCOS and 5 with MRKHS; and 22 were healthy eumenorrheic adolescents (control group) matched by age and school grade. The Beck Depression Inventory (BDI) and the State-Trait Anxiety Inventory (STAI-Gr) were used to measure depression and anxiety, respectively. Results: The results showed that it was 1.08 times more likely for the PCOS group (p = 0.043) and 1.12 times more likely for the MRKHS group (p = 0.039) to have higher scores than healthy adolescents on the anxiety scale. The MRKHS group was 1.40 times more likely to have a higher number of depressive symptoms (p = 0.040) than the control group. Conclusions: These findings, although based on a small sample, suggest a relationship between PCOS and MRKHS and the presence of psychological problems, such as anxiety and depressive symptoms in adolescents. This study is among the first to examine psychological difficulties in adolescents with such a rare menstrual syndrome as MRKHS.",30,2,83-88
R031,no,EBSCOhost combined export,CINAHL Ultimate,Interpretación del síndrome de Mayer-Rokitansky-Küster-Hauser mediante revisión bibliográfica sistemática.,"Urbina Romo, Nancy Yolanda ; Serrano Escobar, Nicole Ahily ; Solís Sánchez, María Ilusión",2024,"Salud, Ciencia y Tecnología",10.56294/saludcyt2024930,,Journal Article,Spanish,,4,1,1-9
R032,no,EBSCOhost combined export,MEDLINE Ultimate,From Avoidance to Empowerment: Coping Strategies in Women With Müllerian agenesis (MRKH) After McIndoe Reconstruction: A Descriptive Phenomenological Study.,"Güner, Perihan ; Ulukaya, Tuğba",2026,Journal of pediatric and adolescent gynecology,10.1016/j.jpag.2025.10.013,,Journal Article,eng,"Study Objective: To explore coping strategies among women with Mayer-Rokitansky-Küster-Hauser (MRKH) syndrome following McIndoe vaginal reconstruction, focusing on how they adapt emotionally, cognitively, relationally, and spiritually. Methods: A descriptive phenomenological study was conducted at a tertiary university hospital in Türkiye. Ten women with MRKH syndrome who underwent McIndoe vaginoplasty were recruited. Data were collected through semi-structured, in-depth interviews and analyzed using Colaizzi's seven-step framework. Reporting adhered to the COREQ checklist. Results: Six overarching themes and twelve subthemes were identified:<sup>1</sup> managing silence and avoidance,<sup>2</sup> reframing and positive reappraisal,<sup>3</sup> spiritual coping,<sup>4</sup> relational dynamics of support and stigma,<sup>5</sup> disclosure dilemmas, and<sup>6</sup> pathways to empowerment. Coping strategies were dynamic, shifting from avoidance to eventual empowerment, and were shaped by family dynamics, cultural norms, spirituality, and relational contexts. Conclusion: Coping following McIndoe reconstruction extends beyond surgical success to encompass psychological adjustment, relational support, and the creation of cultural and spiritual meaning. Holistic interventions-including psychoeducation, culturally sensitive counselling, family- and couple-based approaches, and structured peer networks-may strengthen resilience and promote well-being in this population.",39,1,101-108
R033,no,EBSCOhost combined export,MEDLINE Ultimate,Davydov-Moore vaginoplasty in Mayer-Rokitansky-Küster-Hauser syndrome: sexual and surgical outcomes.,"Piróg, Magdalena ; Bednarczyk, Magdalena ; Barabasz, Katarzyna ; Kacalska-Janssen, Olga ; Jach, Robert",2025,Archives of gynecology and obstetrics,10.1007/s00404-024-07830-6,,Journal Article,eng,"Purpose: The aim of this study was to compare surgical and sexual outcomes after Davidov-Moore vaginoplasty in women with Mayer-Rokitansky-Küster-Hauser syndrome (MRKH). Methods: In the case-series study, we described seven women, at a median age of 22.6 ± and BMI 22.8 ± 2.3 kg/m<sup>2</sup>. We measured peri- and postsurgical parameters, including surgery-related neovaginal length and sexual initiation time. Sexual outcomes were measured using the Female Sexual Function Index (FSFI) before and 6 months after vaginoplasty. Results: All surgical procedures were performed successfully, with one minor perioperative bleeding. The mean time of vaginoplasty was 82.1 min and the mean duration of hospitalization was six days. After a 6-month follow-up, vaginal length was 8.1-times longer than before surgery (10 vs. 81 mm). The time from the surgery to the initiation of vaginal intercourse was between 17 to 22 weeks. The mean FSFI score indicated good results, with no women below 23 score, and was 4.3- times higher when compared with the pre-surgical one (6.7 vs 29.1). Contrary to the FSFI score before surgery, the post-surgical FSFI revealed higher scores in all six different domains: desire (2.5-times), arousal (4.1-times), lubrication (3.8-times), orgasm (3.4-times), satisfaction (3.3-times) and comfort (11-times). Conclusion: Laparoscopic Davydov-Moore vaginoplasty might be considered as a safe procedure with satisfactory anatomic and sexual outcomes. It should be considered as a treatment option for the creation of neovagina in women with MRKH.",312,1,119-124
R034,no,EBSCOhost combined export,CINAHL Ultimate,Treatment of the Mayer-Rokitansky-Küster-Hauser syndrome with autologous in vitro cultured vaginal tissue: descriptive study of long-term results and patient outcomes.,"Sabatucci, I ; Palaia, I ; Marchese, C ; Muzii, L ; Morte, C Della ; Giorgini, M ; Musella, A ; Ceccarelli, S ; Vescarelli, E ; Panici, PB ; Panici, P B",2019,BJOG: An International Journal of Obstetrics & Gynaecology,10.1111/1471-0528.15477,,Journal Article,English,"<b>Objective: </b>Evaluating sexual function and quality of life (QoL) in patients treated with a modified Abbé-McIndoe technique using in vitro cultured autologous vaginal mucosa.<b>Design: </b>Descriptive study.<b>Setting: </b>Policlinico Umberto I, Sapienza University of Rome.<b>Population: </b>From 2006 to 2016, 39 women affected by Mayer-Rokitansky-Küster-Hauser syndrome (MRKHS) underwent vaginoplasty at our centre using a modified Abbé-McIndoe technique with in vitro cultured autologous vaginal tissue.<b>Methods: </b>For each patient, vaginal tissue was obtained by full-thickness biopsy of the vaginal vestibule. Following enzymatic dissociation, cells were cultured for 2-3 weeks before the transplant.<b>Main Outcome Measures: </b>Each patient completed two validated questionnaires to quantify sexual function and QoL: the Female Sexual Function Index (FSFI), administered at 12, 36, and 60 months, and the Psychological General Well Being Index (PGWBI) administered at 0, 6, and 36 months after surgery.<b>Results: </b>Twelve months after surgery, 29 patients were engaging in regular sexual activity. The FSFI test results showed a satisfactory sexual function compared to the general population, with median values of 25.85 (range 4.6-30.5) at 12 months, 27.2 (range 4.4-33.6) at 36 months, and 29.6 (range 23.9-33.6) at 60 months. The PGWBI questionnaire showed a median score of 420.5 (range 108-540) before surgery, and 459 (range 252-533) at the 60-month follow-up.<b>Conclusions: </b>Vaginoplasty performed with the use of autologous vaginal tissue, besides ensuring a long-term satisfying sex life, helps in achieving an improvement in QoL that is maintained over time.<b>Tweetable Abstract: </b>Vaginoplasty using in vitro vaginal tissue ensures a satisfactory sexual function and improves quality of life.",126,1,123-127
R035,no,EBSCOhost combined export,MEDLINE Ultimate,Laparoscopic Sigmoid Vaginoplasty for the Treatment of Mayer-Rokitansky-Kuster-Hauser Syndrome in a Single Center: 20 years' Experience.,"Yang, Lu ; Xu, Guanghua ; Tao, Kaixiong ; Lv, Gang ; Wang, Zehua",2024,International urogynecology journal,10.1007/s00192-024-05829-w,,Journal Article,eng,"Introduction and Hypothesis: We investigate the feasibility, safety, and clinical therapeutic effect of laparoscopic sigmoid vaginoplasty in women with Mayer-Rokitansky-Kuster-Hauser (MRKH) syndrome. Methods: We performed a retrospective case review cohort study of 56 patients with MRKHs undergoing laparoscopic sigmoid vaginoplasty in Wuhan Union Hospital between 2000 and 2020, and all patients were followed up. Results: The median operating time was 165 min (120-420 min). The median hospital stay was 10 days (rang 7-15 days). A functional neovagina was created 11-15 cm in length and two fingers in breadth in all patients. No introitus stenosis was observed. No intra- or post-operative complications occurred. Two patients were lost to follow-up after 3 months of outpatient visits. Six patients had no intercourse and were required to wear a vaginal mold occasionally. None of the patients had complained of local irritation or dyspareunia. Patients who had post-surgery sexual intercourse were satisfied with their sexual life and the mean total Female Sexual Function Index (FSFI) score was 25.17 ± 0.63. The cosmetic results were excellent. Conclusions: The laparoscopic sigmoid vaginoplasty can achieve the goal of making a functional neovagina. The main advantage of this surgical technique is that it is minimally invasive and that there are fewer complications post-operation. It is an acceptable procedure for patients with MRKH syndrome.",35,7,1503-1510
R036,no,EBSCOhost combined export,MEDLINE Ultimate,MAYER-ROKITANSKY-KUSTER-HAUSER SYNDROME. LAPAROSCOPIC SIGMOID VAGINOPLASTY FOR THE TREATMENT OF VAGINAL AGENESIS - SINGLE CENTER EXPERIENCE IN GEORGIA. CASE REPORT.,"Elgandashvili, D ; Kalantarov, Al ; Gugeshashvili, T",2024,Georgian medical news,,,Journal Article ; Case Reports,eng,"Introduction and Hypothesis: Sigmoid vaginoplasty is a safe and acceptable procedure for vaginal agenesis with good cosmetic results and acceptable complications rate. Sigmoid colon vaginoplasty is the treatment of choice because of its large lumen, thick walls resistant to trauma, adequate secretion allowing lubrication, not necessitating prolonged dilatation, and short recovery time. We investigate the feasibility, safety, and clinical therapeutic effect of laparoscopic sigmoid vaginoplasty in women with Mayer-Rokitansky-Kuster-Hauser (MRKH) syndrome. Intestinal vaginoplasty has several advantageous features, such as scarless surgery, low incidence of contraction of the reconstructed vagina, maintenance of vaginal depth, spontaneous mucus production, and a low rate of complications. Therefore, this technique is becoming popular in many countries. Following the global trend, the demand for intestinal vaginoplasty for girls suffer from vaginal atresia and transsexuals is also increasing in Georgia. However, there are few reports on intestinal vaginoplasty in Tbilisi. In this article, we examined the safety and effectiveness of rectosigmoid colon vaginoplasty in the population. To avoid vaginal, prolapse, it is important to decide the length of the rectosigmoid segment so that a pull on it does not cause it to become lax, while excessive stress on the feeder vessels is avoided. Methods: In September 2023, With the participation of plastic surgeons, laparoscopic treatment of total vaginal aplasia was performed on women aged 23 years, with normal female karyotype and typical secondary sex characteristics. diagnosed with MRKHs because of primary amenorrhea. The diagnosis, which has an estimated prevalence of 1 in 5000 live female births, is frequently made during adolescence after tests for primary amenorrhea Results: Operation was performed under general anaesthesia. The patient was placed in the fog leg position to permit access to the perineum. The operating time was 165 min. The hospital stay was 7 days. A functional neovagina was created 11-15 cm in length and two fingers in breadth in our patient. No introitus stenosis was observed. No intra- or post-operative complications occurred. None had complained of local irritation or dyspareunia. Patient had post-surgery sexual intercourse was satisfied with her sexual life and the mean total Female Sexual Function Index (FSFI) score was 25.17±0.63. The cosmetic result was excellent. Conclusions: The laparoscopic sigmoid vaginoplasty can achieve the goal of making a functional neovagina. The main advantage of this surgical technique is that it is minimally invasive and that there are fewer complications of post-operation. It is an acceptable procedure for patients with MRKH syndrome.",,354,129-138
R037,no,EBSCOhost combined export,MEDLINE Ultimate,Anatomical and Functional Evaluation of Modified Abbe-McIndoe Vaginoplasty at a Tertiary Care Hospital.,"Sinha, A ; Amrita ; Sinha, M ; Biswas, P",2024,Nigerian journal of clinical practice,10.4103/njcp.njcp_874_23,,Journal Article,eng,"Background: Mayer-Rokitansky-Kuster-Hauser (MRKH) Syndrome, the second important cause of primary amenorrhea, is characterized by complete mullerian agenesis in the presence of normal karyotype and normal functioning ovaries. Incidence is one in 4500 females. Treatment options include surgical and non-surgical methods. Surgical treatment by creating a neovagina between bladder and rectum is preferred as it gives immediate results. Aim: To evaluate the anatomical and functional outcomes of modified vaginoplasty procedures conducted in our institution. Methods: An ambispective cohort study was conducted in the Department of Obstetrics and Gynaecology, at a tertiary care hospital and included 10 cases of MRKH syndrome, who underwent surgical treatment in our department. Postoperative outcome was noted. Sexual function was evaluated using the Female Sexual Function Index (FSFI) score. Results: The mean duration of surgery was 40 minutes. The average blood loss during surgery in patients undergoing vaginoplasty was 60 ml. The mean length of the neovagina as measured 1 month after surgery was 7.9 cms. FSFI score was >30 in eight patients. Two patients were lost to follow-up. Conclusion: Modified McIndoe vaginoplasty is a simple, safe, and cost-effective procedure in the hands of experts. Only mature patients willing to follow the instructions and planning to get married soon should undergo this surgery.",27,5,643-646
R038,no,EBSCOhost combined export,MEDLINE Ultimate,Psychological intervention in women with Mayer-Rokitansky-Küster-Hauser syndrome after artificial vaginoplasty: a prospective study.,"Shao, Shuyi ; Wang, Xiao ; Lei, Xiaohong ; Hua, Keqin ; Zhang, Ying",2022,International urogynecology journal,10.1007/s00192-022-05075-y,,Journal Article,eng,"Introduction and Hypothesis: The negative psychological impact on women with Mayer-Rokitansky-Küster-Hauser (MRKH) syndrome is long-lasting, resulting from not only the disease itself, but also the cumbersome and painful treatment process. However, little is known about the postoperative psychological status of these patients and related interventions to improve mental health. Here, in our study, we postulated that mental disorders exist in MRKH patients with a surgical neovagina and that psychological intervention will be helpful. Methods: Thirty MRKH women who had undergone vaginoplasty were enrolled. All patients had received psychological interventions since February 2020. Depression and anxiety questionnaires prior to and 2 weeks after the final intervention were recorded. Results: Before intervention, among 30 MRKH patients after artificial vaginoplasty, the median depression score was 6.00 (25th/75th percentile, 0.00/7.00), and the median anxiety score was 4.00 (25th/75th percentile, 1.00/7.00). After intervention, women's depression (p < 0.001) and anxiety (p < 0.001) scores significantly decreased. The median depression score was 0.00 (25th/75th percentile, 0.00/3.00), and the median anxiety score was 1.00 (25th/75th percentile, 0.00/3.25). Furthermore, stratified analysis found that the depression (p = 0.029) and anxiety (p = 0.019) scores both improved when intervention was performed within 12 months postoperatively. Conclusions: MRKH patients are at a great risk of depression and anxiety problems after artificial vaginoplasty. Early psychological intervention can alleviate these symptoms. Ongoing psychological support was needed to eliminate emotional burden during MRKH treatment, and further study is sorely needed to identify its appropriate timing and method.",33,3,723-729
R039,no,EBSCOhost combined export,CINAHL Ultimate,METODA DAVYDOVA-MOORE'A W LECZENIU ZESPOŁU MAYERA-ROKITANSKY'EGO-KÜSTERA-HAUSERA. STUDIUM PRZYPADKU.,"Kot, Justyna Katarzyna ; Jach, Robert",2019,Polish Nursing / Pielegniarstwo Polskie,10.20883/pielpol.2019.14,,Journal Article,Polish,"Mayer-Rokitansky-Kuster-Hauser syndrome (MRKH) is a rare abnormality of female genitalia, including innate lack of the uterus and/or vagina. In one third of cases, MRKH syndrome is accompanied by other malformations, such as: defects of the urinary system, defects of the skeletal system and growth retardation. A characteristic feature of the MRKH syndrome is the lack of the possibility of vaginal intercourse, which undoubtedly affects the psychosocial sphere of women affected by this syndrome. Present medicine helps to improve the quality of life of patients with the diagnosed MRKH syndrome. The study presents a case of a young woman who has undergone therapeutic treatment aimed at creating the vagina.",71,1,97-99
R040,no,EBSCOhost combined export,MEDLINE Ultimate,Experiences of vaginal lengthening treatment and sexual well-being in women with Mayer-Rokitansky-Küster-Hauser (MRKH) syndrome: An interview study.,"Jensen, Amalie Hahn ; Herlin, Morten Krogh ; Trolle, Birgitta ; Vogel, Ida ; Lou, Stina",2024,BJOG : an international journal of obstetrics and gynaecology,10.1111/1471-0528.17916,,Journal Article,eng,"Objective: To explore how women with Mayer-Rokitansky-Küster-Hauser (MRKH) syndrome experience dilation or surgical vaginal lengthening treatment, and their current sexual well-being. Design: A qualitative interview study. Setting: Denmark. Population: Women aged ≥25 years diagnosed with MRKH syndrome. Methods: Semi-structured video interviews were conducted with 18 women. Interviews lasted a median of 92 min and were digitally recorded, transcribed and anonymised. Data were analysed using thematic analysis. Main Outcome Measures: A qualitative analysis of women's experiences. Results: The analysis identified three themes. Firstly, Experiences with dilation treatment revealed dilation as an awkward routine, especially for adolescents living with parents and yet to sexually debut. While some experienced successful vaginal lengthening, others faced treatment failure leading to frustration and self-blame. Secondly, Experiences with neovaginal surgery described the procedure as extremely painful but resulting in a 'normal size' vagina. Some women felt that the procedure had negatively impacted their self-confidence, and all underscored the importance of maturity before opting for surgery. Lastly, Current sex life and sexual well-being indicated a well-functioning sex life for many women, but with reported low sexual confidence and genital self-image due to the perceived 'deviance' of their genitalia. Conclusions: For women with MRKH syndrome, vaginal lengthening treatment, whether through dilation or surgery, may result in a 'normal size' vagina. However, according to the women's experiences, vaginal lengthening treatment does not adequately foster positive sexual esteem and genital self-image.",131,13,1841-1850
R041,no,EBSCOhost combined export,MEDLINE Ultimate,A rare case of Mayer-Rokitansky-Küster-Hauser syndrome presenting with primary amenorrhea and chronic headaches: a case report.,"Shah, Abhishek Kumar ; Jha, Aashik ; Shah, Abhishek ; Shah, Abhisek ; Mandal, Sagar",2026,International journal of surgery case reports,10.1097/rc9.0000000000000050,,Case Reports ; Journal Article,eng,"Introduction: Primary amenorrhea is defined as the absence of menarche by age 13 without secondary sexual characteristics or by age 15 with them. Mayer-Rokitansky-Küster-Hauser (MRKH) syndrome is the second most common cause of primary amenorrhea after ovarian failure. This case highlights a 15-year-old female with MRKH syndrome type I presenting with chronic headaches. Case Presentation: A 15-year-old female presented with primary amenorrhea and chronic frontal headaches. She reported non-foul-smelling white per vaginal discharge but denied visual disturbances, limb weakness, or systemic symptoms. Examination revealed normal secondary sexual characteristics, a blind vaginal pouch (0.5 cm), and a low body mass index of 17. Pelvic ultrasonography and MRI confirmed uterine agenesis with normal ovaries and no renal anomalies, consistent with MRKH syndrome. Brain MRI and hormonal profiles were normal, suggesting her headaches were likely nutritional and dehydration related, which improved with dietary optimization. A multidisciplinary team performed McIndoe vaginoplasty using a split-thickness skin graft, successfully creating a 9-cm neovagina. On follow-up, the patient demonstrated good neovaginal patency, maintained regular self-dilatation, and reported improved psychological well-being. Discussion: MRKH syndrome is a congenital disorder characterized by the absence or underdevelopment of the uterus and upper vagina despite normal external genitalia and a 46,XX karyotype. It affects approximately 1 in 5000 females. Diagnosis is confirmed through imaging, with MRI being the most reliable modality. Although headaches are not commonly associated with MRKH, in this patient, they were likely due to undernutrition, dehydration, and psychological stress. Management of MRKH includes both nonsurgical (vaginal dilation) and surgical approaches. The McIndoe procedure, involving a skin graft to create a neovagina, has shown high success rates in improving sexual function and psychological well-being. Postoperative outcomes highlight the importance of a multidisciplinary approach. Conclusion: This case highlights a rare presentation of MRKH syndrome with primary amenorrhea and headache in a young adolescent. Although headaches may mislead diagnosis, imaging is vital for confirmation and exclusion of other causes. The patient improved following McIndoe vaginoplasty, emphasizing timely diagnosis, multidisciplinary care, and psychological support for optimal outcomes.",138,1,79-85
R042,no,EBSCOhost combined export,MEDLINE Ultimate,An Overview of Vaginoplasty Techniques: Spotlight on the Efficacy of the Horseshoe Labia Minora Flap.,"Begum, Rasheedha ; Philip, Manimegala ; Kandasamy, Mahadevan ; Shanmugam, Sridevi ; Muthachari, Sugumar",2025,Indian journal of plastic surgery : official publication of the Association of Plastic Surgeons of India,10.1055/s-0045-1809412,,Journal Article,eng,"Background: Mayer-Rokitansky-Küster-Hauser (MRKH) syndrome involves vaginal agenesis and variable uterine development, often accompanied by renal, skeletal, and auditory anomalies. The primary objective of treatment is to reconstruct a neovagina that closely resembles the natural anatomy, enabling normal sexual function. This study evaluates various vaginoplasty techniques performed at our institution and their outcomes. Materials and Methods: This retrospective study, conducted from January 2012 to January 2024, includes patients who underwent different types of vaginoplasty, including the McIndoe, Singapore flap, islanded pudendal flap, labia minora flap, and horseshoe modification of the labia minora flap. Procedures were chosen based on clinical examination. Outcomes were assessed using an institutional scoring system evaluating vaginal length, introitus diameter, neovaginal skin quality, and pain during intercourse. Results: Twenty patients of primary vaginal agenesis (aged 18-27) diagnosed clinically and confirmed with pelvic MRI underwent vaginoplasty by the same surgical team. One (14.28%) patient of the McIndoe procedure experienced graft contracture, which was released and regrafted, while another (14.28%) had partial graft loss managed conservatively. No significant complications occurred in the remaining patients. All used a postoperative vaginal mould for three months. The average follow-up period was 18 months, with neovaginal length ranging from 6 to 10 cm. Conclusion: The horseshoe modification of the labia minora flap offers a reliable, effective approach for vaginal reconstruction in cases of MRKH syndrome. This technique fulfils the basic tenets of plastic surgery, namely the restoration of form and function. The simplicity of the procedure and relatively short learning curve render it an attractive flap option even for the novice plastic surgeon.",58,6,454-462
R043,no,EBSCOhost combined export,MEDLINE Ultimate,Delayed presentation of Type I Mayer-Rokitansky-Küster-Hauser (MRKH) syndrome in a low-income setting: a case report.,"Parajuli, Abhigya ; Upadhyay, Deepak Raj ; Regmi, Prabin ; Koirala, Rupak Ranjan Prasad ; Poudel, Bipin ; Pandit, Chandika",2025,Annals of medicine and surgery (2012),10.1097/ms9.0000000000004472,,Case Reports ; Journal Article,eng,"Introduction and Importance: Mayer-Rokitansky-Küster-Hauser (MRKH) syndrome is a rare female congenital disorder characterized by uterovaginal aplasia with normal genotype, phenotype, and karyotype. Patients typically present with primary amenorrhea despite normal secondary sexual characteristics and external genitalia. Case Presentation: A 27-year-old, illiterate, newly married female, yet to attend menarche, presented with a complaint of painful penetrative intercourse. Physical examination showed well-developed secondary sexual characteristics. Pelvic examination disclosed a small, narrow, and blind ended vagina. Magnetic resonance imaging revealed the absence of the uterus, cervix, and normal anatomical contour of the renal system, which led to the diagnosis. Considering her low socioeconomic background and individual needs, she is currently receiving psychosocial counseling in addition to serial vaginal dilation as a first-line treatment. Clinical Discussion: MRKH syndrome is the second most common cause of primary amenorrhea because of Müllerian dysgenesis. Clinical presentation and laboratory results, corroborated with imaging findings, led to the diagnosis. Besides anatomical correction, psychosexual counseling plays a pivotal role in the success of the treatment. Functional vaginal creation is the standard of care. Conclusion: Our case exemplifies the delayed presentation of MRKH syndrome. The absence of menstruation being non-life-threatening is not perceived as a medical concern in low-income settings. Thus, no attention was paid by the family members to our patient's presenting complaints. Therefore, this case strongly reminds healthcare providers in similar settings to proactively investigate for primary amenorrhea, even in the absence of other complaints, to prevent such profound delays in presentation.",88,1,881-885
R044,no,EBSCOhost combined export,MEDLINE Ultimate,Feasibility of Nurse Practitioner Led Vaginal Dilation Therapy: A Retrospective Brief Report.,"Raffé-Devine, Jemimah ; Sachedina, Aalia ; Ollivier, Rachel ; Prodan-Bhalla, Natasha ; Todd, Nicole",2026,Journal of pediatric and adolescent gynecology,10.1016/j.jpag.2026.02.003,,Journal Article,eng,"Study Objective: to determine feasibility of nurse practitioner (NP) led vaginal dilator therapy as an alternative to pediatric gynecologist-led therapy and create an evidence-based model of care. Methods: This is a retrospective, brief report. Electronic medical records were searched using ICD codes for vaginal and uterine agenesis. Patients were included who had participated in vaginal dilator therapy led by a pediatric gynecologist or by an NP in the Access Clinic at BC Women's Hospital. The primary outcomes were patient satisfaction, change in vaginal length, and sexual function throughout treatment. We collected visit details, including number and timing of visits, prescribed dilation schedule. Results: Fourteen patients were included from 15 to 33 years of age. The most common diagnosis was MRKH (93%). 86% of patients were unsatisfied with their sexual activity and vaginal length before treatment. The mean starting vaginal length was 3.4 cm (range 2-5 cm) and the mean vaginal length at completion was 6.75 cm (range 3-10 cm), P < .001. The functional success rate was 85.7% overall, 80% for those followed by pediatric gynecology alone, and 89% for those followed primarily by NPs. Patients were followed for a mean of 15.6 months with a mean of 4.7 visits prior to discharge. Optimal spacing between visits was monthly, with a dilation schedule of one to two times per day for 10 minutes. Conclusion: NP led vaginal dilator therapy is a comparable alternative to pediatric gynecology-led therapy. This is a reasonable option to increase access to care for patients with vaginal agenesis.",,,
R045,no,EBSCOhost combined export,MEDLINE Ultimate,Sexuality after sigmoid vaginoplasty in patients with Mayer-Rokitansky-Küster-Hauser syndrome.,"Carrard, Caroline ; Chevret-Measson, Marie ; Lunel, Aude ; Raudrant, Daniel",2012,Fertility and sterility,10.1016/j.fertnstert.2011.12.015,,Journal Article,eng,"Objective: To investigate the functional and sexual outcome of sigmoid vaginoplasty in patients with Mayer-Rokitansky-Kuster-Hauser (MRKH) syndrome. Design: Prospective study. Setting: University hospital. Patient(s): Fifty-nine consecutive patients with MRKH syndrome. Intervention(s): Forty-eight patients underwent sigmoid vaginoplasty, and 11 were treated using the Frank method of dilatation. Main Outcome Measure(s): Functional results and sexuality were evaluated with the use of two standardized questionnaires: the Female Sexual Function Index (FSFI) and the revised Female Sexual Distress Scale (FSDS-R). Questions were added to analyze depression, body image perception, and desire of motherhood. Result(s): Out of the 68% of patients who answered the questionnaire, 73% had regular sexual intercourse. The mean total FSFI score was 28 ± 3.1 in the operated group and 30 ± 5.3 in the group treated with the Frank method. Their mean FSDS-R scores were 21 ± 12.1 and 18 ± 13.8, respectively. Conclusion(s): Sigmoid vaginoplasty is an effective technique providing a nearly normal sexual function to patients with vaginal aplasia. Despite this, psychologic distress related to sexuality persists in most patients, demonstrating the need for a multidisciplinary support.",97,3,691-696
R046,no,EBSCOhost combined export,MEDLINE Ultimate,Psychological impact of neovagina creation and uterus transplantation in the patients affected from Mayer-Rokitanski-Kuster-Hauser syndrome: A narrative review.,"Pecorino, Basilio ; Scibilia, Giuseppe ; Ferrara, Martina ; Veroux, Pierfrancesco ; Mereu, Liliana ; Serretti, Alessandro ; Scollo, Paolo",2024,"European journal of obstetrics, gynecology, and reproductive biology",10.1016/j.ejogrb.2024.09.041,,Journal Article ; Review,eng,": Mayer-Rokitanski-Kuster-Hauser (MRKH) syndrome consists of a congenital aplasia of the uterus and the upper part of the vagina. It is the most frequent congenital cause of absolute uterine factor infertility, determining psychological disorders due to infertility and reduced quality of sexual activity. Being the necessity of baseline and prolonged assessments, clinicians need evaluation parameters for the monitoring of patients to plan a suitable management strategy and for efficient support before and after interventions, such as neovagina and uterus transplantation. Research of the literature was performed in PubMed and SCOPUS by searching for the terms ""Mayer-Rokitanski-Kuster-Hauser"" AND ""psychological disorders""; from the 60 articles obtained, only 35 articles regarding neovagina creation and uterus transplantation were considered for the present manuscript. Based on the literature, management of MRKH syndrome by neovagina creation, either surgically or not, can restore a satisfactory sexual life and to reduce stress, signs of mental disorder and depression and improve sexual activity and quality of life. A psychological assessment of candidates to UT and of their partners is necessary. Recipients had low levels of anxiety compared to the normal population at baseline but a transiently lowered physical quality of life 1 year after surgery; elevated anxiety scores are associated with childlessness in the long-term evaluation. Further research is necessary to develop suitable evaluation protocols and adequate supportive services, to improve the outcomes of patients who undergo neovagina creation and uterus transplantation.",302,,356-361
R047,no,EBSCOhost combined export,MEDLINE Ultimate,The need to integrate mental health treatment into the care of Mayer-Rokitansky-Küster-Hauser.,"Davoudian, Teni ; Hills, Emily",2025,F&S reports,10.1016/j.xfre.2025.03.008,,Journal Article ; Review,eng,": This mini review examines the psychological burdens of Mayer-Rokitansky-Küster-Hauser (MRKH) and encourages collaborations between medical and mental health providers who treat this condition. The psychological comorbidities of MRKH emerge in adolescence and persist into adulthood. For several years, The American College of Obstetricians and Gynecologists and researchers in this field have called for the provision of psychological counseling for individuals with MRKH. However, referrals to qualified mental health professionals remain sparse leaving many to confront the emotional complexities of MRKH with little to no support.",6,2,116-119
R048,no,EBSCOhost combined export,MEDLINE Ultimate,[Development and validation of the Chinese version of modified body imgae scale in Chinese population].,"Gao, X X ; Zhu, L ; Yu, S J ; Xu, T",2018,Zhonghua fu chan ke za zhi,10.3760/cma.j.issn.0529-567x.2018.02.004,,Journal Article,chi,": <b>Objective:</b> To develop the Chinese version of modified body image scale (MBIS) questionnaires, and to validate them in Chinese population. <b>Methods:</b> The original English MBIS questionnaire was translated into Chinese, following the WHO cross-cultural adaptation of health-related quality of life measures. The reliability and validity of the Chinese version of MBIS questionnaires were evaluated in Chinese population, MRKH syndrome patients. <b>Results:</b> Totally 50 patients with MRKH syndrome completed the MBIS and short-form 12-item health survey (SF-12) questionnaires. The Cronbach's alpha of MBIS was 0.741, intraclass correlation coefficients were 0.472-0.815 (<i>P<</i>0.01). MBIS scores were positively correlated with SF-12 scores (Spearman correlation coefficient was-0.409, <i>P<</i>0.01) . Factor analysis showed that MBIS had one common factor. <b>Conclusion:</b> Chinese version of MBIS has high reliability and validity in Chinese population, therefore is suitable for clinic and research.",53,2,88-91
R049,no,EBSCOhost combined export,MEDLINE Ultimate,Living donor uterus transplant research project in Singapore: Progress of the first case.,"Tan, Hak Koon ; Kee, Terence Y S ; Tan, Bien Keem ; Dahm-Kähler, Pernilla ; Kvarnström, Niclas ; Nadarajah, Ravinchandran ; Chew, Khong Yik ; Tan, Ban Hock ; Ho, Tew Hong ; Tan, Lay Kok ; Tan, Yin Ru ; Thangaraju, Sobhana ; Wong, Loong Tat ; Lee, John S E ; Lim, Leslie E C ; Wong, Shing Lih ; Ng, Lay Guat ; Law, Yan Mee ; Lim, Crystal ; Jeyaraj, Prema Raj ; Poopalingam, Ruban ; Brännström, Mats",2025,Acta obstetricia et gynecologica Scandinavica,10.1111/aogs.15048,,Journal Article,eng,"Introduction: To report the progress of the human living uterus transplant research project in Singapore. Material and Methods: The uterus transplant research project began in 2012 with a collaboration between the Swedish and Singapore teams. Ethics approval was obtained from the SingHealth Centralised Institutional Review Board, the SingHealth Transplant and the Singapore General Hospital Biomedical Ethics Committee to perform 5 uterus transplant procedures in a collaborative multi-site research study at the Singapore General Hospital. Regulatory approval was obtained from the Ministry of Health, Singapore. A suitable recipient-donor pair was identified. The living donor was the perimenopausal mother-in-law of the recipient who had Mayer-Rokitansky-Kuster-Hauser syndrome. They underwent the requisite matching process as well as robust medical, psychiatric and psychosocial assessments. The recipient then underwent in vitro fertilization (IVF) treatment resulting in 6 frozen blastocysts. Preparations were made for the transplant surgery on 25 November 2023 in Singapore General Hospital, aided by the 3 Uterus transplant experts from the Swedish Team, for whom temporary registration was granted by the Singapore Medical Council. Results: This first uterus transplant procedure involved an operative time of 10 h and 30 min for the donor. The synchronized recipient surgery lasted 6 h and 20 min. Surgery was by midline laparotomy in both the living donor and recipient. The total warm ischemic time of the graft was 45 min, and the cold ischemic time was 1 h 45 min (total ischemic time 2 h 30 min). The patient's first menstruation occurred 38 days after the uterus transplant procedure. Cytomegalovirus infection was detected 6 weeks postoperatively for which she was aggressively treated. Serial cervical biopsies showed no rejection and Doppler ultrasound of the transplanted uterus showed good uterine blood flow. Conclusions: To date the Living Donor Uterus Transplant Research Project in Singapore has progressed with a uterus transplant surgery involving a living donor performed by a multidisciplinary team. The recipient had a menstrual period 38 days postoperatively. Further study of the outcomes from this procedure will inform the safety and efficacy of uterus transplant in the Singapore context.",104,3,548-558
R050,no,EBSCOhost combined export,MEDLINE Ultimate,Effectiveness of non-surgical interventions to improve health and well-being in women living with Mayer-Rokitansky-Kuster-Hauser syndrome: A systematic review.,"Baby, Anu ; Pallam, Manju C ; Hayter, Mark",2024,Journal of advanced nursing,10.1111/jan.15976,,Systematic Review ; Journal Article,eng,"Aim: The aim of this paper is to present the evidence on the effectiveness of non-surgical interventions to improve health and well-being in women living with Mayer-Rokitansky-Kuster-Hauser (MRKH) syndrome. Design: Systematic review guided by Preferred Reporting Items for Systematic Reviews checklist. Data Sources: The search was conducted between June and September 2022 across the following databases: CINAHL, EMBASE, Medline, PsycINFO and Cochrane. Trial registries (clinicaltrials. gov, World Health Organization International Clinical Trials Registry Platform (ICTRP), Cochrane Controlled Trials Register-CCTR), Google scholar, dissertations, conference proceedings and reference lists of included studies were also searched. Corresponding authors, formal and informal MRKH groups were contacted to obtain any significant studies or reviews. Review Methods: Eligible were only English-language empirical studies of any time period. The review followed narrative synthesis. Results: Twenty-three studies were identified that fit the inclusion criteria which included 1540 MRKH syndrome affected women. Four studies were on psychological interventions (n = 85) and 19 studies (vaginal dilation therapy n = 897, coital dilation n = 57) focused on non-surgical vaginal dilation as a measure to vaginal agenesis in MRKH syndrome. Conclusions: Clearly, vaginal dilation is a viable initial treatment option for women with MRKH syndrome. There is limited evidence that 'coital dilation' is an effective method of dilation for vaginal agenesis. The literature, however, supports the need for psychological intervention to improve health and well-being. Impact: Women with MRKH syndrome who require dilation can receive guidance and support from their healthcare providers, particularly sexual and reproductive health nurses, clinical nurse specialists and gynaecologists. From the point of diagnosis, clinical psychologists should be involved. As much as feasible, family and partner support can be encouraged. Patient or Public Contribution: No patient or public contribution.",80,6,2167-2201
R051,no,EBSCOhost combined export,MEDLINE Ultimate,Sexual and Psychosocial Functioning in Women with MRKHS after Neovaginoplasty According to Wharton-Sheares-George: A Case Control Study.,"Leithner, Katharina ; Naderer, Andrea ; Hartung, Dorothee ; Abrahamowicz, Clara ; Alexopoulos, Johanna ; Walch, Katharina ; Wenzl, René ; Hilger, Eva",2015,PloS one,10.1371/journal.pone.0124604,,Journal Article,eng,"Background: Mayer-Rokitansky-Küster-Hauser syndrome (MRKHS) has a major impact on a woman's psychological and sexual well-being. In most of the studies that addressed treatment techniques, postoperative sexual function was reported to be satisfactory; however, comparatively few studies have additionally provided an accurate analysis of psychosocial functions in MRKHS patients following different kinds of neovaginal treatment. This study is to evaluate sexual and psychosocial functioning after creation of a neovagina according to Wharton-Sheares-George in women with MRKHS. Methods: We performed a case-control-study using multiple measures to assess sexual and psychosocial functioning. Ten MRKHS patients and 20 controls of a University hospital and tertiary center for pediatric and adolescent gynecology were assessed. The follow-up assessment comprised 6 standardized questionnaires (Female Sexuality Function Index, FSFI; Patient Health Questionnaire, PHQ; Brief Symptom Inventory, BSI; World Health Organization Quality of Life Assessment, WHOQoL-BREF; Parental Bonding Instrument, PBI; and a German questionnaire on body image). The main outcome measures were sexual function, psychological status, quality of life, body image, and parental bonding styles. Findings: Sexual function, psychological status (including depressive and somatic symptoms), quality of life, and own-body experience were at least as good in operated MRKHS patients as in controls. In some measures (FSFI, PHQ-15, psychological domain of the WHOQoL-BREF, and BSI Positive Symptom Total), patients scored significantly better than controls. The results of the PBI indicated a close and sustainable mother-daughter-relationship in MRKHS patients. Conclusions: We found no evidence for an impairment of sexual or psychosocial functioning in patients after neovaginoplasty according to Wharton-Sheares-George. MRKHS may not necessarily compromise sexual and psychological well-being, provided that the syndrome is properly managed by a multidisciplinary team of health professionals.",10,4,e0124604
R052,no,EBSCOhost combined export,MEDLINE Ultimate,Psychiatric Comorbidities in Women With Complete Androgen Insensitivity Syndrome or Müllerian Duct Aplasia/Agenesis.,"Sorouri Khorashad, Behzad ; Kaabi, Oumaima ; Gardner, Melissa D ; Getahun, Darios ; Goodman, Michael ; Lash, Timothy L ; Lee, Peter A ; McCracken, Courtney ; May, Joshua ; Muzik, Maria ; Vupputuri, Suma ; Yacoub, Rami ; Sandberg, David E",2025,The Journal of clinical endocrinology and metabolism,10.1210/clinem/dgae720,,Journal Article,eng,"Context: Understanding mental health issues facing individuals with disorders/differences of sex development (DSD) is crucial for optimizing evidence-based practices in this population. Objectives: This work aimed to compare the prevalence of psychiatric diagnoses among patients diagnosed with complete androgen insensitivity syndrome (CAIS) or müllerian duct aplasia/agenesis (MA) to male and female reference groups. Methods: A retrospective cohort study was conducted among 3 large integrated health systems. Participants included all individuals with confirmed CAIS or MA enrolled in 1 of 3 Kaiser Permanente health-care systems between January 1, 1988, and January 31, 2017. For each DSD patient, age-, race/ethnicity- and health system-matched male and female referents with typical sex development were randomly selected. Outcome measurements were mental health diagnoses and use of psychiatric medications. Results: The prevalence of anxiety and depressive disorders in the CAIS and MA cohorts was approximately twice as high as in male referents without DSD, but the corresponding differences relative to female referents were less evident. A subgroup of MA patients with uterine agenesis had a higher prevalence of bipolar disorder than either reference group, but these results were accompanied by wide CIs. Women with CAIS and MA more frequently filled psychiatric medications compared to male but not female referents. Conclusion: On balance, these findings are reassuring, albeit requiring confirmation in other settings. Future studies using longitudinal designs and patient-reported outcomes are needed to evaluate changes in mental health status of CAIS and MA patients at different ages and different intervals following initial diagnosis.",110,7,1906-1914
R053,no,EBSCOhost combined export,MEDLINE Ultimate,Sexuality and psychosocial functioning in young women after colovaginoplasty.,"Gatti, Claudia ; Del Rossi, Carmine ; Lombardi, Laura ; Caravaggi, Francesca ; Casolari, Emilio ; Casadio, Giovanni",2010,The Journal of urology,10.1016/j.juro.2010.03.078,,Journal Article,eng,"Purpose: We examined sexuality and psychosocial functioning in patients with Mayer-Rokitansky-Kuster-Hauser syndrome who underwent colovaginoplasty. Materials and Methods: Patients who underwent colovaginoplasty for Mayer-Rokitansky-Kuster-Hauser syndrome in Italy and Bangladesh were required to meet certain criteria, including age greater than 18 years, college degree/high socioeconomic status, procedure done by the same surgical team and a minimum 6-year followup. Outcomes were evaluated by a retrospective chart review and an English version of the female sexual function index. Psychosocial functioning was measured by an English version of a 36-item survey, including the Rosenberg Self-Esteem Scale, Beck Depression Index and Cohen Test for Life Management ability with results compared to those in 30 healthy control subjects. Results: Of 40 patients who answered the female sexual function index 37% were married and 12% had adopted children while 40% were sexually active, 100% were attracted to males and 7% were on self-dilation. None required pads and 80% used a home douche. Of the patients 92% reported sexual desire and 87% reported sexual arousal. Sexual confidence and satisfaction were reported by approximately 90% of the patients and partner satisfaction was considered adequate by 93%. Most patients reported satisfactory orgasm. Of the women 89% reported adequate lubrication and none reported dyspareunia. Psychosocial functioning was not statistically different between patients and controls. Conclusions: Based on the scoring system outcome colovaginoplasty seems to be an excellent choice to manage vaginal agenesis and ensure good quality of general and sexual life.",184,4 Suppl,1799-1803
R054,no,EBSCOhost combined export,MEDLINE Ultimate,And god created woman? The link between female sexuality and the mother-daughter relationship in Mayer-Rokitansky-Kuster-Hauser syndrome in adolescents.,"Gueniche, Karinne ; Yi, M-K ; Nataf, N",2014,Bulletin of the Menninger Clinic,10.1521/bumc.2014.78.1.57,,Journal Article,eng,": The authors' clinical experience with young girls with Mayer-Rokitansky-Kuster-Hauser syndrome (MRKH), who are facing the often hastily suggested, and accepted, surgical treatment of vaginal reconstruction brings new light to the question of female sexuality and its specific modes of access: its traumatic aspects, the mother-daughter conflict of ambivalence and the associated risk of depression, as well as the importance of the relational factor in the construction of bodily interiority.",78,1,57-69
R055,no,EBSCOhost combined export,MEDLINE Ultimate,Mayer-Rokitansky-Küster-Hauser syndrome type II. Case report.,"Calle, Juan José Reinoso",2025,JBRA assisted reproduction,10.5935/1518-0557.20250057,,Case Reports ; Journal Article,eng,": Mayer-Rokitansky-Küster-Hauser syndrome is a rare congenital disorder characterized by Müllerian agenesis while preserving secondary sexual characteristics and a normal 46XX karyotype. It is classified into two types, with type II involving additional multisystemic anomalies affecting the skeletal, renal, and cardiovascular systems. Due to its rarity, epidemiological data on prevalence and incidence are lacking, and no cases have been previously reported in our country. We present the case of a 48-year-old female patient diagnosed with Mayer-Rokitansky-Küster-Hauser syndrome type II at the age of 17. Her medical history includes atrial septal defect, agenesis of the uterus and two-thirds of the vaginal canal, amorphous ovarian tissue, renal ectopia and fusion in the pelvis, supernumerary rib, dorsal scoliosis, fused vertebrae, butterfly vertebra, and annular pancreas. Despite these internal anomalies, her external genitalia are normal, and secondary sexual characteristics are preserved. In 2002, she underwent a McIndoe vaginoplasty to create a functional vaginal canal. This case highlights the complex etiology of MRKH type II syndrome, involving genetic and epigenetic factors, particularly HOX and WNT genes. Diagnosis was confirmed through computed tomography, revealing characteristic anomalies. Treatment included surgical intervention with vaginoplasty and progressive dilation, leading to satisfactory anatomical function and improved body perception. Additionally, cognitive-behavioral therapy played a crucial role in reinforcing the patient's identity and self-esteem.",29,4,827-833
R056,no,EBSCOhost combined export,CINAHL Ultimate,"Intersex people's experiences of medical interventions, sex education, and physical intimacy.","Berger, Israel ; Ansara, Y. Gavriel ; Riggs, Damien",2024,Psychology & Sexuality,10.1080/19419899.2023.2252446,,Journal Article,English,"The study reported in this paper explores the experiences of 95 people with intersex variations constituting an international English-speaking sample who completed a mixed methods survey comprises questions designed by the authors to explore 1) genital variations and medical interventions (and pressures to undertake them), 2) experiences with sex education, and 3) experience of physical intimacy, including use of safer sex devices and sexually transmitted infections. Surgeries on minors were common and typically not consensual, often resulting in the need for revisions. Pressures for surgeries most commonly were made by doctors. Experiences of sex education often failed to be inclusive of intersex bodies, with information about menstruation and hygiene rarely provided, and many participants having to learn on their own. Participants had a diversity of experiences of physical intimacy beyond penetration. For those who had experienced penetration, vaginal intercourse was enjoyable for some, but many found it painful. Conversely, anal intercourse was enjoyed by many and rarely found to be painful. The paper concludes by highlighting the importance of an intersex-specific approach to sexual health for this population.",15,2,278-291
R057,no,EBSCOhost combined export,MEDLINE Ultimate,Perception of having children through surrogacy in individuals with MRKH in Vietnam: a qualitative study.,"Le, Thanh T Q ; Le, Nhung T H ; Vu, Tuan A ; Nguyen, Hoa H ; Vuong, Lan N",2024,Frontiers in psychology,10.3389/fpsyg.2024.1372405,,Journal Article,eng,"Introduction: Mayer-Rokitansky-Küster-Hauser syndrome (MRKH) is rare condition that has a negative impact on quality of life because affected women lack a uterus and vagina, and are therefore unable to engage in sexual intercourse and experience natural pregnancy. This study evaluated perceptions of surrogacy in Vietnamese women with MRKH who have started families. Method: Women with MRKH who had undergone successful vaginal reconstruction, were married, and had started families participated in a semi-structured, in-depth, one-on-one online video interview with an experienced female psychologist. Open-ended questions were used to encourage participants to express their perceptions of surrogacy; prominent themes were discussed, compared, and combined. Results: Twenty women (mean age 31 years) agreed to participate. Key themes identified from interviews were the importance of having genetic offspring, consideration of surrogacy as a preferred solution to infertility, the barriers to surrogacy in Vietnam, lack of reproductive information and counselling, individuals concealing their health condition, the impact of religion on the possibility of surrogacy, the economic cost of surrogacy, and the difficulty in finding a surrogate under the restrictions imposed by Vietnamese law. Discussion: Based on the perceptions of women from MRKH from Vietnam, there is an opportunity to improve how infertility is managed in these people, including information about surrogacy. These data show that individuals with MRKH should be provided with information about the possibility of surrogacy, encouraged to be open and seek support, and be managed by a multidisciplinary team that includes psychological support; the provision of economic support for fertility treatments in women with MRKH should also be considered.",15,,1372405
R034,yes,EBSCOhost combined export,MEDLINE Ultimate,Treatment of the Mayer-Rokitansky-Küster-Hauser syndrome with autologous in vitro cultured vaginal tissue: descriptive study of long-term results and patient outcomes.,"Sabatucci, I ; Palaia, I ; Marchese, C ; Muzii, L ; Morte, C Della ; Giorgini, M ; Musella, A ; Ceccarelli, S ; Vescarelli, E ; Panici, P B",2019,BJOG : an international journal of obstetrics and gynaecology,10.1111/1471-0528.15477,,Journal Article,eng,"Objective: Evaluating sexual function and quality of life (QoL) in patients treated with a modified Abbé-McIndoe technique using in vitro cultured autologous vaginal mucosa. Design: Descriptive study. Setting: Policlinico Umberto I, Sapienza University of Rome. Population: From 2006 to 2016, 39 women affected by Mayer-Rokitansky-Küster-Hauser syndrome (MRKHS) underwent vaginoplasty at our centre using a modified Abbé-McIndoe technique with in vitro cultured autologous vaginal tissue. Methods: For each patient, vaginal tissue was obtained by full-thickness biopsy of the vaginal vestibule. Following enzymatic dissociation, cells were cultured for 2-3 weeks before the transplant. Main Outcome Measures: Each patient completed two validated questionnaires to quantify sexual function and QoL: the Female Sexual Function Index (FSFI), administered at 12, 36, and 60 months, and the Psychological General Well Being Index (PGWBI) administered at 0, 6, and 36 months after surgery. Results: Twelve months after surgery, 29 patients were engaging in regular sexual activity. The FSFI test results showed a satisfactory sexual function compared to the general population, with median values of 25.85 (range 4.6-30.5) at 12 months, 27.2 (range 4.4-33.6) at 36 months, and 29.6 (range 23.9-33.6) at 60 months. The PGWBI questionnaire showed a median score of 420.5 (range 108-540) before surgery, and 459 (range 252-533) at the 60-month follow-up. Conclusions: Vaginoplasty performed with the use of autologous vaginal tissue, besides ensuring a long-term satisfying sex life, helps in achieving an improvement in QoL that is maintained over time. Tweetable Abstract: Vaginoplasty using in vitro vaginal tissue ensures a satisfactory sexual function and improves quality of life.",126,1,123-127
R058,no,EBSCOhost combined export,MEDLINE Ultimate,Update on Mayer-Rokitansky-Küster-Hauser syndrome.,"Chen, Na ; Song, Shuang ; Bao, Xinmiao ; Zhu, Lan",2022,Frontiers of medicine,10.1007/s11684-022-0969-3,,Journal Article ; Review,eng,": This review presents an update of Mayer-Rokitansky-Küster-Hauser (MRKH) syndrome on its etiologic, clinical, diagnostic, psychological, therapeutic, and reproductive aspects. The etiology of MRKH syndrome remains unclear due to its intrinsic heterogeneity. Nongenetic and genetic causes that may interact during the embryonic development have been proposed with no definitive etiopathogenesis identified. The proportion of concomitant extragenital malformations varies in different studies, and the discrepancies may be explained by ethnic differences. In addition to physical examination and pelvic ultrasound, the performance of pelvic magnetic resonance imaging is crucial in detecting the presence of rudimentary uterine endometrium. MRKH syndrome has long-lasting psychological effects on patients, resulting in low esteem, poor coping strategies, depression, and anxiety symptoms. Providing psychological counseling and peer support to diagnosed patients is recommended. Proper and timely psychological intervention could significantly improve a patient's outcome. Various nonsurgical and surgical methods have been suggested for treatment of MRKH syndrome. Due to the high success rate and minimal risk of complications, vaginal dilation has been proven to be the first-line therapy. Vaginoplasty is the second-line option for patients experiencing dilation failure. Uterine transplantation and gestational surrogacy are options for women with MRKH syndrome to achieve biological motherhood.",16,6,859-872
R059,no,EBSCOhost combined export,MEDLINE Ultimate,Long-Term Outcomes of Laparoscopic Bean Vaginoplasty (Modified Vecchietti Procedure) for Mayer-Rokitansky-Kuster-Hauser Syndrome.,"Çetin, Cihan ; Soysal, Cenk ; Ürünsak, İbrahim Ferhat ; Api, Murat ; Çetin, Turan",2016,Journal of laparoendoscopic & advanced surgical techniques. Part A,10.1089/lap.2016.0031,,Journal Article,eng,"Objective: The objective of our study is to evaluate the long-term results of laparoscopic bean vaginoplasty (LBV), which we previously described. Materials and Methods: From April 2002 to September 2013, 62 patients, who were diagnosed with Mayer-Rokitansky-Kuster-Hauser Syndrome and underwent LBV in Cukurova University School of Medicine Department of Obstetrics and Gynecology were included in the study. Operative data, complication rates, vaginal length, and sexuality of patients during the follow-up period were evaluated. Sexuality of the patients were evaluated using the Female Sexual Function Index (FSFI) questionnaire. The FSFI scores were compared with age-matched 65 healthy control subjects. Results: Mean age of patients in case and control groups were 23.9 ± 5.1 (18-32) and 25.1 ± 4.2 (18-31), respectively (P = .69). Median length of follow-up after surgery was 48 months (24-144 months). No complications occurred during the operations. No vaginal adhesions occurred during the follow-up periods. Median vaginal length during the last follow-up was 7 cm (6-9 cm). FSFI scores were similar with the control group. Conclusion: LBV is a successful modification of Vecchietti procedure, without any reported complication. However, the procedure should still be compared with the other methods in randomized trials.",26,8,591-595
R060,no,EBSCOhost combined export,MEDLINE Ultimate,Long-term Results of Sexual Function and Body Image After Vaginoplasty With Acellular Dermal Matrix in Women With Mayer-Rokitansky-Küster-Hauser Syndrome.,"Mao, Meng ; Zhang, Ye ; Fu, Hanlin ; Wang, Qian ; Bai, Jing ; Guo, Ruixia",2024,Journal of minimally invasive gynecology,10.1016/j.jmig.2023.10.003,,"Journal Article ; Research Support, Non-U.S. Gov't",eng,"Study Objective: To describe the long-term anatomic and sexual functional results of vaginoplasty with acellular dermal matrix (ADM) in patients with Mayer-Rokitansky-Küster-Hauser (MRKH) and to evaluate the changes in body image pre- and postoperatively in these patients. Design: A retrospective study from March 2015 to September 2021. Setting: A tertiary teaching hospital. Patients: Forty-two patients with MRKH syndrome who underwent vaginoplasty with ADM (the MRKH group) and 30 sexually active, nulliparous, aged-matched women (the control group). Intervention: The relevant data were retrospectively collected via our electronic medical record system and were analyzed statistically. Measurements and Main Results: Vaginal length was assessed using a 3-cm-diameter mold. The Chinese version of the Female Sexual Function Index questionnaire was used to evaluate sexual function. The Chinese version of the modified body image scale was applied to evaluate body image. The median follow-up time was 57 months (range, 13-91 months). Granulomatous polyps in the neovagina were the most common postoperative complication (7 of 42, 16.7%). Patients with MRKH syndrome can achieve long-term satisfactory outcomes both anatomically and functionally after vaginoplasty with ADM, comparable with those of healthy control women. The vaginal length in the MRKH group was comparable to that in the control group ( 8.04 ± 0.51 cm vs. 8.15 ± 0.46 cm, respectively). The FSFI scores were similar between the MRKH (26.54 ± 3.44) and control (26.80 ± 2.23) groups. The modified body image scale score was significantly decreased after vaginoplasty with ADM. Conclusion: Vaginoplasty with ADM is a minimally invasive and effective procedure for patients with MRKH syndrome.",31,1,37-42
R061,no,EBSCOhost combined export,MEDLINE Ultimate,"Mayer-Rokitansky-Küster-Hauser syndrome: sexuality, psychological effects, and quality of life.","Bean, E J ; Mazur, T ; Robinson, A D",2009,Journal of pediatric and adolescent gynecology,10.1016/j.jpag.2008.11.006,,Journal Article ; Review,eng,": Mayer-Rokitansky-Küster-Hauser (MRKH) syndrome is a congenital condition in which a genetic female is born with vaginal agenesis and a rudimentary to absent uterus. This condition affects a woman's ability to menstruate, to engage in penile-vaginal intercourse, and to bear children. Much has been published about how best to create a neovagina in women with MRKH, but little has been written about the psychological impact of MRKH and quality of life outcomes for women with the condition. A review of the extant literature published from 1955 to 2007 supports that (1) surgical or non-surgical creation of a neovagina alone does not ensure a successful psychological outcome, (2) psychological support at critical times can be helpful, and (3) how professionals use language to discuss the condition may positively or negatively influence a female's experience of MRKH. This article discusses the implications that existing knowledge has on future research and on clinical practice. Understanding how women with MRKH cope with and adjust to the condition will help healthcare professionals provide optimal care.",22,6,339-346
R062,no,EBSCOhost combined export,MEDLINE Ultimate,McIndoe Vaginoplasty in MRKHS: Case Report and Literature Review.,"Shah, Newton Ashish ; Yadav, Manish ; Verma, Suman ; Yadav, Digraj ; Yadav, Aalok Kumar ; Ghimire, Asmita ; Rijal, Hima ; Koirala, Poonam",2024,Clinical case reports,10.1002/ccr3.70009,,Journal Article,eng,": Mayer-Rokitansky-Küster-Hauser syndrome (MRKHS) is a rare congenital disorder characterized by agenesis of the uterus and upper two-thirds of the vagina. It affects around 1 in 4000-5000 females and is of two types: type 1, also known as isolated Müllerian aplasia or Rokitansky, which involves only uterovaginal agenesis, and type 2, presents as uterovaginal agenesis along with renal, cardiac, and other organ anomalies. Despite the absence of vaginal and uterine structures, individuals with MRKHS typically present with normal secondary sexual characteristics and ovarian functions. A 26-year-old female presented with primary amenorrhea. Despite this, she had typical secondary sexual characteristics. Physical examination revealed normal pubic hair distribution and external genitalia, consistent with Tanner's stage 5 development. Further evaluation via magnetic resonance imaging (MRI) confirmed diagnosis of MRKHS type II, revealing the absence of the uterus and upper two-thirds of the vagina, with normal ovaries and absent left kidney. A multidisciplinary team performed McIndoe vaginoplasty creating a successful neovagina, measuring 7 cm in length, using split-thickness skin graft. MRKHS, a rare congenital anomaly involving Müllerian duct abnormalities, poses diagnostic and therapeutic challenges. The etiology remains unknown, but it likely stems from defective Müllerian fusion during embryologic development. Differential diagnosis from conditions like androgen insensitivity syndrome (AIS) is crucial. MRI is important in diagnosis, revealing associated anomalies. Treatment aims to restore sexual function. This case presents that MRKHS can occur with normal hormonal function and typical secondary sexual characteristics. Neovagina creation is an effective surgical intervention for young females seeking to restore sexual function.",12,12,e70009
R063,no,EBSCOhost combined export,MEDLINE Ultimate,Sexual health and sexual well-being of women with Mayer-Rokitansky-Kuester-Hauser syndrome after vaginal reconstruction: a qualitative analysis.,"Stepanow, Clara ; Naderer, Andrea ; Alexopoulos, Johanna ; Walch, Katharina ; Wenzl, Rene ; Leithner, Katharina",2023,The journal of sexual medicine,10.1093/jsxmed/qdac011,,Journal Article,eng,"Background: Contradictory findings on sexual health in women with Mayer-Rokitansky-Kuester-Hauser syndrome (MRKHS) after vaginal reconstruction point toward the need for more profound assessment of this subject, particularly as it is still unclear what constitutes sexual well-being, especially genital self-image or sexual self-esteem, in women with MRKHS and neovagina. Aim: The aim of this qualitative study was to assess individual sexual health and sexual well-being in the context of MRKHS after vaginal reconstruction, with an emphasis on genital self-image, sexual self-esteem, sexual satisfaction, and coping with MRKHS. Methods: Qualitative semistructured interviews were conducted with women with MRKHS after vaginal reconstruction (n = 10) with the Wharton-Sheares-George surgical method and a matched control group without MRKHS (n = 20). Women were surveyed about their previous and current sexual activities, perception of and attitudes toward their genitals, disclosure to others, coping with the diagnosis, and perception of surgery. Data were analyzed through qualitative content analysis and compared with the control group. Outcomes: The primary outcomes of the study were major categories, such as sexual satisfaction, sexual self-esteem, genital self-image, and dealing with MRKHS, as well as subcategories related to the content analysis. Results: Although half the women in the present study indicated that they were coping well with their condition and were satisfied with sexual intercourse, most felt insecure about their neovagina, were cognitively distracted during intercourse, and showed low levels of sexual self-esteem. Clinical Implications: A better understanding of expectations and uncertainties regarding the neovagina might help professionals to support women with MRKHS after vaginal reconstruction to increase sexual well-being. Strengths and Limitations: This is the first qualitative study focusing on individual aspects of sexual well-being, especially sexual self-esteem and genital self-image, in women with MRKHS and neovagina. The qualitative study indicates good interrater reliability and data saturation. The limitations of this study include the inherent lack of objectivity resulting from the method but also the fact that all the patients had a particular surgical technique, consequently resulting in limited generalizability of these findings. Conclusions: Our data indicate that integrating the neovagina into the genital self-image is a prolonged process that is essential for sexual well-being and should thus be the focus of sexual counseling.",20,1,57-64
R064,no,EBSCOhost combined export,MEDLINE Ultimate,The long-term outcomes of vaginoplasty using acellular porcine small intestinal submucosa grafts in patients with Mayer-Rokitansky-Küster-Hauser syndrome: A case series.,"Xu, Zhi-Yang ; Li, Ling-Xia ; Wang, Xing-Guo ; Wang, Meng-Xin ; Cao, Gai-Jing ; Chen, Bi-Liang ; Liu, Shu-Juan",2023,BJOG : an international journal of obstetrics and gynaecology,10.1111/1471-0528.17388,,Journal Article,eng,"Objective: To investigate the long-term outcomes for Mayer-Rokitansky-Küster-Hauser syndrome (MRKH) patients undergoing vaginoplasty using acellular porcine small intestinal submucosa grafts (SIS). Design: A case series. Population: Seventy-eight MRKH syndrome patients and a post-SIS patient who delivered a baby following the world's first robot-assisted uterus transplantation. Methods: Mayer-Rokitansky-Küster-Hauser syndrome patients were grouped based on the postoperative time and the diagnosis-surgery interval. Outcomes of sexual function and psychological status were assessed using the female sexual function index (FSFI), self-rating scale of body image (SSBI) and self-acceptance questionnaire (SAQ). Anatomical outcomes were measured by clinicians. Main Outcome Measures: The primary outcome was restoration of sexual function, defined by an FSFI score in the 'good' range. Anatomical and psychological outcomes were also analysed. Results: Sexual function was restored in 42.3% (33/78) of patients and the total FSFI score was 23.44 ± 4.43. Three factors (body defect, recognition of physical appearance and willingness to change physical appearance scores) in the SSBI and two in the SAQ decreased as the postoperative time increased. Based on the interval between diagnosis and surgery, the total SSBI score was lower in the short-interval group than in the long-interval group (7.25 ± 5.55 versus 12.04 ± 10.21, p = 0.038). Conclusions: Nearly half of MRKH patients in our study had good long-term sexual function after SIS vaginoplasty. Sexual function and psychological status improved as postoperative time increased. In addition, reducing the diagnosis to surgery interval was associated with improved psychological function.",130,6,645-652
R065,no,EBSCOhost combined export,MEDLINE Ultimate,[Burden of Affected Persons with MRKH Syndrome: Effect of an Intervention to Support Surgical Neovaginal Placement].,"Schäffeler, Norbert ; Beckmann, Julia ; Schenk, Bernadette ; Schöller, Dorit ; Wallwiener, Diethelm ; Enck, Paul ; Teufel, Martin ; Zipfel, Stephan ; Rall, Katharina ; Brucker, Sara",2022,"Psychotherapie, Psychosomatik, medizinische Psychologie",10.1055/a-1778-5194,,English Abstract ; Journal Article,ger,": The diagnosis of Mayer-Rokitansky-Küster-Hauser syndrome (MRKHS), a rare variant of female sexual development, is usually made during puberty. The uncertainty in self-image and the impos-sibility of becoming pregnant often lead to considerable stress. Although psychosomatic support is consistently recommended in the literature, there have been only a few studies on the psychological aspects of MRKHS. The aim of the present study is to investigate the quality of life or distress of women with MRKHS undergoing neovaginal surgery and, on the other hand, to evaluate effects of the intervention for support during treatment. Methods In an explorative quasi-experimental pre-post study at a national centre for neovaginal surgery, all patients were offered a psychosomatic intervention (intervention group IG, n=23) and their sexual function (FSFI), psychological distress (PHQ-D) and health-related quality of life (SF-12) were assessed before surgery (t0) and six months after (t1). These were compared with data from a sample collected before and after the intervention period (comparison group VG, n=30). Results While the physical quality of life (SF-12) of both groups was unremarkable at both time points, there was a significant impairment in the psychological quality of life. Both groups (IG, VG) improved from t0 to t1 in their sexual function (FSFI) and showed lower depression scores (PHQ-D). The specific intervention developed was well accepted by those affected and rated as helpful. However, this subjectively perceived effectiveness of the intervention was not reflected by improvement on the quality of life scale (SF-12) and depression scale (PHQ-D). Conclusion Those affected show a clear, clinically relevant distress (SF-12), but this is not reflected in the form of psychological comorbidity (PHQ-D). This apparent discrepancy points to psychologically stable women with acute distress due to the diagnosis of variant sex de-evolution. For them, a low-threshold support service with a supportive character seems to be necessary and helpful during the surgical treatment. The reconstructive therapy for the creation of a neovagina seems to have a positive influence on the psychological quality of life. The fact that pregnancy is still not possible due to the missing uterus could be a reason for not reaching the quality of life of the average population.",72,11,473-480
R066,no,EBSCOhost combined export,CINAHL Ultimate,Vaginal reconstruction in adolescent females with Mayer-Rokitansky-Kuster-Hauser syndrome.,LeRoy S,2001,Plastic Surgical Nursing,10.1097/00006527-200121010-00004,,Journal Article,English,"Throughout time, vaginal and uterine anomalies have had dramatic and disconcerting effects on individuals and families with regard to issues of femininity, reproduction, sexual options, body image, and self-esteem. Mayer-Rokitansky-Kuster-Hauser (MRKH) syndrome is characterized by complete or partial absence of the vagina, uterus and proximal fallopian tubes. The modified Abbe-McIndoe technique is commonly used to create a neovagina. This technique is considered by many to be the procedure of choice because of its simplicity, low morbidity, and success rate. Females with MRKH syndrome have options for sexual function and the attainment of genetic offspring due to remarkable advances in plastic surgery and the use of assisted reproductive technologies and a surrogate. An improved quality of life may be the impetus for hope, optimism, and a future orientation.",21,1,23-39
R067,no,EBSCOhost combined export,MEDLINE Ultimate,Comprehensive management of Mayer-Rokitansky-Küster-Hauser syndrome management: A case report.,"Mishra, Sanskar ; Sapkale, Bhagyesh ; Singh, Shreya ; Jha, Asha ; Chaudhari, Kamlesh",2024,Narra J,10.52225/narra.v4i2.755,,Journal Article ; Case Reports,eng,": Mayer-Rokitansky-Küster-Hauser (MRKH) syndrome, also known as Müllerian aplasia, is a congenital condition characterized by uterine and upper vaginal aplasia. It affects females with a normal female karyotype and typical secondary sex characteristics. The aim of this case report was to highlight the multidisciplinary management approach for MRKH syndrome, focusing on tailored interventions to address physical and psychological challenges and improve reproductive prospects. A 26-year-old married female presented to Acharya Vinoba Bhave Rural Hospital (AVBRH), Sawangi, Wardha, India, in January 2023 with primary amenorrhea. Physical examination revealed a blind vagina and a hypoplastic uterus, indicative of MRKH syndrome. Further evaluation, including pelvic magnetic resonance imaging (MRI), confirmed Müllerian duct abnormalities and bilateral ovarian anomalies. The absence of a functional vagina significantly impacted the patient's quality of life, leading to difficulties with sexual intercourse and emotional distress related to infertility. A collaborative approach involving a gynecologist and a psychiatrist at AVBRH was initiated to address these challenges. The patient underwent vaginoplasty to create a neovagina, enhancing the sexual function and intimate relationship with the spouse. However, due to the hypoplastic uterus, achieving motherhood through traditional means was not possible. Therefore, assisted reproductive techniques, in particular surrogacy, were explored. Normal, functional ovaries were harvested from the patient for use in surrogacy procedures. This comprehensive management strategy exemplifies the challenges associated with MRKH syndrome and underscores the importance of tailored interventions and long-term follow-up. The case highlights the significance of collaborative care in improving the quality of life and reproductive prospects for individuals with MRKH syndrome.",4,2,e755
R068,no,EBSCOhost combined export,Women's Studies International,"Müllerian Agenesis: Diagnosis, Management, and Treatment.",,2018,Obstetrics & Gynecology,,,Article,eng,"Müllerian agenesis, also referred to as müllerian aplasia, Mayer-Rokitansky-Küster-Hauser syndrome, or vaginal agenesis, has an incidence of 1 per 4,500-5,000 females. Müllerian agenesis is caused by embryologic underdevelopment of the müllerian duct, with resultant agenesis or atresia of the vagina, uterus, or both. Patients with müllerian agenesis usually are identified when they are evaluated for primary amenorrhea with otherwise typical growth and pubertal development. The most important steps in the effective management of müllerian agenesis are correct diagnosis of the underlying condition, evaluation for associated congenital anomalies, and psychosocial counseling in addition to treatment or intervention to address the functional effects of genital anomalies. The psychologic effect of the diagnosis of müllerian agenesis should not be underestimated. All patients with müllerian agenesis should be offered counseling and encouraged to connect with peer support groups. Future options for having children should be addressed with patients: options include adoption and gestational surrogacy. Assisted reproductive techniques with use of a gestational carrier (surrogate) have been shown to be successful for women with müllerian agenesis. Nonsurgical vaginal elongation by dilation should be the first-line approach. When well-counseled and emotionally prepared, almost all patients (90-96%) will be able to achieve anatomic and functional success by primary vaginal dilation. In cases in which surgical intervention is required, referrals to centers with expertise in this area should be considered because few surgeons have extensive experience in construction of the neovagina and surgery by a trained surgeon offers the best opportunity for a successful result.",131,1,e35-e42
R069,no,EBSCOhost combined export,MEDLINE Ultimate,Fabrication of Hollow Acrylic Vaginal Stents Using Frozen Coconut Oil for Vaginal Agenesis Management.,"Gorripati, Jahnavi P ; Dubey, Surekha A ; Nimonkar, Sharayu ; Priya, Madhu",2024,Cureus,10.7759/cureus.60512,,Case Reports ; Journal Article,eng,": In a rare condition known as vaginal agenesis, the uterus (womb) may develop only partially or not at all, while the vagina fails to develop altogether. It is common to diagnose vaginal agenesis, when a female does not start menstruation at puberty. This is a prenatal disorder that may also be linked to bone or kidney issues. Mullerian agenesis, Mullerian aplasia, and Mayer-Rokitansky-Kuster-Hauser (MRKH) syndrome are other names for the illness. Treatment modalities encompass surgical and nonsurgical interventions, including the utilization of prefabricated or customized vaginal stents for neovagina reconstruction and maintenance. This case report describes the development of a neovagina in a 27-year-old female diagnosed with vaginal agenesis, a characteristic of MRKH syndrome. A customized clear acrylic stent, designed to provide a resilient surface, serves as a straightforward and cost-efficient alternative for managing this condition. Significantly, it enhances patient's compliance and comfort during treatment, addressing both the physical and psychological ramifications of this congenital anomaly. This customized vaginal stent not only provides a practical solution but also contributes to enhancing the quality of life for individuals grappling with vaginal agenesis, thereby offering a promising avenue for addressing the multifaceted challenges associated with this condition.",16,5,e60512
R070,no,EBSCOhost combined export,CINAHL Ultimate,Laparoscopic lateral suspension to treat neovaginal prolapse in a patient with Mayer–Rokitansky–Kuster–Hauser syndrome: A rare case report.,"Mulayim, Baris ; Cimsir, Meral Tugba",2021,Journal of Obstetrics & Gynaecology Research,10.1111/jog.14598,,Journal Article,English,"Various methods have been described to treat neovaginal prolapse in patients with Mayer–Rokitansky–Küster–Hauser (MRKH) syndrome. In this case report, we describe neovaginal prolapse of a 21‐year‐old patient with MRKH syndrome which had been created by sexual intercourse dilation. Herein, the laparoscopic lateral suspension was performed for the surgical correction of neovaginal prolapse which is not available in the literature as far as we search. Prolapse was successfully corrected and vaginal length was provided at a sufficient length of 7 cm. Since after 1‐year of operation, she has remained satisfied with her surgical outcome anatomically, sexually and psychologically. Laparoscopic lateral suspension is a safe and effective treatment in a patient who has neovaginal prolapse with MRKH syndrome and also can be used as a potentially alternative management in the treatment of neovaginal prolapse in patients with MRKH syndrome.",47,2,847-850
R071,no,EBSCOhost combined export,MEDLINE Ultimate,Sexuality after sigmoid colpopoiesis in patients with Mayer-Rokitansky-Kuster-Hauser Syndrome.,"Communal, Pierre-Henri ; Chevret-Measson, Marie ; Golfier, Francois ; Raudrant, Daniel",2003,Fertility and sterility,10.1016/s0015-0282(03)00796-9,,Journal Article,eng,"Objective: To assess the functional outcome and sexuality of patients after creation of a sigmoid neovagina. Design: Clinical study performed between 1992 and 2002, with a mean follow-up of 3.3 years (range, 6 months to 9 years). Setting: Tertiary care center. Patient(s): Sixteen consecutive patients with Rokitansky syndrome. Intervention(s): Creation of a neovagina with an antiperistaltic (n = 13) or isoperistaltic (n = 3) sigmoid graft and colovestibular anastomosis by interrupted suture (n = 11) or PCEEA forceps (n = 5). All patients had a neovaginal vault suspension (n = 16). Main Outcome Measure(s): Functional results were evaluated in patients 6 or more months after the operation (n = 12) by using the standardized Female Sexual Function Index (FSFI). This index assesses four domains of sexual dysfunction: desire disorder, arousal disorder, orgasm disorder, and sexual pain disorder. Lubrification and ""sexual"" quality of life was also evaluated. Normal patients had a mean full FSFI score of 30 +/- 5 of 36. Result(s): The mean full FSFI score was 28 +/- 5 (range: 22-34). Seventy-two percent of patients had vaginal intercourse at least once a week; in this subset, the mean full FSFI score was 30 +/- 3 (range: 25-34). Conclusion(s): Sigmoid neovagina allowed a normal sexual life in patients who had sexual relations.",80,3,600-606
R072,no,EBSCOhost combined export,MEDLINE Ultimate,Co-Occurrence of Sotos Syndrome and Mayer-Rokitansky-Küster-Hauser (MRKH) Syndrome in 2 Patients.,"Mustafa, Manahil ; Mitscher, Mary K ; Johnson, Nancy B ; Fuqua, John S",2025,JCEM case reports,10.1210/jcemcr/luaf009,,Case Reports ; Journal Article,eng,": Sotos syndrome is an autosomal dominant condition caused by a pathogenic variant of <i>NSD1</i> and characterized by a distinctive facial appearance, learning disability, and overgrowth. Mayer-Rokitansky-Küster-Hauser (MRKH) syndrome is a congenital disorder characterized by agenesis or aplasia of the uterus and upper part of the vagina in females with a normal female karyotype. The coexistence of the 2 syndromes has been reported only twice to date. We describe 2 girls with Sotos syndrome who presented with primary amenorrhea. The patient in case 1 had central precocious puberty diagnosed at age 6.5 years, which was appropriately managed for 2 years. The patient in case 2 had congenital hypothyroidism due to thyroid aplasia, treated with levothyroxine. Investigations in both girls revealed normal gonadotropin and estradiol levels. Pelvic ultrasound and magnetic resonance imaging showed absence of the uterus and the presence of normal ovaries. Based on these findings, both patients were diagnosed with müllerian agenesis/MRKH. The presence of Sotos and MRKH syndromes in these 2 patients, along with the 2 previously documented cases, might be coincidental. However, with 4 reported cases, the possibility exists for a rare link between Sotos syndrome and MRKH. Additionally, the psychosocial effect of infertility should not be underestimated.",3,3,luaf009
R073,no,EBSCOhost combined export,MEDLINE Ultimate,"""Don't Give Up, Advocate for Yourself"": A Pilot Study Examining Healthcare Experiences of People with Mayer Rokitansky Küster Hauser Syndrome.","Marshall, Nisha ; Rajesh, Zwetlana ; Hunker, Kate ; Merletti, Jessica ; Garas, Melody ; Clark, Ashley ; Ball, Sunni Anne ; Gibson, M E Sophie ; Pukall, Caroline F",2025,Journal of pediatric and adolescent gynecology,10.1016/j.jpag.2024.12.001,,Journal Article,eng,"Study Objective: Mayer Rokitansky Küster Hauser syndrome (MRKH) is characterized by the underdevelopment or absence of the uterus and upper vagina. Navigating healthcare interactions may present unique challenges for those with MRKH as there appears to be sparse clinical education and research available to healthcare providers. Additionally, limited research exists on the healthcare experiences of people with MRKH. This pilot study investigated the diagnostic journeys, post-diagnosis experiences, current healthcare interactions, and attitudes toward the healthcare system among individuals with MRKH. Methods: Participants with MRKH residing in the United States or Canada took part in semi-structured interviews on their MRKH-related healthcare experiences. Interview transcripts were thematically analyzed. Results: People with MRKH conveyed that: (1) MRKH was not well known by healthcare providers and they were seldom provided with information and resources about MRKH, (2) they often needed to advocate for themselves in the healthcare system to receive adequate care, (3) sensitivity, inclusion, and knowledge from healthcare providers was invaluable, and 4) healthcare-system level barriers prohibited access to adequate care. Conclusions: Information and resources for MRKH patients should be age-appropriate, patient-centered, trauma-informed, and locally based. Providers should have access to evidence-based information and resources about MRKH, which includes knowledge of local specialist physicians, mental health specialists, pelvic health physical therapists, and other allied health professionals. Providers should also limit assumptions and use sensitive and inclusive language when communicating with patients around MRKH diagnosis, education, and development of treatment plans. Lastly, strategies for mitigating healthcare barriers should consider those with MRKH.",38,2,167-173
R074,no,EBSCOhost combined export,Women's Studies International,The midlife transition and the risk of cardiovascular disease and cancer Part I: magnitude and mechanisms.,"Kase, Nathan G. ; Gretz Friedman, Elissa ; Brodman, Michael ; Kang, Chifei ; Gallagher, Emily J. ; LeRoith, Derek",2020,American Journal of Obstetrics & Gynecology,10.1016/j.ajog.2020.05.051,,journal article,eng,"Heart disease and cancer are the leading causes of death in the United States. In women, the clinical appearance of both entities-coronary heart disease and cancer (breast, endometrium, and ovary)-escalate during the decades of the midlife transition encompassing the menopause. In addition to the impact of aging, during the interval between the age of 40 and 65 years, the pathophysiologic components of metabolic syndrome also emerge and accelerate. These include visceral adiposity (measured as waist circumference), hypertension, diabetes, and dyslipidemia. Osteoporosis, osteoarthritis, sarcopenia, depression, and even cognitive decline and dementia appear, and most, if not all, are considered functionally related. Two clinical reports confirm the interaction linking the emergence of disease: endometrial cancer and metabolic syndrome. One describes the discovery of unsuspected endometrial cancer in a large series of elective hysterectomies performed in aged and metabolically susceptible populations. The other is from the Women's Health Initiative Observational Study, which found a positive interaction between endometrial cancer and metabolic syndrome regardless of the presence or absence of visceral adiposity. Both provide additional statistical support for the long-suspected causal interaction among the parallel but variable occurrence of these common entities-visceral obesity, heart disease, diabetes, cancer, and the prevalence of metabolic syndrome. Therefore, 2 critical clinical questions require analysis and answers: 1: Why do chronic diseases of adulthood-metabolic, cardiovascular, endocrine-and, in women, cancers of the breast and endometrium (tissues and tumors replete with estrogen receptors) emerge and their incidence trajectories accelerate during the postmenopausal period when little or no endogenous estradiol is available, and yet the therapeutic application of estrogen stimulates their appearance? 2: To what extent should identification of these etiologic driving forces require modification of the gynecologist's responsibilities in the care of our patients in the postreproductive decades of the female life cycle? Part l of this 2-part set of ""expert reviews"" defines the dimensions, gravity, and interactive synergy of each clinical challenge gynecologists face while caring for their midlife (primarily postmenopausal) patients. It describes the clinically identifiable, potentially treatable, pathogenic mechanisms driving these threats to quality of life and longevity. Part 2 (accepted, American Journal of Obstetrics & Gynecology) identifies 7 objectives of successful clinical care, offers ""triage"" prioritization targets, and provides feasible opportunities for insertion of primary preventive care initiatives. To implement these goals, a reprogrammed, repurposed office visit is described.",223,6,820-833
R059,yes,EBSCOhost combined export,CINAHL Ultimate,Long-Term Outcomes of Laparoscopic Bean Vaginoplasty (Modified Vecchietti Procedure) for Mayer-Rokitansky-Kuster-Hauser Syndrome.,"Çxetin, Cihan ; Soysal, Cenk ; Ürünsak, Ibrahim Ferhat ; Api, Murat ; Çxetin, Turan ; Çetin, Cihan ; Ürünsak, İbrahim Ferhat ; Çetin, Turan",2016,Journal of Laparoendoscopic & Advanced Surgical Techniques,10.1089/lap.2016.0031,,Journal Article,English,"<b>Objective: </b>The objective of our study is to evaluate the long-term results of laparoscopic bean vaginoplasty (LBV), which we previously described.<b>Materials and Methods: </b>From April 2002 to September 2013, 62 patients, who were diagnosed with Mayer-Rokitansky-Kuster-Hauser Syndrome and underwent LBV in Cukurova University School of Medicine Department of Obstetrics and Gynecology were included in the study. Operative data, complication rates, vaginal length, and sexuality of patients during the follow-up period were evaluated. Sexuality of the patients were evaluated using the Female Sexual Function Index (FSFI) questionnaire. The FSFI scores were compared with age-matched 65 healthy control subjects.<b>Results: </b>Mean age of patients in case and control groups were 23.9 ± 5.1 (18-32) and 25.1 ± 4.2 (18-31), respectively (P = .69). Median length of follow-up after surgery was 48 months (24-144 months). No complications occurred during the operations. No vaginal adhesions occurred during the follow-up periods. Median vaginal length during the last follow-up was 7 cm (6-9 cm). FSFI scores were similar with the control group.<b>Conclusion: </b>LBV is a successful modification of Vecchietti procedure, without any reported complication. However, the procedure should still be compared with the other methods in randomized trials.",26,8,591-595
R075,no,EBSCOhost combined export,CINAHL Ultimate,Comparison of the modified laparoscopic Vecchietti and Davydov colpoplasty techniques in Mayer‐Rokitansky‐Küster‐Hauser syndrome: A long‐term follow‐up analysis.,"Yang, Xinyun ; Zhu, Linling ; Wang, Yan Jing ; Tong, Baoqin ; Zhong, Shuangshuang ; Yang, Chunbo ; Liang, Junxiao ; Jin, Hangmei ; Xie, Zhenwei",2022,Journal of Obstetrics & Gynaecology Research,10.1111/jog.15262,,Journal Article,English,"Aims: To introduce and compare the modified laparoscopic Vecchietti and Davydov techniques for vaginoplasty in patients with Mayer‐Rokitansky‐Küster‐Hauser (MRKH) syndrome. Moreover, the long‐term treatment of vaginal agenesis was followed‐up. Methods: This comparative retrospective cohort study enrolled a total of 53 women with MRKH syndrome. The patients underwent surgical creation of a neovagina including 32 patients who underwent the modified laparoscopic Vecchietti technique, and 21 patients who underwent the modified laparoscopic Davydov technique from January 2009 to February 2019. The perioperative parameters, complications, anatomical, and functional outcomes of the two groups were compared. Patients' sexual functions were evaluated over a long‐term follow‐up using the female sexual function index (FSFI) and the revised female sexual distress scale (FSDS‐R). Results: The medians (25th–75th) of the surgery duration for modified Vecchietti procedures was 50.0 (40.0–59.0) minutes, comparing to 135.0 (117.5–162.5) min for Davydov procedures (p < 0.001). The intraoperative blood loss was 20 (7.5–20.0) mL versus 50.0 (50.0–100.0) mL using the modified Vecchietti and Davydov approaches (p < 0.001), respectively. In the 39 follow‐up cases, the lengths of the neovagina of the patients for Vecchietti group versus Davydov group were 7.9 ± 1.0 cm versus 8.6 ± 1.2 cm at 6 months after the vaginoplasty and 8.3 ± 0.7 cm versus 8.5 ± 0.9 cm after 2 years. There was no statistical difference in the FSFI and FSDS‐R scores between the two groups. Conclusions: Both the modified Davydov and Vecchietti laparoscopic procedures successfully achieved optimal anatomic and functional outcomes in treatments of vaginal agenesis. The modified Vecchietti technique is relatively simpler than the modified Davydov technique.",48,7,1930-1937
R076,no,EBSCOhost combined export,MEDLINE Ultimate,"Psychological distress in women with uterovaginal agenesis (Mayer-Rokitansky-Kuster-Hauser Syndrome, MRKH).","Heller-Boersma, Jacoline G ; Schmidt, Ulrike H ; Edmonds, D Keith",2009,Psychosomatics,10.1176/appi.psy.50.3.277,,Journal Article ; Randomized Controlled Trial,eng,"Background: Uterovaginal agenesis (Mayer-Rokitansky-Küster-Hauser Syndrome; MRKH) is a congenital nonformation of the vagina and the uterus, but with normal ovaries. Objective: The authors investigated the psychological impact of this disorder, about which very little is known. Method: A group of 66 women with MRKH were compared with 31 control-group women on a range of self-rating scales assessing psychological distress and self-esteem. Results: Women with MRKH had significantly more pathological scores on some of the scales and subscales, such as phobic anxiety and psychoticism (interpersonal alienation), with a similar trend for subscales measuring depression and anxiety. Conclusion: MRKH has a lasting negative impact on affected women's level of psychological distress and self-esteem.",50,3,277-281
R077,no,EBSCOhost combined export,MEDLINE Ultimate,A rare case: Neovagina creation using McIndoe technique and total surgical approach in a patient with Mayer-Rokitansky-Küster-Hauser syndrome.,"Sevinç, Kübra ; Kulhan, Mehmet ; Çelik, Çetin",2024,"European journal of obstetrics, gynecology, and reproductive biology",10.1016/j.ejogrb.2024.09.009,,Case Reports ; Journal Article,eng,": This case report presents an 18-year-old female patient diagnosed with Mayer-Rokitansky-Küster-Hauser (MRKH) syndrome, a rare congenital anomaly causing primary amenorrhea. MRI revealed vaginal agenesis and a left hemiuterus associated with hematosalpinx and cervical agenesis, while both ovaries were normal. The patient underwent successful neovagina creation using the McIndoe technique, involving a split-thickness skin graft from below the umbilicus. Postoperative follow-up showed excellent graft adherence and significant improvement in sexual function and quality of life. This case highlights the efficacy of the McIndoe technique for neovagina creation in MRKH syndrome and underscores the importance of a multidisciplinary approach in diagnosis and treatment, including psychological support.",302,,173-176
R078,no,EBSCOhost combined export,MEDLINE Ultimate,Sexuality in women with Mayer-Rokitansky-Küster-Hauser syndrome,"Chmel, Roman, Jr ; Nováčková, Marta ; Chubanovová, Nikoleta ; Pastor, Zlatko",2021,Ceska gynekologie,10.48095/cccg2021194,,Journal Article,eng,"Objective: Evaluation of the quality of sexual life of women with Mayer-Rokitansky-Küster-Hauser syndrome (MRKHS) after neovagina creation using dilation and surgical techniques. Methods: Literature search of articles published in the years 2000–2021 using the databases Web of Science, Google Scholar and PubMed by key words: Mayer-Rokitansky-Küster-Hauser syndrome, neovagina, female sexuality and Female Sexual Function Index. We used a standardized international Female Sexual Function Index and other quantitative and qualitative parameters of sexual satisfaction to assess sexual function and overall satisfaction in women with neovagina. Results: It is possible to develop functional neovagina in women with MRKHS by either conservative or surgical techniques. The choice of the method used depends on the experience and skill of the surgeon, on the technical possibilities and equipment of the department, and on the anatomical predispositions and preferences of the patient. Satisfaction with sexual life also depends on the psychosexual maturity and sexual demands of both partners as well as on regular vaginal rehabilitation and quality of long-term psychological support. The functional results of dilation and surgical methods are comparable according to objective criteria. They only differ in individual aspects which correspond to the overall personality traits as well as to the character and quality of cohabitation. Conclusion: Women with MRKHS are primarily handicapped by coital insufficiency and inability to reproduce naturally. Creating a neovagina technically allows them to realize satisfactory coitus, but in most cases, they are still frustrated by the primary problem of „physical indisposition“ and complicated path to motherhood.",86,3,194-199
R079,no,EBSCOhost combined export,Women's Studies International,A simplified novel laparoscopic formation of neovagina for cases of Mayer-Rokitansky-Küster-Hauser syndrome,"Darwish, Atef Mohammad",2007,Fertility & Sterility,10.1016/j.fertnstert.2007.01.012,,Article,eng,"Objective: To introduce a simple and easy surgical alternative for formation of a neovagina in patients with Mayer-Rokitansky-Küster-Hauser syndrome (MRKHS) that offers reasonable anatomic and functional results. Design: Technique and instrumentation. Setting: University hospital. Patient(s): Two patients with complete vaginal aplasia without a uterus. Intervention(s): Laparoscopic dissection of the rectovaginal space followed by extraperitoneal traction on a Foley catheter to form a neovagina. Main Outcome Measure(s): Width and length of the newly formed vagina, and postoperative feasibility of intravaginal sexual intercourse. Result(s): The results were satisfactory (normal length and width of neovagina), with no complications. Both patients began normal sexual activity within 8 to 10 days after the operation. Conclusion(s): Extraperitoneal traction on a laparoscopically inserted Foley catheter seems to be a promising procedure. An endoscopist of average (i.e., not outstanding) experience can perform it at any endoscopic unit without sophisticated equipment or cystoscopy as it is easy to learn and perform. Relatively lower hospital costs, rapid return to work, and early sexual intercourse make it a reasonable procedure.",88,5,1427-1430
R080,no,EBSCOhost combined export,CINAHL Ultimate,Exploring the psychological impact of Mayer–Rokitansky–Küster–Hauser syndrome on young women: An interpretative phenomenological analysis.,"Patterson, Carolyn J. ; Crawford, Rebecca ; Jahoda, Andrew",2016,Journal of Health Psychology,10.1177/1359105314551077,,Journal Article,English,"This study explored five young women’s experiences of living with Mayer–Rokitansky–Küster–Hauser to offer a unique insight into the social challenges of Mayer–Rokitansky–Küster–Hauser in the transition to adulthood. Non-directive semi-structured interviews took place within the National Health Service settings, and transcripts were analysed using interpretative phenomenological analysis. Four inter-related themes were identified: hindering independence, a sensitivity to difference, managing intimacy and managing threat to identity. The women managed their presentation to others in order to minimise the impact of their diagnosis. Recommendations for further research and implications for services are noted.",21,7,1228-1240
R081,no,EBSCOhost combined export,MEDLINE Ultimate,Creation of neovagina in women with Müllerian agenesis (Mayer-Rokitansky-Küster-Hauser syndrome) using fresh human amnion.,"Gari, Abdulrahim ; Baradwan, Saeed ; Iskandarani, Radiah ; Alkhiary, Ammar Y ; Abumohssin, Abdulmalik ; Abu-Zaid, Ahmed",2024,Obstetrics & gynecology science,10.5468/ogs.24114,,Journal Article,eng,"Objective: Several graft options can be used to construct a neovagina. This study aimed to evaluate the efficacy of creating a neovagina using a fresh human amnion in women with Mayer-Rokitansky-Küster-Hauser (MRKH) syndrome. Methods: Ten patients were analyzed retrospectively. Anatomical success was defined by a postoperative vaginal length ≥5 cm, and a width sufficient to comfortably accommodate the insertion of two fingers. Functional success was achieved when a score of >26.5 was attained on the Arabic validated version of the functional sexual function index (FSFI). Results: Overall, the mean vaginal length before surgery was 2.15±0.85 cm (range, 1.5-4.5). The mean vaginal length after surgery was 5.5±0.53 cm (range, 5-6), and all patients (n=10) achieved anatomical success. The FSFI score after surgery was 29.2±2.4, and eight patients achieved functional success. The mean operative time and estimated blood loss were 83.5±50.31 minutes (range, 42-210) and 122.0±75.69 mL (range, 20-250), respectively. None of the patients required intraoperative blood transfusion or experienced injury to vital organs. Four patients developed postoperative leukocytosis within 48 hours, and one patient experienced chronic pelvic pain that lasted more than 6 months postoperatively. No major postoperative complications, such as pelvic abscesses, open wounds, chronic vaginal discharge, or reoperation, were reported. Conclusion: In conclusion, surgical dissection of the vesicorectal space and utilization of fresh human amnion to create a neovagina over a vaginal mold are technically feasible and safe, and are linked to favorable anatomical and functional outcomes in MRKH patients with vaginal agenesis.",67,6,541-549
R082,no,EBSCOhost combined export,MEDLINE Ultimate,A New Ten-Step Surgical Approach to Mayer-Rokitansky-Küster-Hauser Syndrome-A Preliminary Report of Three Cases.,"Varlas, Valentin Nicolae ; Rhazi, Yassin ; Varlas, Roxana Georgiana ; Ouzaher, Hamza ; Rhazi, Benyounes",2025,Journal of clinical medicine,10.3390/jcm14041136,,Journal Article,eng,": <b>Background:</b> Vaginal reconstruction procedures for patients with Mayer-Rokitansky-Küster-Hauser syndrome (MRKH) have the main purpose of restoring the anatomy to increase the quality of life of these patients. To describe the surgical treatment of patients with type I Mayer-Rokitansky-Küster-Hauser (MRKH) syndrome with complete vaginal agenesis in 10 steps, using a sacropexy technique by a double approach (laparoscopic and perineal), which could help make this procedure more accessible and safer. <b>Methods:</b> The surgical technique was used in a group of three patients diagnosed with MRKH syndrome with vaginal agenesis, in which a neovagina with peritoneal flaps was created, and the reconstruction of the vaginal apex and its sacropexy created the conditions for a favorable and lasting result. <b>Results:</b> Annual reevaluations for up to 5 years revealed a functional neovagina with an average length of approximately 11.33 cm, without stenotic aspects, and no granulation tissue formation. All three cases in which this technique was performed reported sexual activity as expected, excellent quality of life, and good psycho-emotional reintegration. It should be noted that two of the three patients also resolved their marital situation. <b>Conclusions:</b> Although the number of patients in this preliminary report is limited, the surgical technique presented is an effective, safe approach with very good anatomical and functional results at the 5-year follow-up. The favorable surgical outcome of these cases also determined the social integration of the patients, solving some ethnic and religious problems.",14,4,
R083,no,EBSCOhost combined export,MEDLINE Ultimate,Pioneering robotic-assisted Davydov vaginoplasty for Mayer-Rokitansky-Küster-Hauser syndrome.,"Panwar, Vikas Kumar ; Heda, Ayush ; Singh, Gupchee ; Bahadur, Anupama",2025,BMJ case reports,10.1136/bcr-2024-262794,,Journal Article ; Case Reports,eng,": Mayer-Rokitansky-Küster-Hauser (MRKH) syndrome is a disorder marked by the congenital absence of the uterus and vagina. Patients with this condition often present with primary amenorrhoea and normal secondary sexual characteristics. The diagnosis of MRKH syndrome has profound implications for a patient's fertility and psychological well-being, necessitating a multidisciplinary approach that includes psychosocial support. We present a case of a young woman with MRKH syndrome who underwent robot-assisted Davydov's vaginoplasty for neovaginal creation. The procedure used the enhanced precision and visualisation of robotic technology, resulting in the successful formation of a 7 cm neovagina with minimal postoperative complications. The robotic approach to Davydov vaginoplasty, though relatively unexplored in MRKH syndrome, presents several advantages over conventional methods, including greater surgical precision, reduced operative time and quicker recovery. This case highlights the potential benefits of robotic-assisted surgery in MRKH syndrome, offering improved outcomes and contributing to the limited literature on this advanced surgical approach.",18,1,
R084,no,EBSCOhost combined export,MEDLINE Ultimate,Anxiety symptoms in patients with Mayer-Rokitansky-Küster-Hauser syndrome: a cross-sectional study.,"Song, Shuang ; Chen, Na ; Duan, Yan-Ping ; Kang, Jia ; Deng, Shan ; Pan, Hong-Xin ; Zhu, Lan",2020,Chinese medical journal,10.1097/cm9.0000000000000648,,Journal Article,eng,"Background: As a congenital malformation that results in infertility and an inability to have vaginal intercourse, Mayer-Rokitansky-Küster-Hauser (MRKH) syndrome places a considerable psychological burden on patients, which results in anxiety symptoms. However, only single case studies or a few small to medium-sized cross-sectional studies were identified to focus on anxiety symptoms in MRKH patients. Thus, the aim of this study was to explore the status of anxiety symptoms and the related factors in patients with MRKH syndrome. Methods: This cross-sectional study involving 141 patients with MRKH syndrome and 178 healthy women was conducted from January 2018 to December 2018. All participants were required to complete a demographic questionnaire and the Generalized Anxiety Disorder 7-item scale (GAD-7), Patient Health Questionnaire-9, Eysenck Personality Questionnaire-Revised, Short Scale for Chinese, and Chinese Version of the Female Sexual Function Index. The main outcome was the anxiety symptoms measured by the GAD-7. Main outcome was compared between the MRKH syndrome group and the healthy control group. Then, we explored the related factors by comparing patients with and without anxiety symptoms. Results: Of the respondents, 24.1% experienced moderate to severe anxiety symptoms. Patients with MRKH syndrome manifested more severe anxiety symptoms than healthy women. Negative self-evaluation of femininity (odds ratio [OR] 2.706, 95% confidence interval [CI] 1.010-7.247), neurotic personality traits (OR 1.100, 95% CI 1.029-1.175), and coexisting depressive symptoms (OR 4.422, 95% CI 1.498-13.049) were more prevalent in anxious patients. Conclusion: The findings stress the importance of anxiety symptom screening in MRKH patients and identify patients at risk of anxiety symptoms, providing a possible basis for future intervention.",133,4,388-394
R085,no,EBSCOhost combined export,MEDLINE Ultimate,[Sexual functional outcomes of vaginal dilation therapy for MRKH syndrome: a prospective study].,"Duan, J L ; Chen, N ; Gao, Q Q ; Huang, R J ; Song, S ; Kang, J ; Liu, X ; Gu, X Y ; Deng, S ; Zhu, L",2024,Zhonghua fu chan ke za zhi,10.3760/cma.j.cn112141-20240318-00159,,English Abstract ; Journal Article,chi,": <b>Objectives:</b> To report the sexual functional outcomes of vaginal dilation therapy in Mayer-Rokitansky-Küster-Hauser (MRKH) syndrome patients. <b>Methods:</b> From March 2020 to February 2023, 97 MRKH syndrome patients performed vaginal dilation therapy with guidance from Peking Union Medical College Hospital, and 45 of them engaged in penetrative intercourse and were included in this prospective cohort study. The Chinese version of female sexual function index (FSFI) was used to assess sexual function. Functional success was defined as FSFI>23.45. Forty age-matched healthy women were selected as controls. Kaplan-Meier survival analysis was used to calculate the median time to success. Pearson correlation analysis was used to explore the relationship between neovagina length and sexual function. Complications were collected using follow-up questionnaires. <b>Results:</b> The functional success rate of vaginal dilation therapy was 89% (40/45) with a median time to success of 4.3 months (95%<i>CI</i>: 3.0-6.1 months). Compared to controls, MRKH syndrome patients had significantly lower scores in the orgasm domain (4.72±1.01 vs 4.09±1.20; <i>P</i>=0.013) and pain domain (5.03±0.96 vs 4.26±0.83; <i>P</i><0.001). However, there were no significant differences in the FSFI total score (26.77±2.70 vs 26.70±2.33; <i>P</i>=0.912), arousal domain (4.43±0.77 vs 4.56±0.63; <i>P</i>=0.422) and satisfaction domain (4.88±0.98 vs 4.65±0.86; <i>P</i>=0.269) between MRKH syndrome patients and controls. MRKH syndrome patients had significantly higher scores in the desire domain (3.33±0.85 vs 3.95±0.73; <i>P</i><0.001) and lubrication domain (4.37±0.56 vs 5.20±0.67; <i>P</i><0.001). The prevalence of sexual dysfunction in MRKH patients was non-inferior to controls: low desire [3% (1/40) vs 23% (9/40); <i>P</i>=0.007], arousal disorder [3% (1/40) vs 3% (1/40); <i>P</i>>0.999], lubrication disorder [5% (2/40) vs 25% (10/40); <i>P</i>=0.012], orgasm disorder [40% (16/40) vs 20% (8/40); <i>P</i>=0.051], sexual pain [30% (12/40) vs 15% (6/40); <i>P</i>=0.108]. <b>Conclusions:</b> MRKH syndrome patients undergoing non-invasive vaginal dilation therapy could achieve satisfactory sexual life. Given its high functional success rate and slight complication, vaginal dilation therapy should be recommended as the first-line option, reducing the need for unnecessary surgeries.",59,7,540-547
R086,no,EBSCOhost combined export,MEDLINE Ultimate,Sexual and Psychosocial Outcome After Neovaginoplasty Using Interceed in Females with Mayer-Rokitansky-Küster-Hauser Syndrome: A Case-Control Study.,"Jha, Sangam ; Singh, Shalini",2022,Journal of obstetrics and gynaecology Canada : JOGC = Journal d'obstetrique et gynecologie du Canada : JOGC,10.1016/j.jogc.2022.03.018,,Journal Article,eng,": There is a paucity of research on psychosexual outcomes after neo-vaginoplasty in women with Mayer-Rokitansky-Küster-Hauser (MRKH) syndrome. We compared anatomical and psychosexual outcomes between women with MRKH syndrome who had undergone vaginoplasty and age-matched, sexually active, childless women. Outcomes were assessed using the female sexual function index (FSFI), World Health Organization Disability Assessment Schedule (WHODAS 2.0), General Anxiety Disorder-7 (GAD-7) and Patient Health Questionnaire (PHQ-9) tools. Although mean vaginal length was shorter in women with MRKH syndrome than controls (8.6 ± 1.8 cm vs 9.3 ± 2.6 cm), FSFI scores were comparable in both groups (27.8 ± 1.4 vs. 27.3 ± 4.1). Women with MRKH syndrome reported fewer depressive symptoms, and WHODAS 2.0 scores were comparable in both groups (8.9 ± 2.4 vs. 7.8 ± 6.7). Therefore, psychosexual outcomes for women who had undergone neo-vaginoplasty for MRKH syndrome were not different from those of the general population.",44,8,926-930
R087,no,EBSCOhost combined export,MEDLINE Ultimate,Tissue Engineering Opportunities for Vaginal Replacement in a Pediatric Population.,"Foster, Christopher ; Daigle, Ryan ; Rowe, Courtney K",2022,"Tissue engineering. Part B, Reviews",10.1089/ten.teb.2020.0376,,Journal Article ; Review,eng,": Treatment for children born with vaginal agenesis remains difficult, without a clear gold standard for tissue replacement. An autologous-engineered vaginal replacement would significantly improve quality of life for people born with this condition. The aim of this study was to critically review literature on the current state of tissue engineering for vaginal reconstruction in a pediatric population. An electronic literature search was conducted using PubMed for articles describing pediatric vaginal tissue engineering from January 2003 to December 2020. Nine studies met inclusion criteria and were reviewed. The model, methods, cell type and source, scaffold type, and time of analysis and evaluation were compared. Three studies used <i>in vitro</i> and six used an <i>in vivo</i> design. Of the six <i>in vivo</i> studies, one was able to investigate autologous vaginal epithelial cells in human clinical trials. This review discusses the current knowledge and progress of vaginal tissue engineered replacements that can potentially be used as a basis for both future preclinical animal and clinical human studies. Impact statement The current methods of treatment for congenital vaginal anomalies leave room for improvement. The state of tissue engineering may provide a method to improve the surgical interventions provided for these patients, in hopes of providing increased vaginal functionally and quality of life.",28,2,476-487
R088,no,EBSCOhost combined export,Women's Studies International,Surgery is not superior to dilation for the management of vaginal agenesis in Mayer-Rokitansky-Küster-Hauser syndrome: a multicenter comparative observational study in 131 patients.,"Cheikhelard, Alaa ; Bidet, Maud ; Baptiste, Amandine ; Viaud, Magali ; Fagot, Christine ; Khen-Dunlop, Naziha ; Louis-Sylvestre, Christine ; Sarnacki, Sabine ; Touraine, Philippe ; Elie, Caroline ; Aigrain, Yves ; Polak, Michel ; French MRKH Study-Group",2018,American Journal of Obstetrics & Gynecology,10.1016/j.ajog.2018.07.015,,journal article,eng,"<bold>Background: </bold>Vaginal agenesis in Mayer-Rokitansky-Küster-Hauser syndrome can be managed either by various surgeries or dilation. The choice still depends on surgeon's preferences rather than on quality comparative studies and validated protocols.<bold>Objective: </bold>We sought to compare dilation and surgical management of vaginal agenesis in Mayer-Rokitansky-Küster-Hauser syndrome, in terms of quality of life, anatomical results, and complications in a large multicenter population.<bold>Study Design: </bold>Our multicenter study included 131 patients >18 years, at least 1 year after completing vaginal agenesis management. All had an independent gynecological evaluation including a standardized pelvic exam, and completed the World Health Organization Quality of Life instrument (general quality of life) as well as the Female Sexual Function Index and Female Sexual Distress Scale-Revised (sexual quality of life) scales. Groups were: surgery (N = 84), dilation therapy (N = 26), and intercourse (N = 20). One patient was secondarily excluded because of incomplete surgical data. For statistics, data were compared using analysis of variance, Student, Kruskal-Wallis, Wilcoxon, and Student exact test.<bold>Results: </bold>Mean age was 26.5 ± 5.5 years at inclusion. In all groups, World Health Organization Quality of Life scores were not different between patients and the general population except for lower psychosocial health and social relationship scores (which were not different between groups). Global Female Sexual Function Index scores were significantly lower in the surgery and dilation therapy groups (median 26 range [2.8-34.8] and 24.7 [2.6-34.4], respectively) than the intercourse group (30.2 [7.8-34.8], P = .044), which had a higher score only in the satisfaction dimension (P = .004). However, the scores in the other dimensions of Female Sexual Function Index were not different between groups. The Female Sexual Distress Scale-Revised median scores were, respectively, 17 [0-52], 20 [0-47], and 10 [10-40] in the surgery, dilation therapy, and intercourse groups (P = .38), with sexual distress in 71% of patients. Median vaginal depth was shorter in dilatation therapy group (9.6 cm [5.5-12]) compared to surgery group (11 cm [6-15]) and intercourse group (11 cm [6-12.5]) (P = .039), but remained within normal ranges. One bias in the surgery group was the high number of sigmoid vaginoplasties (57/84, 68%), but no differences were observed between surgeries. Only 4 patients achieved vaginas <6.5 cm. Delay between management and first intercourse was 6 months (not significant). Seventy patients (53%) had dyspareunia (not significant), and 17 patients all from the surgery group had an abnormal pelvic exam. In the surgery group, 34 patients (40.5%) had complications, requiring 20 secondary surgeries in 17 patients, and 35 (42%) needed postoperative dilation. In the dilation therapy group, 13 (50%) needed maintenance dilation.<bold>Conclusion: </bold>Surgery is not superior to therapeutic or intercourse dilation, bears complications, and should therefore be only a second-line treatment. Psychological counseling is mandatory at diagnosis and during therapeutic management.",219,3,281.e1-281.e9
R089,no,EBSCOhost combined export,MEDLINE Ultimate,"Comparison of Sheares vaginoplasty, vaginoplasty using acellular porcine small intestinal submucosa graft and laparoscopic peritoneal vaginoplasty in patients with Mayer-Rokitansky-Küster-Hauser syndrome.","Zhou, Qi ; Zhang, Xuyin ; Li, Yanyun ; Hua, Keqin ; Ding, Jingxin",2023,International urogynecology journal,10.1007/s00192-022-05163-z,,Journal Article,eng,"Introduction and Hypothesis: The aim of this study is to compare the perioperative, anatomical and functional outcomes of patients with Mayer-Rokitansky-Küster-Hauser syndrome (MRKHS), undergoing Sheares vaginoplasty, vaginoplasty using acellular porcine small intestinal submucosa (SIS) graft or laparoscopic peritoneal (Davydov) vaginoplasty. Methods: In this retrospective study, a total of 117 patients with MRKHS undergoing creation of a neovagina from 2017 to 2020 were retrospectively investigated. Comparisons between continuous variables were performed using Student's t-test and between qualitative variables using chi-squared tests. Results: The operative time, return of bowel activity and return to work were the longest in the laparoscopic Davydov group (P < 0.001). The total cost was the highest in the SIS graft group (P < 0.001). The length of the neovagina was 7.9 ± 1.2 cm in the Sheares group, 7.1 ± 0.8 cm in the SIS graft group and 8.1 ± 1.1 cm in the laparoscopic Davydov group. The difference in the length of the neovagina was significant (P < 0.001). There was significant difference in the duration of continuous mould wearing (P < 0.001). There were no significant differences in the total female sexual function index (FSFI) scores or in the satisfaction scores of the male partner among the three groups. Conclusion: Sheares vaginoplasty and the vaginoplasty using SIS graft caused less trauma and provided similar functional results to laparoscopic peritoneal vaginoplasty. However, the patients in the Sheares group and SIS graft group needed to wear the mould for a longer duration post-surgery. Sheares vaginoplasty can provide a valuable and economic alternative method for the creation of a neovagina in patients with MRKHS.",34,2,499-505
R090,no,EBSCOhost combined export,MEDLINE Ultimate,Evaluation of the abdominopelvic region using MRI in patients with primary amenorrhea.,"Gündoğdu, Elif ; Emekli, Emre ; Oğuzman, Mehmet ; Kebapçı, Mahmut",2019,Journal of pediatric endocrinology & metabolism : JPEM,10.1515/jpem-2019-0223,,Journal Article,eng,": Background This study aimed to evaluate the imaging findings of patients who underwent an abdominal and pelvic magnetic resonance imaging (MRI) due to primary amenorrhea. Methods The pelvic and abdominal images of 34 female patients (mean age 15.61 years, range 14-19 years) were retrospectively analyzed by a single radiologist blinded to the clinical and laboratory data of the patients (other than primary amenorrhea) to evaluate the etiology of primary amenorrhea. The anatomy and anomalies of the internal genital organs and other accompanying abdominopelvic anomalies were investigated. Results Gonadal dysgenesis was present in 14 patients (41.17%) and Müllerian duct anomalies (MDAs) were present in 20 (58.83%) (Mayer-Rokitansky-Kuster-Hauser [MRKH] syndrome in 13 [65%], distal vaginal obstruction [DVO] findings in five [25%], and obstructed hemivagina and ipsilateral renal anomaly [OHVIRA] syndrome in two [10%]). Seven patients with MRKH (53.84%) were of type 1 and six (46.15%) were of type 2. A total of eight additional anomalies (vertebral and renal) were detected, six in MRKH and two in OHVIRA syndrome cases. Endometrioma and hematosalpinx were observed in one of the five patients with DVO (5%). Conclusions Primary amenorrhea is a common symptom that affects both the physical and psychosocial status of individuals. Determination of the underlying etiology is the first step in planning treatment. The evaluation of internal genital organ anomalies involved in the etiology is important for sexual function and fertility. MRI is a non-invasive imaging modality that should be preferred in these cases as it provides detailed data about the anatomy and anomalies of internal genital organs due to its high soft tissue contrast resolution.",32,9,995-1003
R091,no,EBSCOhost combined export,MEDLINE Ultimate,Psychological correlates of sexual self-esteem in young women with Mayer-Rokitansky-Küster-Hauser syndrome.,"Beisert, Maria J ; Chodecka, Aleksandra M ; Walczyk-Matyja, Katarzyna ; Szymańska-Pytlińska, Marta E ; Kędzia, Witold ; Kapczuk, Karina",2022,Current issues in personality psychology,10.5114/cipp.2022.114044,,Journal Article,eng,"Background: Mayer-Rokitansky-Küster-Hauser syndrome (MRKHS) is a difference (disorder) of sex development that results from Müllerian duct aplasia in 46,XX females. The diagnosis of MRKHS is usually established in late adolescence. The purpose of the study was to assess the impact of congenital absence of uterus and vagina (CAUV) on a patient's psychosexual functioning. Participants and Procedure: Thirty-two women with MRKHS (mean age 22.9 years) and 32 matched healthy controls (mean age 24.75 years) completed three study questionnaires: the Sexual Self-Esteem Inventory for Women, the Rosenberg Self-Esteem Scale, and Minnesota Multiphasic Personality Inventory-2 (MMPI-2). Statistical analysis was performed by IBM SPSS Statistics 22. Results: There was no difference in global self-esteem between the two study groups. MRKHS females had lower sexual self-esteem and experienced higher intensity of some psychological functioning characteristics (paranoia, psychasthenia, schizophrenia) than their peers. Correlations between sexual self-esteem and results on depression, psychopathic deviate, schizophrenia, social introversion and anxiety scales were observed in patients with MRKHS. Global self-esteem and schizophrenia results were significant predictors of sexual self-esteem in the clinical group. Higher global self-esteem and lower results in the schizophrenia scale were associated with higher sexual self-esteem in patients with MRKHS. Conclusions: Psychological and medical counseling of women with MRKHS should address their impaired sexual self-esteem, especially sexual skills and experiences. While the number of diagnostic responses indicating the presence of specific symptoms in MRKHS females is statistically significantly different, the level of scores obtained does not exceed the threshold of clinical pathology.",10,4,333-342
R092,no,EBSCOhost combined export,MEDLINE Ultimate,Sexual life and sexual wellness in individuals with complete androgen insensitivity syndrome (CAIS) and Mayer-Rokitansky-Küster-Hauser Syndrome (MRKHS).,"Fliegner, Maike ; Krupp, Kerstin ; Brunner, Franziska ; Rall, Katharina ; Brucker, Sara Y ; Briken, Peer ; Richter-Appelt, Hertha",2014,The journal of sexual medicine,10.1111/jsm.12321,,"Comparative Study ; Journal Article ; Research Support, Non-U.S. Gov't",eng,"Introduction: Sexual wellness depends on a person's physical and psychological constitution. Complete Androgen Insensitivity Syndrome (CAIS) and Mayer-Rokitansky-Küster-Hauser Syndrome (MRKHS) can compromise sexual well-being. Aims: To compare sexual well-being in CAIS and MRKHS using multiple measures: To assess sexual problems and perceived distress. To gain insight into participants' feelings of inadequacy in social and sexual situations, level of self-esteem and depression. To determine how these psychological factors relate to sexual (dys)function. To uncover what participants see as the source of their sexual problems. Methods: Data were collected using a paper-and-pencil questionnaire. Eleven individuals with CAIS and 49 with MRKHS with/without neovagina treatment were included. Rates of sexual dysfunctions, overall sexual function, feelings of inadequacy in social and sexual situations, self-esteem and depression scores were calculated. Categorizations were used to identify critical cases. Correlations between psychological variables and sexual function were computed. Sexually active subjects were compared with sexually not active participants. A qualitative content analysis was carried out to explore causes of sexual problems. Main Outcome Measures: An extended list of sexual problems based on the Diagnostic and Statistical Manual of Mental Disorders, 4th ed., text revision, by the American Psychiatric Association and related distress. Female Sexual Function Index (FSFI), German Questionnaire on Feelings of Inadequacy in Social and Sexual Situations (FUSS social scale, FUSS sexual scale), Rosenberg Self-Esteem Scale (RSE), Brief Symptom Inventory (BSI) subscale depression. Open question on alleged causes of sexual problems. Results: The results point to a far-reaching lack of sexual confidence and sexual satisfaction in CAIS. In MRKHS apprehension in sexual situations is a source of distress, but sexual problems seem to be more focused on issues of vaginal functioning. MRKHS women report being satisfied with their sex life. Conclusion: Different conditions can affect individuals in diagnosis-specific ways despite some shared clinical features. Professionals should adopt an interdisciplinary approach and provide custom-made care in order to promote sexual well-being in patients.",11,3,729-742
R093,no,EBSCOhost combined export,CINAHL Ultimate,Perspectives of 281 patients with Mayer-Rokitansky-Küster-Hauser Syndrome on uterine transplantation.,"Fischer, Nicole ; Xun, Helen ; Lossie, Amy ; Fadavi, Darya ; Darrach, Halley ; Yesantharao, Pooja ; Kraenzlin, Franca ; Singh, Bhuchitra ; Sacks, Justin M. ; Segars, James H.",2021,Fertility & Sterility,10.1016/j.fertnstert.2020.10.044,,Journal Article,English,"<b>Objectives: </b>To investigate the personal, ethical, and financial perspectives of individuals with Mayer-Rokitansky-Küster-Hauser syndrome (MRKH), a congenital uterine factor infertility condition, regarding uterine transplantation (UTx).<b>Design: </b>Cross-sectional, quantitative survey.<b>Setting: </b>A 60-item anonymous electronic questionnaire was disseminated via social media sites.<b>Patients: </b>International members of the Beautiful You MRKH Foundation.<b>Interventions: </b>None.<b>Main Outcome Measures: </b>The survey contained UTx educational materials followed by questions assessing participants' baseline knowledge, global perceptions, financial concerns, and ethical considerations regarding UTx.<b>Results: </b>We received 281 responses, with a mean participant age of 28.2 ± 9.8 years. After reviewing the education material, most participants considered receiving a UTx (73%), believed that it should be an option for all women with uterine factor infertility (86%), and believed that it should be covered by health insurance (78%). Respondents perceived the benefits of the procedure to outweigh the risks (67%) and considered it to be an ethical procedure (82%). Almost one-half (49%) were willing to spend more than $10,000 out of pocket to receive the procedure. When asked to rank the risk of UTx to self, donor, and fetus in order of personal importance, 21% ranked their own safety last.<b>Conclusion: </b>There is a profound desire in the MRKH community for UTx to become more widely available and affordable. MRKH patients may represent a vulnerable population requiring special considerations for informed consent and rigorous evaluation for UTx. Providers caring for MRKH patients should be prepared to provide education about UTx and to thoughtfully engage with news and media outlets to communicate evidence-supported information.",115,4,1074-1083
R094,no,EBSCOhost combined export,MEDLINE Ultimate,The Sexuality of Adolescents and Young Women With MRKH Syndrome: A Qualitative Study.,"Tsitoura, Anastasia ; Michala, Lina",2021,The journal of sexual medicine,10.1016/j.jsxm.2021.09.006,,Journal Article,eng,"Background: Vaginal agenesis, most commonly referred as Mayer-Rokitansky-Küster-Hauser (MRKH) Syndrome, is mostly diagnosed as primary amenorrhea in teenage girls; although there is plenty of literature concerning the formation of a neovagina, limited research has focused on the psychological burden of this diagnosis to the girls. Aim: To enlighten health providers into the finer aspects of sexuality through the own words and experiences of girls with MRKH under our care. Methods: Women currently undergoing vaginal dilation or who had completed vaginal dilation within the past year were recruited from February 2019 to January 2020. A gynecologist with training in Sexual Medicine conducted a semistructured interview, which was recorded and then transcribed to identify common themes among interviewees. Outcomes: The main outcome explored was the narrative experiences of women with MRKH. Results: 7 women participated, with a mean age of 19.7 (range 17-22 years). None of the girls felt stigmatized, however one reported significant distress at diagnosis, stemming from the attitude of health care professionals and exacerbated by an earlier age at disclosure. All girls accepted that VDT was successful, when it was initiated after they had felt sexual interest and arousal. Exact quantification of the vaginal length at onset, worried 4 as they felt pressurized to achieve a specific length. A few girls reported anxiety over sharing the diagnosis with an intimate partner. All of them pretended at some point to have menses. Childbearing was an important issue for most of the interviewees, but it did not concern them for the time being. All girls had supporting families. However, 5 did not want to share information about VDT with them. One girl reported that openness in discussing genital anatomy, VDT and sexuality, helped her both in completing treatment and adapting in a sexual relationship. Clinical Implications: A multidisciplinary team should aim for age-appropriate disclosure and consultation and guide women through VDT and their sexual relations. Strengths and Limitations: This is a thorough account of women's perceptions regarding VDT and sexuality in MRKH. However, our conclusions may be limited by the small number of participants. Conclusion: Gradual provision of information at disclosure and adjusted timing at VDT may reduce stress in girls with MRKH. Tsitoura A, Michala L. The Sexuality of Adolescents and Young Women With MRKH Syndrome: A Qualitative Study. J Sex Med 2021;18:2012-2019.",18,12,2012-2019
R095,no,EBSCOhost combined export,MEDLINE Ultimate,Comparison of two laparoscopic vaginoplasties using a single peritoneal flap in patients with Mayer-Rokitansky-Küster-Hauser syndrome.,"Zhao, Xiwa ; Zhang, Yanan ; Zhang, Mengmeng ; Zhang, Haibo ; Tian, Yunjie ; Kang, Shan",2022,International urogynecology journal,10.1007/s00192-021-04921-9,,Comparative Study ; Journal Article,eng,"Introduction and Hypothesis: To compare two laparoscopic vaginoplasties using a single peritoneal flap (SPF), namely the Hebei I technique and the Hebei II technique, for creation of a neovagina in patients with Mayer-Rokitansky-Küster-Hauser (MRKH) syndrome. Methods: A comparative retrospective study was conducted at a university-based tertiary care hospital. From September 2008 to September 2019, 72 patients with MRKH syndrome underwent either the Hebei I technique (n = 49) or the Hebei II technique (n = 23). The perioperative results, complications and anatomical outcomes of two groups were recorded and compared. The functional results of patients who became sexually active were assessed through the Female Sexual Function Index (FSFI) questionnaire. Results: Two techniques achieved anatomical and functional success without intraoperative complications. There was no significant difference in perioperative results, anatomical findings and the FSFI scores between the two groups. Patients in the Hebei II group had a relatively shorter operative time than those in the Hebei I group (P = 0.064). What is more, compared with the Hebei I group, the Hebei II group had significantly fewer granulomatous polyps at the top of the neovagina (P = 0.029) and less mucous production of the neovagina (P = 0.025) during the first 3 months after surgery. Conclusions: Both the Hebei I and Hebei II techniques are feasible approaches for creating a neovagina which can bring satisfactory anatomical and sexual outcomes in patients with MRKH syndrome. However, the Hebei II technique may be a good alternative to the Hebei I technique because of its relatively shorter operative time, fewer neovaginal secretions and fewer granulomatous polyps.",33,9,2543-2549
R096,no,EBSCOhost combined export,CINAHL Ultimate,Sexuality after laparoscopic peritoneal vaginoplasty in women with Mayer-Rokitansky-Kuster-Hauser syndrome.,Liu X ; Liu M ; Hua K ; Li B ; Guo SW,2009,Journal of Minimally Invasive Gynecology,10.1016/j.jmig.2009.07.018,,Journal Article,English,,16,6,720-729
R097,no,EBSCOhost combined export,MEDLINE Ultimate,[Sexual activity and quality of life in patients with Mayer-Rokitansky-Kuster-Hauser syndrome].,"Delaine, M ; Ohl, J",2014,"Gynecologie, obstetrique & fertilite",10.1016/j.gyobfe.2014.10.009,,Journal Article,fre,"Objectives: This study evaluated the sexual activity and the quality of life in patients with a Mayer-Rokitansky-Kuster-Hauser (MRKH) syndrome. Patients and Methods: The study is based on a series of patients hospitalized for the treatment of MRKH syndrome in CMCO between 1997 and 2010. Through the medical reports, we recovered information about the pathology, the treatment given and the psychological support proposed to or wished by the patients. The patients also had to answer a questionnary concerning the quality of the informations they received about the treatment, the different types of supports proposed and wanted, their life as a couple and how they communicated about their disease. Results: Eleven medical reports have been reviewed. The patients were aged 21 in average at the moment of the treatment. Three patients had some associated malformations. Different methods of treatment were represented (Frank's method, Vecchietti's technique, sigmoid vaginoplasty, McIndoe's technique). Sexual intercourse was assessed as satisfactory by 4 patients. In 8 cases, the partner accepted well the pathology. Only 4 out of the eleven medical reports mentioned a psychological support. Nine out of the eleven patients accepted to answer the questionnary. Discussion and Conclusion: The review of the literature and our own results show that the patients with MRKH syndrome have a real need for psychological support. They are able to have sexual intercourse that is satisfactory in the domains of excitation, lubrification and desire, especially after treatment. The main problem is the inability to bear children, a problem which might by solved by the future researches about uterus graft and the evolution of the laws concerning gestational surrogacy.",42,12,865-871
R098,no,EBSCOhost combined export,MEDLINE Ultimate,"Gender Role, Gender Identity and Sexual Orientation in CAIS (""XY-Women"") Compared With Subfertile and Infertile 46,XX Women.","Brunner, Franziska ; Fliegner, Maike ; Krupp, Kerstin ; Rall, Katharina ; Brucker, Sara ; Richter-Appelt, Hertha",2016,Journal of sex research,10.1080/00224499.2014.1002124,,"Journal Article ; Research Support, Non-U.S. Gov't",eng,": The perception of gender development of individuals with complete androgen insensitivity syndrome (CAIS) as unambiguously female has recently been challenged in both qualitative data and case reports of male gender identity. The aim of the mixed-method study presented was to examine the self-perception of CAIS individuals regarding different aspects of gender and to identify commonalities and differences in comparison with subfertile and infertile XX-chromosomal women with diagnoses of Mayer-Rokitansky-Küster-Hauser syndrome (MRKHS) and polycystic ovary syndrome (PCOS). The study sample comprised 11 participants with CAIS, 49 with MRKHS, and 55 with PCOS. Gender identity was assessed by means of a multidimensional instrument, which showed significant differences between the CAIS group and the XX-chromosomal women. Other-than-female gender roles and neither-female-nor-male sexes/genders were reported only by individuals with CAIS. The percentage with a not exclusively androphile sexual orientation was unexceptionally high in the CAIS group compared to the prevalence in ""normative"" women and the clinical groups. The findings support the assumption made by Meyer-Bahlburg ( 2010 ) that gender outcome in people with CAIS is more variable than generally stated. Parents and professionals should thus be open to courses of gender development other than typically female in individuals with CAIS.",53,1,109-124
R099,no,EBSCOhost combined export,Women's Studies International,"ACOG Committee Opinion No. 728: Müllerian Agenesis: Diagnosis, Management, And Treatment.",Committee on Adolescent Health Care,2018,Obstetrics & Gynecology,10.1097/aog.0000000000002452,,journal article,eng,"Müllerian agenesis, also referred to as müllerian aplasia, Mayer-Rokitansky-Küster-Hauser syndrome, or vaginal agenesis, has an incidence of 1 per 4,500-5,000 females. Müllerian agenesis is caused by embryologic underdevelopment of the müllerian duct, with resultant agenesis or atresia of the vagina, uterus, or both. Patients with müllerian agenesis usually are identified when they are evaluated for primary amenorrhea with otherwise typical growth and pubertal development. The most important steps in the effective management of müllerian agenesis are correct diagnosis of the underlying condition, evaluation for associated congenital anomalies, and psychosocial counseling in addition to treatment or intervention to address the functional effects of genital anomalies. The psychologic effect of the diagnosis of müllerian agenesis should not be underestimated. All patients with müllerian agenesis should be offered counseling and encouraged to connect with peer support groups. Future options for having children should be addressed with patients: options include adoption and gestational surrogacy. Assisted reproductive techniques with use of a gestational carrier (surrogate) have been shown to be successful for women with müllerian agenesis. Nonsurgical vaginal elongation by dilation should be the first-line approach. When well-counseled and emotionally prepared, almost all patients (90-96%) will be able to achieve anatomic and functional success by primary vaginal dilation. In cases in which surgical intervention is required, referrals to centers with expertise in this area should be considered because few surgeons have extensive experience in construction of the neovagina and surgery by a trained surgeon offers the best opportunity for a successful result.",131,1,196-197
R100,no,EBSCOhost combined export,Women's Studies International,Sexual Dysfunction Treatment in a Patient With Mullerian Agenesy Submitted to Neovaginoplasty: A Case Report.,"Lara, LúciaAlves Silva ; Ferriani, RuiAlberto ; Romão, AdrianaPeterson Mariano Salata ; Junqueira, FláviaRaquel Rosa ; Ferrarese, SanyRose ; Manganaro, AlessandraRicci ; de Sá Rosa-e-Silva, AnaCarolina Japur",2010,Journal of Sex & Marital Therapy,10.1080/00926230903554586,,Case Study,eng,"Vagina agenesis is a rare entity. Mayer-Rokitansky-Kuster-Hauser syndrome is the most significant cause of vagina agenesis, whereas the second most common cause is complete androgen syndrome. Surgical treatment can propitiate a vaginal reconstruction, but sexual function depends on several factors that affect sexual performance. Many reports focus on the intraoperative and postoperative results and only describe the global approach to these patients, but reports focusing on the management of these patients to enable them to have a normal sexual life are lacking. This case report highlights a multidisciplinary treatment for this kind of morbidity and emphasizes the necessity of incorporating careful attention to sexual health in the treatment of these patients so that they may achieve a good therapeutic response, resulting in a pleasurable sexual life and a good quality of living.",36,2,166-172
R101,no,EBSCOhost combined export,CINAHL Ultimate,Rare health condition 27: Mayer-Rokitansky-Küster-Hauser syndrome; and the role of informal caregivers.,"Barber, Chris",2019,British Journal of Healthcare Assistants,10.12968/bjha.2019.13.9.435,,Journal Article,English,"The purpose of this series is to highlight a range of rare health conditions. Rare health conditions are those that affect no more and usually less than 1 person in every 2000 and many HCAs and nurses will encounter some of these conditions, given the high number of them. This 27th article will explore one of these conditions—Mayer-Rokitansky-KüsterHauser syndrome—and the role and support needs of the ‘informal’ family caregiver.",13,9,435-439
R102,no,EBSCOhost combined export,MEDLINE Ultimate,[Uterovaginal agenesis and polycystic ovary syndrome: psychological disturbance in adolescence].,"Laggari, V ; Christogiorgos, S ; Deligeoroglou, E ; Tsiantis, J ; Creatsas, G",2012,Psychiatrike = Psychiatriki,,,English Abstract ; Journal Article,gre,": Mayer-Rokitansky-Küster-Hauser Syndrome (MRKHS) is characterized by complete or partial absence of the vagina, uterus and proximal fallopian tubes and diagnosis is usually made in late adolescence, when primary amenorrhea appears as the major symptom. Polycystic Ovary Syndrome (PCOS), which is the most common endocrine disorder among women of reproductive age, includes a variety of clinical manifestations (menstrual irregularities, hirsuitism, acne, alopecia, obesity and infertility), due to androgen hypersecretion, insulin resistance and chronic anovulation. Both MRKHS and PCOS have been studied concerning the psychological aspects and have been associated with emotional distress as well as self-esteem, body image, identity and femininity impairment. The purpose of this study was to assess psychological functioning in adolescents with uterovaginal agenesis and primary amenorrhea due to MRKHS and those with hyperandrogenism and oligomenorrhea due to PCOS, compared with healthy adolescents. The participants were 70 adolescent girls, of whom 24 with MRKHS, 22 with PCOS and 24 healthy eumenorrheic adolescents (control group) matched by age and school grade. Psychological assessment included self report questionnaires, standardized in Greek population sample. Particularly, the ""Beck Depression Inventory"" (BDI), the ""State-Trait Anxiety Inventory"" (STAI-Gr) and the ""Youth Self Report"" (YSR) were used to measure depression, anxiety and psychopathology respectively, while the ""Symptom Checklist-90-R"" was used to measure psychopathology for the patients >18 years old. The results showed significantly higher scores on the state - anxiety scale for the MRKHS group compared with the control group. The MRKHS patients in late adolescence (18-20 years old) presented also significantly higher scores in depression and psychopathology scales (symptoms of anxiety, aggressive behavior and phobic disorder) than PCOS patients of the same age. On the contrary, regarding PCOS patients, age was negative correlated with attention problems and PCOS patients >18 reported significantly more somatic complaints compared with age-mate MRKHS patients and controls. PCO syndrome's clinical manifestations, including menstrual disorders, hirsuitism, acne, alopecia, obesity and infertility, may cause significant emotional distress. Nevertheless, they appear in great variety and our sample is characterized by mild features of hyperandrogenism and oligomenorrhea. This may explain findings of milder psychological disturbance associated with PCOS in this sample in comparison to other studies. As far as MRKHS is concerned, diagnosis and loss of reproductive ability, especially in late adolescence, obstruct emotional stability, physical maturity and sexual identity development ending that are expected in this period of life. Undoubtedly, the management of MRKHS in adolescence constitutes a complex multidisciplinary issue and psychological support of patients is needed in order to prevent possible psychological consequences and to achieve a normal transition to adulthood. Among the limitations of this study is the small sample size, which limits the generalisability of the reported results, especially in ""Youth Self Report"" and in ""Symptom Checklist-90-R"" questionnaires, where the sample was divided according to the age. Nevertheless, the very low incidence of MRKHS (1/5000) emphasize the value of the present results, which support the need for further investigation.",23,3,203-211
R103,no,EBSCOhost combined export,Women's Studies International,77: Long-term psychological and physical impacts of McIndoe reconstruction in Mayer-Rokitansky-Küster-Hauser syndrome.,"Arora, C. ; Byrnes, J. ; Javed, A. ; Singh, R. ; Klingele, C. ; Gebhart, J.",2018,American Journal of Obstetrics & Gynecology,10.1016/j.ajog.2017.12.096,,Article,eng,,218,,S940-S941
R104,no,EBSCOhost combined export,MEDLINE Ultimate,Study on depressive symptoms in patients with Mayer-Rokitansky-Küster-Hauser syndrome: an analysis of 141 cases.,"Chen, Na ; Song, Shuang ; Duan, Yanping ; Kang, Jia ; Deng, Shan ; Pan, Hongxin ; Zhu, Lan",2020,Orphanet journal of rare diseases,10.1186/s13023-020-01405-9,,"Journal Article ; Research Support, Non-U.S. Gov't",eng,"Background: Mayer-Rokitansky-Küster-Hauser (MRKH) syndrome is a rare congenital disease characterized by uterovaginal agenesis. The diagnosis of MRKH syndrome generally leads to considerable emotional burdens on patients. However, studies focusing on the psychological influence on patients are limited and of unsatisfactory quality. The aim of this study was to investigate the prevalence of depressive symptoms in Chinese patients with MRKH syndrome and to identify the factors associated with depressive symptoms. We recruited 141 patients with MRKH syndrome and 178 age-matched healthy women as control group in this cross-sectional study. Depressive symptoms were assessed by the Patient Health Questionnaire-9 (PHQ-9). Other parameters such as sociodemographic characteristics, treatment histories, personality traits, and attitudes toward femininity and offspring, were also gathered in the self-administered questionnaire. Results: The PHQ-9 score was significantly higher in MRKH patient group than the age-matched control group (7.0 (4.5-11.0) vs. 6.0 (3.0-9.0)), median and IQRs) (P = 0.015). A total of 75.2% of MRKH patients suffered from depressive symptoms, and 34.0% reached a moderate to severe level, while the proportion in the control group was 61.2 and 24.2% respectively. Compared with other age groups, patients in their 20s scored higher on the PHQ-9. Patients with higher neuroticism levels in personality traits (OR 1.19 95% CI 1.11-1.28), negative self-evaluation of femininity (OR 3.964, 95% CI 1.371-11.464) and sexual dysfunction (OR 4.81 95% CI 1.24-18.72) (compared with those having no sexual activity) were more likely to exhibit depressive symptoms. Conclusions: Three-quarters of MRKH patients show depressive symptoms, and one-third of these individuals are even at risk for depressive disorders. Therefore, depressive symptom screening and proper psychotherapy in MRKH patients are of great importance.",15,1,121
R105,no,EBSCOhost combined export,MEDLINE Ultimate,"From Engulfment to Enrichment: Associations Between Illness Representations, Self-Concept, and Psychological Adjustment in Mayer-Rokitansky-Küster-Hauser Syndrome.","Carroll, Susan ; Laufer, Marc R ; Thomas-Kowal, Phaedra ; Lossie, Amy C ; Moss-Morris, Rona",2020,Journal of pediatric and adolescent gynecology,10.1016/j.jpag.2020.07.006,,Journal Article,eng,"Study Objective: Mayer-Rokitansky-Küster-Hauser syndrome (MRKH) is a female reproductive disorder characterized by the absence or underdevelopment of the uterus, cervix and vagina. Limited research has examined factors related to psychological adjustment in MRKH. This study aimed to explore associations among illness representations, self-concept, psychological distress, and self-esteem in MRKH. Design: Cross-sectional. Setting: Participants were recruited globally online and from patient meetings. Participants: A total of 263 patients with MRKH (age 16.1-74.4 years; mean = 31.7 years) completed questionnaires. Intervention: None. Main Outcome Measures: Validated self-reported measures of psychological distress and self-esteem (outcomes) and illness representations, self-concept, social support-seeking, and positive affect (hypothesized correlates) were explored in correlation and hierarchical regression analyses, alongside demographic and clinical variables. Results: Younger age and shorter time since diagnosis was associated with higher distress and lower self-esteem. Patients with MRKH reported significantly higher distress and lower self-esteem than the general population. Higher distress and lower self-esteem were associated with higher reported engulfment (defining one's identity or feeling consumed by MRKH) and beliefs about the serious consequences of MRKH, and lower reported MRKH coherence, enrichment (positive changes to self-identity because of MRKH) and positive affect. Conclusions: Findings suggest that the impact of MRKH on identity plays an important role in adjustment. High perceived coherence and maintenance of positive affect may play a protective role in psychological adjustment. A 12-month follow-up study is planned to examine associations among these variables longitudinally. Baseline data suggest that early availability of psychological support would be beneficial, and interventions focused on identity and psychoeducation about MRKH would be valuable.",33,6,639-648
R106,no,EBSCOhost combined export,MEDLINE Ultimate,Laparoscopic proximal neovaginoplasty using autologous peritoneal graft to correct short vagina.,"Meutia, Alfa Putri ; Kouwagam, Anggrainy Dwifitriana ; Djusad, Suskhan ; Hakim, Surahman ; Priyatini, Tyas ; Harzif, Achmad Kemal",2023,International journal of surgery case reports,10.1016/j.ijscr.2023.108157,,Case Reports ; Journal Article,eng,"Introduction and Importance: Mayer-Rokitansky-Kuster-Hauser (MRKH) syndrome is a rare condition characterized by congenital aplasia of the uterus and upper two-third vagina with normal secondary characteristics. Treatment of this condition consists of non-surgical and surgical management. After nonsurgical Frank method, neovaginal canal may be formed but sometimes the vaginal length may not be adequate to facilitate normal sexual intercourse. Presentation of Case: A 27-year-old woman, sexually active, complained about the difficulty of sexual intercouse. The patient was diagnosed with vaginal agenesis and uterine dysgenesis with normal secondary sexual characteristics and chromosome (46, XX). The patient has had nonsurgical treatment by Frank method for 6 years and as a result we found a 5 cm-vaginal indentation but she still complaint of pain and discomfort during intercourse. Laparoscopy proximal neovaginoplasty using autologous peritoneal graft was performed to add the proximal vaginal length. Discussion: In our case, the patient may have a short vagina as the result from inadequate Frank method dilatation. This may cause dyspareunia and discomfort to her sexual partner. Therefore, laparoscopic proximal neovaginaplasty and uterine band excision were carried out to correct the anatomical restriction and improve her sexual function. Conclusion: Laparoscopic proximal neovaginoplasty is a surgical method to increase proximal vaginal length by using autologous peritoneal graft which shows excellent result. This procedure should be considered in MRKH syndrome patients with unsatisactory nonsurgical treatment result.",106,,108157
R107,no,EBSCOhost combined export,MEDLINE Ultimate,Mayer-Rokitansky-Kuster-Hauser (MRKH) syndrome: it's more than the anatomy.,"Sanfilippo, Joseph S",2009,Journal of pediatric and adolescent gynecology,10.1016/j.jpag.2009.09.010,,Comment ; Editorial,eng,,22,6,337-338
R108,no,EBSCOhost combined export,MEDLINE Ultimate,Neodymium Laser Treatment for Overactive Bladder and Vulvodynia in Mayer-Rokitansky-Küster-Hauser Syndrome Patient: A Case Report.,"Okui, Nobuo ; Ikegami, Tadashi ; Erel, C Tamer",2024,Cureus,10.7759/cureus.53068,,Case Reports ; Journal Article,eng,": The Mayer-Rokitansky-Küster-Hauser (MRKH) syndrome is a condition that affects a small proportion of female individuals at birth, resulting in the absence or underdevelopment of reproductive organs. However, this case report introduces overactive bladder (OAB) and vulvodynia, conditions that have not been previously reported in MRKH patients. The 36-year-old patient began developing breast tissue around the age of 12 but never experienced menstruation. Simultaneously, she started experiencing discomfort in the genital region and frequent urination. These symptoms gradually worsened, making it difficult for her to continue her education, and initially, she was misdiagnosed with a developmental disorder. Typically, the general understanding of MRKH syndrome has focused on reproductive anomalies, but this case underscores its diversity. Diagnostic assessments, including ultrasound, MRI, and various tests, revealed that the patient's severe genital discomfort and urinary symptoms were improved through a specialized Neodymium YAG laser therapy named ""PIANO mode,"" resulting in significant symptom relief and improved quality of life. This report emphasizes the importance of comprehensive and individualized approaches to managing MRKH syndrome. It aims to raise awareness that MRKH syndrome, while often associated with reproductive abnormalities, can also involve related symptoms like OAB and vulvodynia, which can significantly impact daily life.",16,1,e53068
R109,no,EBSCOhost combined export,MEDLINE Ultimate,"Pelvic pain in patients with complex mullerian anomalies including Mayer-Rokitansky-Kuster-Hauser syndrome (MRKH), obstructed hemi-vagina ipsilateral renal anomaly (OHVIRA), and complex cloaca.","Schall, Kathy ; Parks, Melissa ; Nemivant, Samantha ; Hernandez, Janett ; Weidler, Erica M",2019,Seminars in pediatric surgery,10.1016/j.sempedsurg.2019.150842,,Journal Article,eng,": Caring for patients with congenital pelvic anomalies can be challenging in many ways but one crucial aspect is providing longitudinal into adulthood. Newborns with urinary, intestinal or vaginal obstruction require urgent operations to relieve obstruction followed by multiple reconstructive procedures involving the perineum. Openings are created in the pelvic floor musculature that did not exist in development. Adolescence presents further challenges for these postoperative patients while other diagnoses present for the first time in the peri-pubertal teenage years. Young adults can have new symptoms when they become sexually active and are faced with reproductive decisions. During all of these time periods, optimization of function is of paramount importance and patients who are suffering are not able to participate in school, sports or work. This study evaluates the prevalence of pelvic pain in newborns and adolescents with complex congenital pelvic anomalies, associated factors and possible treatment options.",28,5,150842
R110,no,EBSCOhost combined export,CINAHL Ultimate,Evaluation of amnion in creation of neovagina in women with Mayer-Rokitansky-Kuster-Hauser syndrome.,"Vatsa, Richa ; Bharti, Juhi ; Roy, Kallol Kumar ; Kumar, Sunesh ; Sharma, Jai Bhagwan ; Singh, Neeta ; Singhal, Seema ; Meena, Jyoti",2017,Fertility & Sterility,10.1016/j.fertnstert.2017.05.026,,Journal Article,English,"<b>Objective: </b>To assess the outcome of amnion vaginoplasty in cases of vaginal agenesis due to Mayer-Rokitansky-Kuster-Hauser (MRKH) syndrome managed at the authors' institution.<b>Design: </b>Retrospective study.<b>Setting: </b>Tertiary care hospital.<b>Patient(s): </b>Fifty women with MRKH who underwent neovaginoplasty.<b>Intervention(s): </b>Modified McIndoe's vaginoplasty was done in all the patients, using human amnion graft.<b>Main Outcome Measure(s): </b>Functional status assessed by Female Sexual Function Index, anatomic status (length and width of neovagina), and epithelialization of vagina.<b>Result(s): </b>Mean (±SD) vaginal length after surgery was 8.2 ± 1 cm. Mean vaginal length at 6-month follow-up in sexually active patients was significantly longer as compared with the patients who were not sexually active after surgery (8.4 ± 1.04 cm vs. 6.6 ± 2.4 cm). Mean Female Sexual Function Index score was 30.8 ± 2.1. Vaginal biopsy showed complete epithelialization of vaginal mucosa.<b>Conclusion(s): </b>In a developing nation like India, McIndoe's method with amnion graft seems to be a promising option owing to its low cost, easy availability, and safety, ease of the procedure not requiring any special instrument, physiologic outcome with respect to epithelialization of the vagina without hair growth, and satisfying functional outcome.",108,2,341-345
R111,no,EBSCOhost combined export,MEDLINE Ultimate,Syndrome Mayer-Rokitansky-Küster-Hauser - uterine and vaginal agenesis: current knowledge and therapeutic options.,"Chmel, R, Jr ; Pastor, Z ; Mužík, M ; Brtnický, T ; Nováčková, M",2019,Ceska gynekologie,,,Journal Article ; Review,eng,"Objective: Evaluation of existing knowledge of etiopathogenesis, clinical manifestations and treatment options to increase quality of life in women with Mayer-Rokitansky-Küster-Hauser syndrome (MRKH). Design: Review article. Setting: Department of Obstetrics and Gynaecology, Second Faculty of Medicine, Charles University and Motol University Hospital, Prague. Methods: Literature search using the Web of Science, Google Scholar and Medline databases with keywords (absolute uterine infertility factor, AUFI, Mayer-Rokitansky-Küster-Hauser syndrome, MRKH, uterine transplantation) and analysis of articles published in impact and reviewed journals. Results: MRKH syndrome is defined as congenital agenesis of the upper two-thirds of vagina and uterus in women with normal secondary sexual characteristics and female karyotype (46, XX). The incidence of the syndrome is 1 : 4500 births of female sex children. It is the second most common cause of primary amenorrhea. Recent research has focused on elucidating the genetic origin of the disease, focusing on the research of candidate genes that could be participating in the genesis of Müllerian ducts and their derivatives. Conclusion: MRKH syndrome now appears as a multifactorial congenital developmental defect based on a combination of genetic predisposition and environmental factors. Modern medicine can help girls with MRKH syndrome to a quality sexual life. It is also able to offer different possibilities of achieving motherhood. In the future, however, further research is needed, in particular on the etiology and pathogenesis of this syndrome to detect a possible genetic basis of the disease.",84,5,386-392
R112,no,EBSCOhost combined export,MEDLINE Ultimate,International Experiences with Vaginal Lengthening Treatment Among Individuals with Müllerian Agenesis: A Mixed-Methods Study.,"Pennesi, Christine M ; Berkeley, Jane ; Lossie, Amy C ; Quint, Elisabeth H ; Zieman, Kristy D ; Carroll, Susan",2023,Journal of pediatric and adolescent gynecology,10.1016/j.jpag.2023.05.004,,Journal Article,eng,"Study Objective: To understand variations and experiences of vaginal lengthening internationally in individuals with congenital underdevelopment of the uterus, cervix, and upper vagina or Müllerian agenesis METHODS: In this study, we used a cross-sectional mixed-methods design incorporating quantitative and qualitative questionnaires. Adults with Müllerian agenesis completed questionnaires with quantitative and open-ended qualitative questions about their vaginal lengthening experiences. Data were analyzed using descriptive statistics and inductive thematic analysis. Results: Of 616 respondents meeting inclusion criteria (representing 40 countries), 46% (n = 284) reported no vaginal lengthening intervention. Vaginal lengthening was commonly reported by participants from North America and Europe (59%) and less commonly by participants from Africa, Asia, and South America (16%). Of those who had undergone vaginal lengthening, 72% reported dilator use, 34% coital dilation, and 39% surgery. Four major themes were identified in response to the open-ended vaginal lengthening experience question: (1) difficult physical symptoms, (2) practical and psychosocial challenges, (3) intimate relationships and sexual satisfaction, and (4) impact of experiences with healthcare providers. Conclusion: This study highlights vaginal lengthening practices internationally and shared themes related to significant challenges and positive experiences. The findings show room for improvement in the counseling and care surrounding vaginal lengthening. Future research should investigate factors that influence decision-making about vaginal lengthening and work toward international consensus on best care practices in Müllerian agenesis.",36,5,476-483
R113,no,EBSCOhost combined export,CINAHL Ultimate,Neovagina Creation: A Novel Improved Laparoscopic Vecchietti Procedure in Patients with Mayer-Rokitansky-Küster-Hauster Syndrome.,"Wang, Yi-yi ; Duan, Hua ; Zhang, Xiang-ning ; Wang, Sha",2021,Journal of Minimally Invasive Gynecology,10.1016/j.jmig.2020.04.006,,Journal Article,English,"<b>Study Objective: </b>To report a new improved laparoscopic Vecchietti vaginoplasty in patients with congenital vaginal agenesis and to investigate its efficacy and safety.<b>Design: </b>A retrospective descriptive and case-control study.<b>Setting: </b>Single academic institution.<b>Patients: </b>Women who were diagnosed with Mayer-Rokitansky-Küster-Hauster (MRKH) syndrome and underwent our new improved laparoscopic Vecchietti procedure from July 2010 to June 2019 were selected as the study group. The eligible participants had congenital vaginal agenesis with normal 46,XX karyotype and ovarian function. Age-matched, nulliparous, sexually active women were selected as the control group.<b>Interventions: </b>Women with MRKH syndrome in the study group underwent the novel improved laparoscopic Vecchietti procedure. All participants in both groups were required to complete Female Sexual Function Index and Female Genital Self-Image Scale questionnaires.<b>Measurements and Main Results: </b>The effects of our procedure, including the anatomic and functional efficacy of the neovagina, were the primary outcomes. The secondary outcomes consisted of the perioperative complications, surgical morbidities, and long-term postoperative discomfort. A total of 79 patients with MRKH syndrome underwent our new improved Vecchietti vaginoplasty, of whom 44 (55.7%) were diagnosed as Type I MRKH syndrome, whereas 35 (44.3%) were Type II MRKH syndrome. At a 30-month follow-up after surgery, an anatomic neovagina measuring 10.44 cm in length and 1.30 cm in width was achieved. All 79 patients obtained anatomic success with 92.41% of functional efficacy. Compared with 81 age-matched, nulliparous women in the control group, there was no statistical difference regardless of individual measure or total Female Sexual Function Index scores (p >.05). The Female Genital Self-Image Scale assessment showed a significantly lower score in patients undergoing the vaginoplasty (20.14 ± 3.05 vs 22.95 ± 2.12; p <.001). There were no severe perioperative complications except 1 mild bladder injury and 1 transient fever.<b>Conclusion: </b>Our novel improved laparoscopic Vecchietti vaginoplasty is a relatively safe and effective method for surgical treatment of congenital vaginal agenesis. It may be an alternative to neovagina creation for reaching satisfying anatomic and functional efficacy and improving patients' sexual function.",28,1,82-92
R114,no,EBSCOhost combined export,MEDLINE Ultimate,"Treatment guidelines for persistent cloaca, cloacal exstrophy, and Mayer-Rokitansky-Küster-Häuser syndrome for the appropriate transitional care of patients.","Kubota, Masayuki ; Osuga, Yutaka ; Kato, Kiyoko ; Ishikura, Kenji ; Kaneko, Kazunari ; Akazawa, Kohhei ; Yonekura, Takeo ; Tazuke, Yuko ; Ieiri, Satoshi ; Fujino, Akihiko ; Ueno, Shigeru ; Hayashi, Yutaro ; Yoshino, Kaoru ; Yanai, Toshihiro ; Iwai, Jun ; Yamaguchi, Takanori ; Amae, Shintaro ; Yamazaki, Yuichiro ; Sugita, Yoshifumi ; Kohno, Miyuki ; Kanamori, Yutaka ; Bitoh, Yuko ; Shinkai, Masato ; Ohno, Yasuharu ; Kinoshita, Yoshiaki",2019,Surgery today,10.1007/s00595-019-01810-z,,Journal Article ; Review,eng,": We developed treatment guidelines (TGs) for appropriate transitional care of the genitourinary system in patients with persistent cloaca (PC), cloacal exstrophy (CE), or Mayer-Rokitansky-Küster-Häuser syndrome (MRKH). These TGs are in accordance with the Medical Information Network Distribution Service (Minds), published in 2014 in Japan. Clinical questions (CQs) concerning treatment outcomes of the genitourinary system, pregnancy and delivery, and quality of life in adulthood were prepared as six themes for PC and CE and five themes for MRKH. We were able to publish statements on chronic renal dysfunction, hydrometrocolpos, and pregnancy, based on four CQs about PC, four about CE, and two about MRKH, respectively. However, due to the paucity of proper manuscripts, we were unable to make conclusions about the correct timing and method of vaginoplasty for patients with PC, CE, and MRKH or the usefulness of early bladder closure for patients with CE. These TGs may help clarify the current treatments for PC, CE, and MRKH in childhood, which have been carried out on an institutional basis. To improve clinical outcomes, systematic clinical trials revealing comprehensive clinical data of the urinary and reproductive systems, especially the length of the common channel in PC, are essential.",49,12,985-1002
R115,no,EBSCOhost combined export,MEDLINE Ultimate,Effects of different vaginal mould use approaches after vaginoplasty with artificial dermis in patients with Mayer-Rokitansky-Küster-Hauser syndrome.,"Wang, Wenli ; Chen, Fang ; Cheng, Jiumei ; Peng, Shuyan ; Ye, Hong",2021,The Journal of international medical research,10.1177/0300060521990519,,Journal Article,eng,"Objective: To assess the therapeutic effects of different vaginal mould use approaches after vaginoplasty in patients with Mayer-Rokitansky-Küster-Hauser (MRKH) syndrome. Methods: Patients with MRKH syndrome who underwent surgery from 2010 to 2015 in our hospital were retrospectively evaluated. Vaginoplasty was performed with artificial dermis, and vaginal moulds were used for 6 months postoperatively. The patients were divided into an intermittent group and continuous group according to the vaginal mould approach. Results: Thirty-five patients were evaluated (intermittent group, 19 patients; continuous group, 16 patients). One month postoperatively, the mean vaginal length and width in the intermittent group were 9.26 ± 0.56 and 3.82 ± 0.25 cm, respectively, and those in the continuous group were 9.44 ± 0.51 and 3.86 ± 0.22 cm, respectively. Six months postoperatively, the mean vaginal length and width in the intermittent group were 8.94 ± 0.71 and 3.76 ± 0.26 cm, respectively, and those in the continuous group were 8.69 ± 0.48 and 3.65 ± 0.30 cm, respectively. The mean Female Sexual Function Index scores in the intermittent and continuous groups were 28.61 ± 0.71 and 28.4 80 ±0.79 respectively, after normal sexual life. Conclusion: Both intermittent and continuous use of postoperative vaginal moulds may be effective.",49,2,300060521990519
R116,no,EBSCOhost combined export,Women's Studies International,Long-Term Outcomes of Vaginoplasty With Autologous Buccal Micromucosa.,Feng-yong Li ; Yan-sheng Xu ; Chuan-de Zhou ; YU Zhou ; Sen-kai Li ; Qiang Li,2014,Obstetrics & Gynecology,10.1097/aog.0000000000000161,,Article,eng,"OBJECTIVE: To evaluate the technical feasibility and anatomical and functional outcomes of one-stage vaginoplasty with autologous buccal micromucosa. METHODS: We retrospectively reviewed our experiences with 38 patients with vaginal agenesis treated with primary surgery from June 2006 to April 2012. All patients underwent transvestibular vaginoplasty with autologous buccal micromucosa. We describe the details of this technique and evaluate the long-term anatomical, functional, and sexual outcomes. RESULTS: A total of 38 patients (33 with Mayer-Rokitansky-Kuster-Hauser syndrome and five with complete androgen insensitivity syndrome) were included in the present study. The mean operative time was 86.4 minutes (range 75-120 minutes). The mean blood loss was 68.5 mL (range 40-80 mL). At a mean follow-up of 33.4 months (range 15-76 months), the mean depth of the neovagina was 8.5±0.66 cm (range 7-10 cm), the mean circumference was 12.3±1.24 cm (range 10-15 cm), and the mean volume was 100±8 mL (range 85-120 mL). By histologic examination, we found the neovaginal mucosa was stratified nonkeratinized squamous mucosa and had secretory function. The mean female sexual function index score of the 32 sexually active patients was 28.8±2.1. No spouse reported discomfort during intercourse. The mean postoperative dependence on the vaginal stent was 15±2.1 months (range 9-20 months). CONCLUSION: Transvestibular vaginoplasty with autologous buccal micromucosa is an effective and feasible approach for patients with Mayer-Rokitansky-Kuster-Hauser syndrome and complete androgen insensitivity syndrome. The procedure has satisfactory long-term anatomical and functional results.",123,5,951-956
R117,no,EBSCOhost combined export,MEDLINE Ultimate,Long term sexual outcomes of Mayer Rokitansky Küster Hauser Syndrome patients after Uncu-modified Davydov procedure.,"Aslan, K ; Gurbuz, T B ; Orhan, A ; Kasapoglu, I ; Ozerkan, K ; Uncu, G",2023,"Facts, views & vision in ObGyn",10.52054/fvvo.15.3.091,,Journal Article,eng,"Background: Mayer-Rokitansky-Küster-Hauser (MRKH) syndrome has an incidence of 1 in 4000. The absence of the vagina and uterus results in sexual dysfunction and infertility. The first-line treatment is vaginal dilatation. There exists a number of second-line surgical options including the Uncu-modified Davydov procedure. Objective: To determine the complication rate, anatomical outcomes, and long-term sexual outcomes of MRKH syndrome patients after Uncu-modified Davydov procedure. Materials and Methods: Patients with MRKH syndrome who underwent paramesonephric remnant-supported laparoscopic double-layer peritoneal pull-down vaginoplasty (aka Uncu-modified Davydov procedure) between January 2008 and December 2021. The procedure involves laparoscopic circular dissection of the pelvic peritoneum followed by pulling down, through the opened vaginal orifice, and suturing the vaginal cuff with the support of uterine remnants. The long-term complication rate, anatomical outcomes, and sexual function outcomes (as measured by Female Sexual Function Index (FSFI)) were ascertained. Main Outcome Measures: Main Outcome Measures: The long-term complication rate, anatomical outcomes and FSFI survey results. Results: A total of 50 patients with MRKH syndrome underwent the Uncu-modified Davydov procedure between Jan 2008- Dec 2021. There were four perioperative complications: three bladder injuries (6%) and one rectal serosa injury (2%). Four long-term postoperative complications were identified: one vesicovaginal fistula (2%), one recto-vaginal fistula (2%), and two vaginal stenoses (4%). All patients were physically examined at least one year after surgery. The mean vaginal length was 8.4 + 1.9 cm. The mean FSFI score was 31.5 + 3.9 (minimum score of 24, maximum score of 36). Conclusion: Conclusion: The Uncu-modified Davydov procedure has been demonstrated to be a safe and effective treatment option with high female sexual function index scores for patients with MRKH syndrome. What Is New?: The long-term complication rate, anatomical and sexual outcomes of Uncu-modified laparoscopic peritoneal pull-down vaginoplasty were reported in this study. The results indicated that the surgical approach could be used in selective MRKH patients who failed first-line self-dilatation therapy.",15,3,235-242
R118,no,EBSCOhost combined export,MEDLINE Ultimate,Sexual satisfaction in patients with Mayer-Rokitansky-Küster-Hauser syndrome after surgical and non-surgical techniques: a systematic review.,"Dabaghi, Sahar ; Zandi, Mitra ; Ilkhani, Mahnaz",2019,International urogynecology journal,10.1007/s00192-018-3854-5,,Journal Article ; Systematic Review,eng,"Introduction and Hypothesis: The treatment and mental support of patients with Mayer-Rokitansky-Küster-Hauser syndrome are very important. Many of these patients seek treatment to improve their sexual relationships and the quality of their sexual life. This systematic review sought to evaluate the sexual satisfaction of patients with MRKH syndrome following various types of vaginoplasty and non-surgical procedures over the past 10 years. Methods: A systematic review of studies published in English during 2008-2018 was performed. Electronic databases and valid sites, including PubMed, EMBASE, Science Direct, Cochrane Library, SCOPUS, Ovid, and ProQuest, were searched for articles published from the beginning of 2008 to February 2018. Literature restricted to women with Mayer-Rokitansky-Küster-Hauser syndrome who underwent vaginoplasty surgery or a non-surgical technique was reviewed. Of 195 papers identified, 45 articles were analyzed. All studies that reported sexual and functional outcomes following various vaginoplasty procedures and non-surgical procedures were selected. Results: Greater vaginal length and higher sexual satisfaction were observed following surgical procedures than after non-surgical techniques. A range of complications was reported following the use of different surgical approaches. The Female Sexual Function Index (FSFI) was the most commonly applied tool to measure sexual satisfaction, but its results were not always in agreement with the findings of other research tools. Finally, women who underwent surgical techniques had higher sexual activity levels than those who received non-surgical procedures. Conclusion: The reviewed studies highlighted the need for further quantitative and qualitative research on the sexual performance and outcomes of patients with MRKH syndrome. Registration Number: None.",30,3,353-362
R119,no,EBSCOhost combined export,MEDLINE Ultimate,Ischial Spinous Fascia Fixation for Dilated Neovaginal Prolapse in Mayer-Rokitansky-Küster-Hauser Syndrome-2 Case Reports.,"Wang, Yuan ; Ren, Chang ; Bao, Xinmiao ; Kang, Jia ; Ma, Yidi ; Zhu, Lan",2022,Journal of pediatric and adolescent gynecology,10.1016/j.jpag.2021.10.014,,Case Reports ; Journal Article,eng,"Background: Mayer-Rokitansky-Küster-Hauser (MRKH) syndrome, as congenital anomaly of the female reproductive tract, is characterized by the congenital absence of uterus and vagina. Dilation maneuver was recommended as the nonsurgical treatment for these patients. However, only several cases were reported depicting the prolapse of the dilated neovagina of patients with MRKH syndrome. Case: We report our own experiences in treating 2 patients with neovaginal prolapse MRKH syndrome receiving ischial spinous fascia fixation (ISFF) and reviewed neovaginal prolapse occurrence in MRKH syndrome. In our approach to evaluating the anatomic and functional outcome after operation, we compared the prolapse stage with Pelvic Organ Prolapse Quantification score and analyzed sexual activities by the standardized Female Sexual Function Index<sup>1</sup> (FSFI) and Modified Body Image Scale<sup>2</sup> (MBIS). Summary and Conclusion: Both subjective and objective improvement were observed in these 2 patients.",35,3,396-399
R120,no,EBSCOhost combined export,MEDLINE Ultimate,Postoperative outcomes of sigmoid colon vaginoplasty for vaginal agenesis: A randomized controlled trial.,"Delshad, Salahedin ; Delshad, Balal ; Mogheimi, Parisa",2022,Annals of medicine and surgery (2012),10.1016/j.amsu.2022.103833,,Journal Article,eng,"Objective: Mayer-Rokitansky-Kuster-Hauser syndrome (MRKH) is a rare disorder in women that is associated with vaginal agenesis and hypoplasia or loss of uterus. In this study we aim to study the outcome of sigmoid colon vaginoplasty among MRKH patients with vaginal agenesis. Methods: In this randomized clinical trial study, from 2017 to 2021, 39 patients were reported to our center with vaginal agenesis as a result of MRKH. Patients were treated with sigmoid colon vaginoplasty and postoperative outcomes such as Female sexual function index (FSFI), depth of vaginal cavity, and postoperative complications were evaluated. Results: The mean age of the patients was 32.3 ± 2.3 years. 18 patients (46.2%) were diagnosed using MRI whereas 21 patients (53.8%) were diagnosed with exploratory laparoscopy. The mean vaginal depth before and after the surgery was 2.8 cm and 17.3 cm, respectively. One patient (2.6%) developed fistula, and peritonitis due to perforation of the vagina, 26 months after surgery, respectively. Of 10 patients who were sexually active after the surgery, all of these patients were sexually satisfied. The FSFI was 32 ± 3.9. Conclusion: The postoperative complications after sigmoid colon vaginoplasty were minimum and all the sexually active patients were sexually active. This method appears to be an effective for surgical treatment of vaginal agenesis.",78,,103833
R121,no,EBSCOhost combined export,CINAHL Ultimate,Mullerian dysgenesis: a critical review of the literature.,"Choussein, Souzana ; Nasioudis, Dimitrios ; Schizas, Dimitrios ; Economopoulos, Konstantinos ; Economopoulos, Konstantinos P",2017,Archives of Gynecology & Obstetrics,10.1007/s00404-017-4372-2,,Journal Article,English,"<b>Purpose: </b>To present an update of the genetic, clinical, diagnostic, and therapeutic aspects of Mayer-Rokitansky-Kuster-Hauser (MRKH) syndrome.<b>Methods: </b>Studies were considered eligible if they have evaluated patients with MRKH syndrome. Eligible articles were identified by a search of MEDLINE bibliographical database from 1950 to August 2016. A purely descriptive approach was adopted concerning all outcomes examined by the individual studies.<b>Results: </b>MRKH syndrome is defined as congenital aplasia of the upper vagina and impairment of uterine development in normal 46XX females. Accounting for 1:4500 women, MRKH is the second most common cause of primary amenorrhea following gonadal dysgenesis. Potential association of MRKH syndrome to specific genes has been the focus of recent research. Null-association results of HOXA genes and Wnt5a, Wnt7a, and Wnt9a have been reported, while point mutations of the WNT4 gene point mutations have been associated with an MRKH-like syndrome characterized by Mullerian duct regression and hyperandrogenism. Ultrasound and Magnetic Resonance Imaging (MRI) are the main techniques to establish an accurate diagnosis of the syndrome. Several non-surgical and surgical procedures have been reported for the creation of a functional neovagina; in general, non-surgical treatment should be the first initially pursued. Along with psychological support, recent developments in assisted reproductive technologies of IVF techniques and the availability of gestational surrogacy, as well as the recent breakthrough of successful uterus transplantation, enable women with MRKH syndrome to attain their own genetic child.<b>Conclusion(s): </b>MRKH syndrome is a medical modality with important social, legal, and ethical projections that require a multi-disciplinary approach.",295,6,1369-1381
R122,no,EBSCOhost combined export,MEDLINE Ultimate,Comparing Anatomical and Functional Outcomes of Two Neovaginoplasty Techniques for Mayer-Rokitansky-Küster-Hauser Syndrome: A Ten-Year Retrospective Study with Swine Small Intestinal Submucosa and Homologous Skin Grafts.,"Xu, Hui ; Hou, Shuhui ; Ruan, Zhengyi ; Liu, Jianhua",2023,Therapeutics and clinical risk management,10.2147/tcrm.s415672,,Journal Article,eng,"Objective: This study aimed to compare the anatomical and functional outcomes of the modified McIndoe vaginoplasty for Mayer-Rokitansky-Küster-Hauser (MRKH) syndrome using swine small intestinal submucosa (SIS) graft or homologous skin grafts. Methods: A total of 115 patients with MRKHs who underwent neovaginoplasty between January 2012 and December 2021 were included in the study. Among them, 84 patients received vaginal reconstruction with SIS graft, whereas 31 neovaginoplasty underwent a skin graft procedure. The length and width of the neovagina were measured, and sexual satisfaction was evaluated using the Female Sexual Function Index (FSFI). The operation details, cost, and complications were also assessed. Results: The SIS graft group had a significantly shorter mean operation time (61.13±7.17min) and less bleeding during the operation (38.57±9.46mL) compared to the skin graft group (92.1±9.47min and 55.81±8.28mL, respectively). The mean length and width of the neovagina in the SIS group were comparable to the skin graft group at 6 months follow-up (7.73±0.57 cm versus 7.6±0.62cm, P=0.32). The SIS group had a higher total FSFI index than the skin graft group (27.44±1.58 versus 25.33±2.16, P=0.001). Conclusion: The modified McIndoe neovaginoplasty using SIS graft is a safe and effective alternative to homologous skin grafts. It results in comparable anatomical outcomes and superior sexual and functional outcomes. Overall, these results suggest that the modified McIndoe neovaginoplasty using SIS graft is preferred for MRKH patients who require vaginal reconstruction.",19,,557-565
R123,no,EBSCOhost combined export,CINAHL Ultimate,Mayer-Rokitansky-Küster-Hauser syndrome with rare findings of inferior crossed-fused renal ectopia and Gartner's duct cyst: a video case report.,"Liang, Guiling ; Xia, Wei ; Liang, Yan ; Zhu, Qian ; Zou, Lujia ; Zhang, Jian ; Jiang, Haowen",2021,Fertility & Sterility,10.1016/j.fertnstert.2020.08.1433,,Journal Article,English,"<b>Objective: </b>To describe the treatments of a patient using the laparoscopic Davydov's method for Mayer-Rokitansky-Küster-Hauser (MRKH) syndrome and ureteral reimplantation for hydronephrosis and hydroureter.<b>Design: </b>Surgical video article. A consent form from the patient was obtained as appropriate; the nature of the study did not necessitate ethics committee approval. There were no conflicts of interest.<b>Setting: </b>University hospital.<b>Patient(s): </b>A 28-year-old woman who presented at our gynecology department with the symptoms of primary amenorrhea and difficult intercourse. She had repaired congenital rectovestibular fistula and imperforate anus at the age of 8. At physical examination, she had a phenotypically normal vulva with a vaginal small pouch (0.5 cm). Magnetic resonance imaging of the pelvis revealed normal ovaries, a primordial uterus, absence of vaginal canal, and a 4.0 × 4.2 × 4.0 cm cystic structure posterior to the bladder. Magnetic resonance urography showed right to left renal crossed-ectopia with inferior fusion, and hydronephrosis and hydroureter from the superior kidney with Grade Ⅳ vesicoureteral reflux. Karyotype was 46, XX.<b>Intervention(s): </b>Saline solution 300 mL was injected into the rectovesical space with an infusion of diluted adrenaline (1:200,000). The goal of this injection was to aid in the identification of tissue planes and reduce blood loss. The space between urethra/bladder and rectum progressively was dissected. Blunt dissection was performed initially with digital separation of tissues. Then, an 8-cm-long neovaginal vault of about 3 cm in diameter was created. The mobilized peritoneum was pulled downward with eight Vicryl sutures and connected to the vaginal epithelium. By cystoscope, we found the left orifice but could not find the right orifice of the hydroureter. Then we ligated the hydroureter by 2-0 absorbable suture near the cyst and cut off the hydroureter, and then incised of all the layers at the top of the bladder to make a bladder flap. We placed the 5 Fr double J stent in the hydroureter and the bladder and anastomozed with the ureteral stump (3-0 Vicryl). Then we removed the cyst laparoscopically. We performed a purse-string stitch to create the apex of the neovagina by taking posterior serosa of the bladder, the pelvic peritoneum between the ovary and rectum, primordial uterus, and anterior rectal serosa.<b>Main Outcome Measure(s): </b>Measurement of the final canal length, sexual function (Female Sexual Function Index), and degree of hydronephrosis.<b>Result(s): </b>Three days later, we started to change the vaginal mold and the patient was advised to wear it day and night for the first postoperative month. The vaginal mold had to be worn each night until normal sexual intercourse was possible. Findings confirmed the cyst was Gartner's duct cyst. One year after the surgery, the final canal length was 9 cm and Female Sexual Function Index score was 28. The ultrasound showed that the degree of hydronephrosis of upper moiety was mild.<b>Conclusion(s): </b>The distal Wolffian ducts in the female are absorbed but may persist as vestigial remnants (Gartner's duct cysts). A few cases of the combined urogenital-Wolffian anomalies are reported; most of them are associated with the anomalies of müllerian duct fusion, such as Herlyn-Werner-Wunderlich syndrome (uterus didelphys, obstructed hemivagina, and mesonephric duct anomalies). The embryogenesis of the combined anomalies is not completely understood. With comprehensive preoperative assessments, laparoscopic surgery could be a safe and effective treatment to these cases.",115,2,525-527
R124,no,EBSCOhost combined export,Women's Studies International,P088Uterine cramping and bleeding in transgender and nonbinary individuals on gender-affirming testosterone therapy.,"Sobieraj, JC ; Borah, L ; Peitzmeier, SM ; Moravek, MB ; Todd, K ; McGovney, M ; Stroumsa, D",2022,Contraception,10.1016/j.contraception.2022.09.112,,Article,eng,"Among transgender and nonbinary individuals assigned female at birth (transmasculine), the vast majority retain their uterus. However, little is known regarding long-term effects of testosterone on the reproductive tract. Emerging data describe new-onset bleeding, pelvic pain, and cramping among transmasculine people following initiation of testosterone, likely due to endometrial and myometrial response to testosterone. We sought to understand the significance and life impact of these symptoms. We conducted semi-structured interviews with transmasculine individuals on testosterone (n=13). Participants aged 18–45 were recruited using social media and snowball sampling. Interviews were inductively and deductively coded and thematically analyzed. A community advisory board directed the methodology. Participants described their experiences along axes of (1) psychological and emotional significance, (2) accessing healthcare, (3) physical impact, (4) social functioning, and (5) methods of coping. We define three themes: a) threat (to safety, to identity, to health); b) self vs. other (tension between internal experience and interaction with the surrounding world); and c) trans stigma (structural, interpersonal, and internalized negative emotions attached to transness). Pelvic pain and bleeding can have significant quality of life impacts on transmasculine individuals. These symptoms threaten their physical and emotional well-being, can undermine their identity, and raise the specter of discovery and physical harm. Addressing structural transphobia can mitigate many of the externally derived negative effects of these symptoms. Legislation affecting access to care and to safe spaces furthers the impact of the symptoms. Urgent clinical and policy solutions are needed.",116,,87-87
R125,no,EBSCOhost combined export,MEDLINE Ultimate,"Comparison of modified McIndoe and Davydov vaginoplasty in patients with MRKH syndrome in terms of anatomical results, sexual performance and satisfaction.","Deldar-Pesikhani, Maryam ; Ghanbari, Zinat ; Shahrbabaki, Fareideh Sabzi ; Nassiri, Saina ; Raznahan, Maedeh ; Shokrpour, Maryam",2022,Journal of family medicine and primary care,10.4103/jfmpc.jfmpc_1939_21,,Journal Article,eng,"Introduction: To compare the modified McIndoe versus Davydov vaginoplasty techniques in terms of anatomical results, sexual performance, and satisfaction. Methods: From September 2019 to June 2021, a comparative study was conducted on 20 patients with MRKH syndrome who underwent either McIndoe vaginoplasty (McIndoe group, 10 cases) or Davydov vaginoplasty (Davydov group, 10 cases) in a university-based tertiary care hospital (Imam Khomeini Hospital) in terms of anatomical results, sexual performance, and satisfaction. Functional results were assessed using the Female Sexual Function Index (FSFI). Results: All surgical procedures (n = 20) were performed successfully. Patients in the modified McIndoe group were similar to those in the Davydov group in terms of hospital stay and intraoperative complications. However, postoperative complications were higher in the McIndoe group. There were no significant differences in the neovaginal length and width of the two groups at the 6-month follow-up (<i>P</i> > 0.05). Other parameters (duration of mold use and blood transfusion) were similar for all patients in the two groups. At 12 months after surgery, all patients had regular sexual activity. No significant differences were found in either group. Conclusions: In terms of anatomical results, sexual performance, and satisfaction, the two techniques were similar.",11,8,4614-4618
R126,no,EBSCOhost combined export,MEDLINE Ultimate,Sexual and functional results after creation of a neovagina in women with Mayer-Rokitansky-Küster-Hauser syndrome: a comparison of nonsurgical and surgical procedures.,"Morcel, Karine ; Lavoué, Vincent ; Jaffre, Frédérique ; Paniel, Bernard-Jean ; Rouzier, Roman",2013,"European journal of obstetrics, gynecology, and reproductive biology",10.1016/j.ejogrb.2013.03.005,,Comparative Study ; Journal Article,eng,"Objective: To compare nonsurgical and surgical procedures for creation of a neovagina in women with Mayer-Rokitansky-Küster-Hauser (MRKH) syndrome in terms of sexual satisfaction. Study Design: We report a cross-sectional study of 91 women with MRKH syndrome undergoing a neovagina creation procedure. They were members of the French National Association of Women with MRKH syndrome. We analyzed all answers to a questionnaire mailed to each woman. The questionnaire solicited short answers concerning the diagnosis and the neovagina procedure, and included the standardized FSFI (Female Sexual Function Index) questionnaire. All analyses were performed using the chi-squared test and Student's t-test. A p-value of <0.05 was considered statistically significant. Results: Forty women answered the questionnaire. Twenty had been treated by Frank's method (non-surgical group) and 20 had undergone a surgical procedure, sigmoid vaginoplasty (12 cases) or Davidov's technique (8 cases) (surgical group). The mean time after neovagina creation was 7 years (range 1-44 years). The population characteristics did not differ significantly between the nonsurgical and surgical groups. The total FSFI score indicated good and similar functional results in the two groups (25.3±7.5 versus 25.3±8.0). Conclusions: Functional sexual outcomes after nonsurgical and surgical methods were similar. Therefore, the Frank's method should be proposed as first line therapy because it is less invasive than surgical procedures. In the case of failure of this technique or of refusal by the patient, surgical reconstruction may then be offered.",169,2,317-320
R127,no,EBSCOhost combined export,MEDLINE Ultimate,Comparison of two laparoscopic peritoneal vaginoplasty techniques in patients with Mayer-Rokitansky-Küster-Hauser syndrome.,"Zhao, Xiwa ; Wang, Ruixue ; Wang, Yanxiu ; Li, Li ; Zhang, Haibo ; Kang, Shan",2015,International urogynecology journal,10.1007/s00192-015-2675-z,,Comparative Study ; Journal Article,eng,"Introduction and Hypothesis: The aim of this study was to compare the technical feasibility and long-term anatomical and functional outcomes of a novel laparoscopic vaginoplasty using single peritoneal flap (SPF) and Davydov's laparoscopic technique in patients with Mayer-Rokitansky-Küster-Hauser (MRKH) syndrome. Methods: From September 2004 to September 2013, a comparative study was conducted of 98 patients with MRKH syndrome who underwent either laparoscopic vaginoplasty using SPF (SPF group, 62 cases) or Davydov's laparoscopic technique (Davydov group, 36 cases) in a university-based tertiary care hospital. Intraoperative and postoperative parameters and anatomical examination findings of the two groups were compared. Functional results were assessed using the Female Sexual Function Index (FSFI). Results: All surgical procedures were performed successfully, with no intraoperative complications in either group. Patients in the SPF group had a significantly shorter operative time and less intraoperative blood loss than patients in the Davydov group. The postoperative course was identical for all patients in the two groups. The mean length and width of the neovagina in the two groups at hospital discharge, the 6-month follow-up, and the 12-month follow-up did not differ significantly. There were no significant differences between the groups with regard to the postoperative FSFI scores at 12 months after surgery. Conclusions: Although the long-term anatomical and functional outcomes of the two laparoscopic peritoneal vaginoplasty techniques are similar, laparoscopic vaginoplasty using SPF, which has many advantages and is easily performed by the gynecologist, is a more feasible and effective approach to creating a neovagina in patients with MRKH syndrome.",26,8,1201-1207
R128,no,EBSCOhost combined export,MEDLINE Ultimate,Endometrial organoids derived from Mayer-Rokitansky-Küster-Hauser syndrome patients provide insights into disease-causing pathways.,"Brucker, Sara Y ; Hentrich, Thomas ; Schulze-Hentrich, Julia M ; Pietzsch, Martin ; Wajngarten, Noel ; Singh, Anjali Ralhan ; Rall, Katharina ; Koch, André",2022,Disease models & mechanisms,10.1242/dmm.049379,,"Journal Article ; Research Support, Non-U.S. Gov't",eng,": The uterus is responsible for the nourishment and mechanical protection of the developing embryo and fetus and is an essential part in mammalian reproduction. Mayer-Rokitansky-Küster-Hauser (MRKH) syndrome is characterized by agenesis of the uterus and upper part of the vagina in females with normal ovarian function. Although heavily studied, the cause of the disease is still enigmatic. Current research in the field of MRKH mainly focuses on DNA-sequencing efforts and, so far, has been unable to decipher the nature and heterogeneity of the disease, thereby holding back scientific and clinical progress. Here, we developed long-term expandable organoid cultures from endometrium found in uterine rudiment horns of MRKH patients. Phenotypically, they share great similarity with healthy control organoids and are surprisingly fully hormone responsive. Transcriptome analyses, however, identified an array of dysregulated genes that point to potentially disease-causing pathways altered during the development of the female reproductive tract. We consider the endometrial organoid cultures to be a powerful research tool that promise to enable an array of studies into the pathogenic origins of MRKH syndrome and possible treatment opportunities to improve patient quality of life.",15,5,
R129,no,EBSCOhost combined export,MEDLINE Ultimate,An unusual cause of urinary incontinence: Urethral coitus in a case of Mayer-Rokitansky-Kuster-Hauser syndrome.,"Sharifiaghdas, Farzaneh ; Daneshpajooh, Azar ; Sohbati, Samira ; Mirzaei, Mahboubeh",2016,Investigative and clinical urology,10.4111/icu.2016.57.5.367,,Case Reports ; Journal Article,eng,": Mayer-Rokitansky-Kuster-Hauser (MRKH) syndrome is a rare anomaly in women and is characterized by congenital aplasia of the uterus and vagina, with normal development of secondary sexual characteristics and a normal karyotype. We report a case of a 38-year-old women with MRKH syndrome that had experienced urethral sex for many years. She presented with urinary incontinence and dyspareunia. The patient's secondary sexual characteristics were normal, and examination revealed a widely open incompetent megalourethra and an absent vagina. Laboratory studies confirmed a 46, XX karyotype. Imaging included ultrasonography and magnetic resonance imaging, which indicated bilateral normal ovaries and a rudimental bicornuate uterus. After confirming the diagnosis of MRKH, the patient underwent urethroplasty by urethral plication, antiincontinence surgery by autologous fascial sling of the bladder neck, and the creation of a neo-vagina using a urethral flap. After 3 months, voiding cystourethrography and uroflowmetry confirmed normal voiding. There were no postoperative symptoms of urinary incontinence, and the patient was completely satisfied.",57,5,367-371
R130,no,EBSCOhost combined export,CINAHL Ultimate,Vaginal prevalence of human papillomavirus infections in women with uterovaginal aplasia before and after laparoscopically assisted creation of a neovagina: a prospective epidemiological observational study.,"Rall, KK ; Schoenfisch, B ; Schoeller, D ; Stefanescu, D ; Koelle, A ; Henes, M ; Huebner, M ; Taran, FA ; Seeger, H ; Iftner, A ; Iftner, T ; Brucker, SY ; Rall, K K ; Taran, F A ; Brucker, S Y",2019,BJOG: An International Journal of Obstetrics & Gynaecology,10.1111/1471-0528.15404,,Journal Article,English,"<b>Objective: </b>To study vaginal as opposed to cervical human papillomavirus (HPV) acquisition with regard to true prevalence, HPV types, and the role of co-factors in virgins and after their sexual debut.<b>Design: </b>Prospective epidemiological observational study.<b>Setting: </b>University hospital specialised in genital malformations.<b>Population: </b>Women diagnosed with Mayer-Rokitansky-Küster-Hauser syndrome (MRKHS) and undergoing neovaginoplasty between November 2011 and July 2017.<b>Methods: </b>This is a prospective study including 186 women with MRKHS before and after sexual debut.<b>Main Outcome Measures: </b>Conventional vaginal cytology and different HPV tests were performed at surgery and during routine gynaecological follow-up 1, 3, 6 and ≥ 11 months after surgery and risk factors were documented.<b>Results: </b>The mean age of all women at surgery was 20.1 years (SD 5.4), mean body mass index (BMI) was 22.1 kg/m2 (SD 4.6). In 83 vaginal samples from 41 different women at least one of the HPV tests was positive. Thirty-three different HPV types were detected. The prevalence of 41/186 = 22.0% as well as type distribution are comparable with those found in a young German female population. The overall rate of acquisition was clearly associated with sexual activity and smoking habits. Out of 367 Papanicolaou smears only six were abnormal with Pap IIID (MN II) and no obvious vaginal lesion was detected.<b>Conclusions: </b>Vaginal HPV prevalence and HPV types in previously virgin women after creation of a neovagina are not different from the acquisition of cervical infections in the general population and is clearly associated with sexual activity and with smoking habits. However, abnormal Papanicolaou smears are rarely seen.<b>Tweetable Abstract: </b>Vaginal HPV prevalence after creation of a neovagina is similar to that on the cervix in the general population.",126,1,65-72
R131,no,EBSCOhost combined export,MEDLINE Ultimate,"The Effect of Psychosexual Education on Promoting Sexual Function, Genital Self-Image, and Sexual Distress among Women with Rokitansky Syndrome: A Randomized Controlled Clinical Trial.","Vosoughi, Nafiseh ; Maasoumi, Raziyeh ; Haeri Mehrizi, Ali Asghar ; Ghanbari, Zinat",2022,Journal of pediatric and adolescent gynecology,10.1016/j.jpag.2021.06.008,,Journal Article ; Randomized Controlled Trial,eng,"Study Objective: To assess the effectiveness of psychosexual education on promoting sexual function and genital self-image and reducing sexual distress through e-learning among women with Mayer-Rokitansky-Küster-Hauser (MRKH) syndrome. Design: Randomized controlled trial. Setting: Imam Khomeini Hospital ""Pelvic Floor Clinic"" in Tehran. Participants: Thirty-eight 15- to 49-year-old women with MRKH syndrome who had undergone surgical or nonsurgical vaginal reconstruction techniques more than 6 months before the intervention were assigned to 2 parallel intervention and control groups of 19 each. Interventions: Psychosexual education was delivered through e-learning for the intervention group over an 8-week period, with no limitations of time and space. Sexual function, genital self-image, and sexual distress were evaluated at baseline, and at 4 and 8 weeks after the intervention. Main Outcome Measures: The data collection tools included the Persian version of the Female Sexual Function Index, Female Genital Self-Image Scale, and the Revised Female Sexual Distress Scale. Results: The between group mean differences of sexual function, genital self-image, and sexual distress after 4 weeks (-1.2 [95% CI, -2.1 to -0.1], P = .025; -1.9 [95% CI, -2.9 to -0.9], P < .001; 4.2 [95% CI, 2.0-6.4], P < .001, respectively), as well as after 8 weeks (-1.8 [95% CI, -3.1 to -0.5], P = .009; -3.0 [95% CI, -4.5 to -1.5], P < .001; 6.7, 95% CI, 3.9-9.6], P <0.001, respectively) after baseline were significant. Conclusion: Psychosexual education improved sexual function and genital self-image and reduced sexual distress in women with MRKH syndrome. Therefore, using this approach, we can raise individuals' sexual knowledge and skills and correct their sexual beliefs and attitudes.",35,1,73-81
R132,no,EBSCOhost combined export,MEDLINE Ultimate,Transumbilical single-incision laparoscopic vaginoplasty hybrid transperineal approach using a sigmoid colon segment: initial twenty-five cases.,"Zhang, Mingle ; Li, Suolin ; Huang, Xianghua ; Du, Hui ; Wang, Chengshu ; Zhang, Lijuan ; Li, Yanan ; Zhang, Jingkun ; Wang, Zhenhai",2016,International urology and nephrology,10.1007/s11255-016-1321-0,,Journal Article,eng,"Objective: To validate the technical feasibility and anatomical and functional outcomes of transumbilical single-incision laparoscopic (SIL) sigmoid vaginoplasty hybrid transperineal approach in women with Mayer-Rokitansky-Kuster-Hauser (MRKH) syndrome. Methods: Twenty-five patients who underwent transumbilical SIL sigmoid vaginoplasty hybrid transperineal approach were retrospectively evaluated. Operation time and postoperative complications were analyzed. The length and breadth of the neovagina, lubrication and the Female Sexual Function Index were evaluated to assess the anatomical and functional outcomes of the surgery. Results: All the cases were successfully performed without any intraoperative morbidity. The mean operative time and postoperative hospital stay were 162 ± 38 min and 11 ± 3 days, respectively. The postoperative complications included one case of a stress ulcer, one case of a neovaginal ulcer and two cases of umbilical incision infection. Sixteen women had regular intercourse and were satisfied with both the surgical outcome and subsequent sexual activity. Conclusion: Transumbilical SIL sigmoid vaginoplasty hybrid transperineal approach offers a feasible scarless method with cosmetic advantage for women with MRKH syndrome to establish new functional vagina.",48,9,1401-1406
R133,no,EBSCOhost combined export,MEDLINE Ultimate,The application of 'endovaginal' sonography during a laparoscopy-assisted Vecchietti operation.,"Csermely, Tamás ; Halvax, László ; Vizer, Miklós ; Tamás, Péter ; Kovács, Kálmán ; Gõcze, Péter ; Szabó, István ; Szilágyi, András",2007,Acta obstetricia et gynecologica Scandinavica,10.1080/00016340701622674,,Journal Article,eng,"Background: Many types of operations are described to create a neovagina in a patient with Mayer-Rokitansky-Küster-Hauser (MRKH) syndrome, that sometimes result in injury of the surrounding organs. Many trials are detailed in the literature to avoid these complications. Our goal was to examine the benefit of 'endovaginal' sonography during a laparoscopy-assisted Vecchietti operation to avoid bladder injuries. Methods: A neovagina was created in 15 women with MRKH syndrome by the method of Vecchietti assisted by laparoscopy. The method was modified with the use of‘endovaginal' sonography, in order to reduce bladder and rectal injuries. The vaginal ultrasound transducer, placed in front of the vaginal dimple, can guide penetration from the perineum into the peritoneal cavity. With this technique, the narrow space between the bladder and rectum can be well identified. Results: All operations were successful, without any complication, forming a well-functioning 8-10 cm long neovagina, allowing easy introduction of two fingers in all cases, and with good quality of sexual life for the couples. Conclusion: Creation of a neovagina by any method in MRKH syndrome may sometimes result in injury of the bladder or rectum due to the narrow space between the bladder and rectum. The placement of the endovaginal ultrasound transducer in front of the vaginal dimple seems to be a promising method to avoid these complications during a laparoscopy-assisted Vecchietti operation.",86,10,1231-1235
R134,no,EBSCOhost combined export,Women's Studies International,Success following vaginal creation for Müllerian agenesis.,"Rock, John A. ; Reeves, Lane A. ; Retto, Helio ; Baramki, Theodore A. ; Zacur, Howard A. ; Jones, Howard W. ; Rock, J A ; Reeves, L A ; Retto, H ; Baramki, T A ; Zacur, H A ; Jones, H W Jr",1983,Fertility & Sterility,10.1016/s0015-0282(16)47121-9,,journal article,eng,"Eighty-eight women with Müllerian agenesis underwent vaginal dilatation (n = 21) and/or vaginal creation using a modified McIndoe technique (n = 79). Patient and family counseling was considered an essential component of the therapy regimen. An initial trial of vaginal dilatation was successful in 9 of 21 patients (43%). Failure was associated with a prior vaginal exploration in eight women. All of the 79 women experienced satisfactory sexual activity and were satisfied with vaginal depth following vaginal creation using a split thickness graft technique. However, anatomic success, as judged by the surgeon, was noted in 72 patients (91%). Our experience suggests an initial trial of vaginal dilatation coupled with careful instruction and family counseling is appropriate in the motivated patient. However, vaginoplasty using a split thickness graft technique is highly successful and should be offered to those patients unwilling or unable to obtain an adequate neovagina with dilatation.",39,6,809-813
R135,no,EBSCOhost combined export,MEDLINE Ultimate,Retrospective comparative cohort study of neovagina creation by modified Vecchietti-laparoendoscopic single-site surgery for Mayer-Rokitansky-Küster-Hauser syndrome.,"Zhang, Chao ; Zhang, Fan ; Wang, Xiu ; Zhang, Shuncang",2022,Annals of translational medicine,10.21037/atm-22-4360,,Journal Article,eng,"Background: Although traditional multi-incision laparoscopic surgery is minimally invasive, it can still leave surgical scars on the lower abdomen. This study reports a modified Vecchietti-laparoendoscopic single-site (MVLESS) procedure using self-made instruments to create a neovagina for Mayer-Rokitansky-Küster-Hauser syndrome (MRKHS) and to determine the efficacy and safety. Methods: We conducted a retrospective comparative cohort study analysis of the clinical data from MRKHS patients treated in the Department of Difficult Gynecological Disease at Xi'an People's Hospital between January 2010 and December 2020.Women who were diagnosed with MRKHS and underwent a MVLESS procedure using self-made instruments to create a new vagina were selected as the study group (n=14). Patients who underwent a traditional multi-incision Vecchietti (TMV) procedure were selected as the control group (n=22). All participants in both groups were required to complete a Female Sexual Function Index (FSFI) and Female Genital Self-Image Scale (FGSIS) questionnaire. Results: All patients in the study group were diagnosed with type I MRKHS and 3 (21.43%) were sexually active. Twenty-one patients in the control group were diagnosed with type I (95.45%) MRKHS, 1 (4.55%) had type II MRKHS (absent left kidney), and 6 (27.27%) were sexually active. The neovaginas in both groups were wide with good elasticity, softness, smoothness, and lubrication. There were no significant differences in operative time (37±6 <i>vs.</i> 39±4 minutes, P=0.98), intraoperative bleeding (28.32±9.82 <i>vs.</i> 29.45±3.84 mL, P=0.86), postoperative anal exsufflation time (18±4 <i>vs.</i> 20±4 hours, P=0.82), and postoperative hospital stay (7±2 <i>vs.</i> 8±2 days, P=0.84) between the MVLESS and TMV groups. The FSFI and FGSIS scores in both groups showed participants had a good quality of sexual life based on the 12-month follow-up data; however, sexual function was significantly better in the study group than in the control group [lubrication (4.72±0.86 <i>vs.</i> 4.64±1.01, P=0.023), visual analog scale (VAS; 4.26±0.52 <i>vs.</i> 4.45±0.39, P=0.041), total FSFI scores (30.21±4.32 <i>vs.</i> 28.42±2.21, P=0.048), and FGSIS score (23.21±1.98 <i>vs.</i> 22.14±2.04, P=0.012)]. Conclusions: The MVLESS procedure is a simple, safe, and minimally invasive procedure that provides an anatomical and functional neovagina for MRKHS patients. It is an alternative method for creating a neovagina to achieve satisfactory anatomic and sexual function. However, it is still a difficult problem to solve fertility problems for patients with congenital absence of vagina.",10,19,1063
R136,no,EBSCOhost combined export,MEDLINE Ultimate,Síndrome Mayer-Rokitansky-Küster-Hauser con prolapso de órganos pélvicos: reporte de un caso.,1 ; 2 ; 3 ; 1 ; 4 ; 4,2020,Ginecología y Obstetricia de México,10.24245/gom.v88i1.3485,,,spa,"ANTECEDENTES: El síndrome de Mayer-Rokitansky-Küster-Hauser aparece en 1 de cada 4500 a 5000 mujeres; se origina por subdesarrollo embrionario de los conductos de Müller que resulta en agenesia vaginal o de útero. El tratamiento consiste en dilataciones vaginales o formación de una neovagina mediante un procedimiento quirúrgico. La falta de estructuras de soporte vaginal es una de las causas del prolapso de la cúpula vaginal, posterior al tratamiento conservador o quirúrgico. CASO CLÍNICO: Paciente de 26 años, con diagnóstico de síndrome de Mayer-Rokitansky-Küster-Hauser; inicio de la vida sexual activa a los 16 años. Acudió a consulta por sensación de cuerpo extraño en los genitales y un ""bulto"" vaginal de dos años de evolución. En la exploración física ginecológica se encontró un prolapso total vaginal. Se realizó la sacrocolpopexia laparoscópica y se colocó una malla tipo I, con monofilamento, para la corrección del prolapso vaginal. A los tres meses posteriores al procedimiento quirúrgico no volvió a reportar síntomas de sensación de cuerpo extraño en la vagina y reinició la vida sexual activa sin problemas. CONCLUSIONES: La sacrocolpopexia laparoscópica, junto con la colocación de una malla, es una opción de tratamiento con buenos resultados en la restauración de la anatomía, función sexual y satisfacción de la paciente con prolapso de la cúpula, posterior a creación de una neovagina. [ABSTRACT FROM AUTHOR]",88,1,54-58
R137,no,EBSCOhost combined export,MEDLINE Ultimate,Diagnosis of a variant of Mayer-Rokitansky-Kuster-Hauser syndrome: useful MRI findings.,"Giusti, Sabina ; Fruzzetti, Elena ; Perini, Daria ; Fruzzetti, Franca ; Giusti, Patrizia ; Bartolozzi, Carlo",2011,Abdominal imaging,10.1007/s00261-011-9732-y,,Case Reports ; Journal Article,eng,": Mayer-Rokitansky-Kuster-Hauser (MRKH) syndrome consists of vaginal aplasia associated with other müllerian duct abnormalities. Its penetrance varies, as does the involvement of other organ systems. Type I MRKU syndrome is characterized by an isolated absence of the proximal two thirds of the vagina, whereas type II is marked by other malformations which include vertebral, cardiac, urologic (upper tract), and otologic anomalies. In both types, the extent of vaginal aplasia varies, ranging from virtually absent to a length much more inferior than the normal one (2-5 cm). MRKU syndrome usually remains undetected until the patient presents with primary amenorrhea despite normal female sexual development. It is important to underline the fact that this syndrome is the second most common cause of primary amenorrhea. Although this condition has psychologically devastating consequences, its anatomical defects can be surgically treated. In fact, following diagnosis, surgery allows patients to have normal sexual function while reproduction may be possible if assisted techniques are performed.",36,6,753-755
R138,no,EBSCOhost combined export,MEDLINE Ultimate,Normalization of the vagina by dilator treatment alone in Complete Androgen Insensitivity Syndrome and Mayer-Rokitansky-Kuster-Hauser Syndrome.,"Ismail-Pratt, Ida S ; Bikoo, Maligaye ; Liao, Lih-Mei ; Conway, Gerard S ; Creighton, Sarah M",2007,"Human reproduction (Oxford, England)",10.1093/humrep/dem074,,Journal Article,eng,"Background: Various surgical and non-surgical treatment options are available for women with congenital vaginal agenesis. We report results of vaginal dilation therapy delivered by a multi-disciplinary team as first line treatment for vaginal agenesis. Methods: Twenty-six women were recruited into a prospective observational study: 18 had Mayer-Rokitansky-Kuster-Hauser syndrome (MRKH) and 8 had Complete Androgen Insensitivity Syndrome (CAIS). All women underwent a vaginal dilation programme co-ordinated by a clinical nurse specialist with input from a clinical psychologist. Vaginal length was compared to a normal reference range, and psycho-sexual questionnaires were completed before and after therapy. Results: Twenty-one (81%) patients completed the programme. Seventeen of these 21 (81%) were sexually active without any reported difficulties, whereas 4 were on a maintenance regime. In those who completed the programme the mean vaginal length increased from 4.0 to 8.5 cm and 86% achieved a vaginal length within the normal range. Subjective appraisal of vaginal size recorded that the number of women who reported that their vaginal size was 'more or less normal' increased from 1 to 12 following treatment. Questionnaire scores for sexual satisfaction and sexual depression improved in the CAIS group but did not alter significantly in the MRKH group. Conclusion: Non-surgical dilation delivered by a multi-disciplinary team is an effective alternative to vaginal surgery and usually normalizes vaginal length.",22,7,2020-2024
R139,no,EBSCOhost combined export,MEDLINE Ultimate,A randomized controlled trial of a cognitive-behavioural group intervention versus waiting-list control for women with uterovaginal agenesis (Mayer-Rokitansky-Küster-Hauser syndrome: MRKH).,"Heller-Boersma, J G ; Schmidt, U H ; Edmonds, D K",2007,"Human reproduction (Oxford, England)",10.1093/humrep/dem167,,Journal Article ; Randomized Controlled Trial,eng,"Background: Uterovaginal agenesis (Mayer-Rokitansky-Küster-Hauser syndrome: MRKH) is a congenital abnormality of the female genital tract, characterized by the non-formation of the vagina and uterus. There is a widespread agreement that MRKH has a lasting negative psychological impact on women with this condition, but as yet little is known about how to conceptualize and manage this. We developed a cognitive-behavioural group treatment (CBT) of MRKH. The aim of the present study was to determine whether this intervention, compared to waiting-list control, improves psychosocial outcomes in women with MRKH. Methods: After stratifying for age and type of MRKH (simple or complex), 39 women with MRKH were randomized to group CBT (n = 19) or waiting list (n = 20). Outcomes were assessed at pre-treatment, post-treatment (7 weeks) and at 3 months follow-up. The main outcome measure was the Symptom Check-List (SCL-90-R). Other outcomes included impact of event, self-esteem and interpersonal functioning. Results: Participants allocated to group CBT showed significantly reduced psychological symptoms on the SCL-90-R and non-significant improvements on all secondary outcomes at the end of treatment and follow-up, whereas those on the waiting list remained unchanged. Conclusions: A group CBT intervention improves psychological outcomes in MRKH. This treatment may also be applicable to other gynaecological conditions.",22,8,2296-2301
R140,no,EBSCOhost combined export,MEDLINE Ultimate,Treatment management during the adolescent transition period of girls and young women with Mayer-Rokitansky-Küster-Hauser syndrome (MRKHS): a systematic literature review.,"Wagner, Anke ; Brucker, Sara Yvonne ; Ueding, Esther ; Gröber-Grätz, Dagmar ; Simoes, Elisabeth ; Rall, Katharina ; Kronenthaler, Andrea ; Schäffeler, Norbert ; Rieger, Monika A",2016,Orphanet journal of rare diseases,10.1186/s13023-016-0536-6,,Journal Article ; Systematic Review,eng,"Introduction: In health services research, there is a special emphasis on the transition from adolescence into adulthood. During this transition period, adolescents change from pediatric to adult medical care. This process must be carefully structured, particularly when special medical care is required. Challenges and difficulties become apparent particularly in the case of rare diseases. This is increasingly so when the rare disease affects the adolescence-specific development of patients, such as Mayer-Rokitansky-Küster-Hauser syndrome (MRKHS), also known as Müllerian agenesis. Methods: A systematic literature review identified the care requirements of girls and young women with MRKHS, as well as studies of medical care during the adolescent transition period for various other diseases. This investigation was carried out in the years 2012 and 2013, and was updated in 2014/2015. In addition, the reference lists of the identified studies were reviewed. Results: Nine publications on MRKHS and ten publications on the transition from adolescence to adulthood were included. Medical care requirements and measures were identified for the following areas: diagnosis during adolescence and organization of medical care, reactions to the diagnosis, functional infertility, psychological stress and threat to self-image, contact with others, and dealing with MRKHS coping strategies. Discussion: There is still a great demand for research in the area of care during the transition period from adolescence into adulthood, particularly for rare diseases. The recommendations for treating MRKHS patients derived from the literature should be implemented and evaluated with regard to their effectiveness.",11,1,152
R141,no,EBSCOhost combined export,CINAHL Ultimate,Anatomic and Functional Outcomes of Paramesonephric Remnant-Supported Laparoscopic Double-Layer Peritoneal Pull-Down Vaginoplasty Technique in Patients with Mayer-Rokitansky-Küster-Hauser Syndrome: Uncu Modification.,"Uncu, Gürkan ; Özerkan, Kemal ; Ata, Barış ; Kasapoğlu, Işıl ; Atalay, Mehmet Aral ; Orhan, Adnan ; Aslan, Kiper",2018,Journal of Minimally Invasive Gynecology,10.1016/j.jmig.2017.10.015,,Journal Article,English,"<b>Objective: </b>To describe modifications to the double-layer peritoneal pull-down laparoscopic vaginoplasty technique (Davydov operation) and evaluate anatomic and functional outcomes of the new technique, known as the Uncu modification.<b>Design: </b>Case series (Canadian Task Force classification III).<b>Setting: </b>Tertiary care university hospital.<b>Patients: </b>Women with Mayer-Rokitansky-Küster-Hauser syndrome (MRKHS) who underwent surgery between 2010 and 2016.<b>Interventions: </b>Laparoscopic double-layer peritoneal pull-down vaginoplasty with paramesonephric remnant support to the neovagina.<b>Measurements and Main Results: </b>Long-term anatomic and functional satisfaction results. Twenty-seven women with MRKHS underwent surgery with the Uncu-modified Davydov procedure. At 1 year after surgery, the mean vaginal length in these patients was 7.91 ± 1.4 cm. Among the 23 patients who had regular vaginal intercourse, the mean functional satisfaction score was 8.65 ± 1.2. One patient had a perioperative bladder injury, and another patient had a rectovaginal fistula at 3 months after the operation. One woman who did not comply with the prescribed postoperative mold exercises had complete closure of the introitus.<b>Conclusion: </b>The Uncu modified laparoscopic double-layer peritoneal pull-down technique appears to be an effective and safe surgical management option that is easy to learn and perform by gynecologic surgeons.",25,3,498-506
R142,no,EBSCOhost combined export,MEDLINE Ultimate,Spectrum of MRI Appearance of Mayer-Rokitansky-Kuster-Hauser (MRKH) Syndrome in Primary Amenorrhea Patients.,"Boruah, Deb Kumar ; Sanyal, Shantiranjan ; Gogoi, Bidyut Bikash ; Mahanta, Kangkana ; Prakash, Arjun ; Augustine, Antony ; Achar, Sashidhar ; Baishya, Hiranya",2017,Journal of clinical and diagnostic research : JCDR,10.7860/jcdr/2017/29016.10317,,Journal Article,eng,"Introduction: Mayer-Rokitansky-Kuster-Hauser (MRKH) synd-rome is a malformation in female genital tract due to interrupted embryonic development of para-mesonephric ducts leading to uterine and proximal vagina aplasia or hypoplasia. Aim: To analyse the MRI findings in females suspected of MRKH syndrome in a primary amenorrhea workup. Materials and Methods: A cross-sectional study comprising of 11 patients of MRKH syndrome presented in a tertiary care centre from March 2016 to February 2017 evaluated in 1.5 Tesla MRI scanner. Results: Normal positioned small vestigial uterus demonstrated in two patients (18.2%) and complete uterine and proximal vaginal agenesis were noted in nine patients (81.8%). The mean volume of rudimentary right uterine bud was 2.26 mL ±3.3 (SD) and left uterine bud was 1.27 mL±1.1 (SD). The mean volume of right ovary was 4.74 mL±2.58 (SD) and left ovary was 4.65 mL±2.2 (SD). The mean developed vaginal length was 26.2 mm±6.34 (SD). Conclusion: The rudimentary uterine buds associated with MRKH syndrome always maintained caudal relationship with ovary. Ovaries or rudimentary uterine buds can be ectopic and should be recognized with MRI before undergoing fertility treatment. Following MRI diagnosis, surgery allows patients to have sexual function with possible attainment of reproduction after assisted reproduction technique or surrogacy.",11,7,TC30-TC35
R143,no,EBSCOhost combined export,MEDLINE Ultimate,"Prevalence of urinary, prolapse, and bowel symptoms in Mayer-Rokitansky-Küster-Hauser syndrome.","Pennesi, Christine M ; English, Emily M ; Bell, Sarah ; Lossie, Amy C ; Quint, Elisabeth H ; Swenson, Carolyn W",2021,American journal of obstetrics and gynecology,10.1016/j.ajog.2021.02.020,,"Journal Article ; Research Support, N.I.H., Extramural",eng,"Background: Müllerian agenesis, or Mayer-Rokitansky-Küster-Hauser syndrome, occurs in 1 in 4500 to 5000 individuals assigned female sex at birth. Pelvic floor symptoms among individuals with Mayer-Rokitansky-Küster-Hauser syndrome have not been well studied, and it is unknown how vaginal lengthening treatments affect these symptoms. Objective: This study aimed to assess urinary, prolapse, and bowel symptoms in individuals with Mayer-Rokitansky-Küster-Hauser syndrome and to determine whether symptoms vary by vaginal lengthening treatment. Study Design: We conducted a cross-sectional study in 2019 using an online survey distributed by the Beautiful You MRKH Foundation via social media to individuals with Mayer-Rokitansky-Küster-Hauser syndrome. Demographics, age at and timing of diagnosis, information about vaginal lengthening treatment, urinary symptoms (Michigan Incontinence Symptom Index), prolapse symptoms (Pelvic Organ Prolapse Distress Inventory short-form version), and bowel symptoms (Bristol Stool Form Scale) were obtained. The inclusion criteria included self-reported diagnosis of müllerian agenesis and female sex. Respondents with a history of renal transplant or dialysis, completion of <85% of the survey, and non-English survey responses were excluded. Descriptive analyses were used to describe the sample population. Logistic regression, Kruskal-Wallis, and Fisher exact tests were used to compare the prevalence of pelvic floor symptoms and vaginal lengthening treatments. Associations between age and genitourinary symptoms were investigated with Spearman correlations. Results: Of 808 respondents, 615 met the inclusion criteria, representing 40 countries. 81% of respondents identified as white. The median age of the participants was 29 years (interquartile range, 24-36), with a median age at diagnosis of 16 years (interquartile range, 15-17). Among the 614 respondents, 331 (54%) had vaginal lengthening treatment, 130 of whom (39%) had undergone surgical vaginal lengthening. Of individuals with Mayer-Rokitansky-Küster-Hauser syndrome, 428 of 614 (70%) reported having had one or more urinary symptoms, and 339 of 428 (79%) reported being bothered by these symptoms. Urinary symptoms included urinary incontinence (210 of 614 [34%]), urinary frequency (245 of 614 [40%]), urinary urgency (248 of 614 [40%]), pain with urination (97 of 614 [16%]), and recurrent urinary tract infections (177 of 614 [29%]). Prolapse symptoms included lower abdominal pressure (248 of 612 [41%]), pelvic heaviness or dullness (177 of 610 [29%]), and vaginal bulge (68 of 609 [11%]). In addition, constipation was reported by 153 of 611 respondents (25%), and anal incontinence was reported by 153 of 608 (25%) respondents. Beside recent urinary incontinence (P=.003) and anal incontinence (P<.001), the prevalence of pelvic floor symptoms (P>.05) did not differ significantly between those with and without vaginal lengthening. Among those with surgical vaginal lengthening, symptomatic vaginal bulge was highest in individuals who underwent a bowel vaginoplasty procedure. Conclusion: Urinary, prolapse, and bowel symptoms are common among individuals with Mayer-Rokitansky-Küster-Hauser syndrome and should be evaluated in this population. Overall, compared with no vaginal lengthening treatment, having vaginal lengthening treatment is not associated with substantial differences in the prevalence of pelvic floor symptoms, with the exception of recent urinary incontinence and anal incontinence. Our data suggested that bowel vaginoplasty may be associated with greater symptoms of vaginal bulge. More robust studies are needed to determine the impact of various vaginal lengthening treatments on pelvic floor symptoms.",225,1,70.e1-70.e12
R144,no,EBSCOhost combined export,CINAHL Ultimate,Comparison of Two Techniques of Laparoscopy-Assisted Peritoneal Vaginoplasty.,"Wu, Jie ; Guo, Ruixia ; Chu, Danxia ; Wang, Xinyan ; Li, Liuxia ; Bian, Aiping ; Zhao, Qian ; Shi, Huirong",2016,Journal of Minimally Invasive Gynecology,10.1016/j.jmig.2015.10.015,,Journal Article,English,"Neovagina creation is essential for patients with the Mayer-Rokitansky-Kuster-Hauser syndrome. We compared a technique involved the pushing down of the peritoneum with the technique of separating the peritoneum for laparoscopy-assisted peritoneal vaginoplasty. We collected patients with congenital absence of vagina who underwent laparoscopy-assisted peritoneal vaginoplasty of the First Affiliated Hospital of Zhengzhou University between January 2011 and May 2013. The 2 surgical groups (pushing group and separating group) were compared for various parameters. The values of the following parameters were significantly lower for the pushing group compared with the separating group: mean operating time (78 ± 13 minutes vs 135 ± 28 minutes), mean duration of hospitalization (12.9 ± 2.7 days vs 18.0 ± 3.8 days), mean cost of hospitalization (14 016 ± 1640 RMB vs 18 783 ± 2143 RMB), requirement for a drainage tube (4% vs 27%; χ(2) = 8.864), requirement for analgesic drugs (20% vs 40%; χ(2) = 3.977), and postoperative rehospitalization (3.3% vs 10.0% at 2 months and 6.7% vs 26.7% at 6 months; χ(2) = 4.268 and 5.196). Mean values for blood loss (57 ± 19 mL vs 66 ± 20 mL), time to pass gas (21 ± 4 hours vs 23 ± 7 hours), and length of the reconstructed vagina (9.0 ± 0.4 cm vs 8.9 ± 0.5 cm) were not significantly different between the 2 groups. In addition, mean postoperative Female Sexual Function Index score did not differ significantly between the 2 groups or among the 2 groups and a control group (27.0 ± 4.8 vs 26.7 ± 5.2 vs 27.9 ± 4.5; p > .05). The technique involving pushing down of the peritoneum offers advantages of reduced cost, complications, hospitalization, operative time, and pain over the traditional technique. Sexuality approaches so-called ""normal"" sexuality.",23,3,346-351
R145,no,EBSCOhost combined export,MEDLINE Ultimate,[Urethral coitus due to congenital abnormality of the genitalia].,"Martens, Lisanne ; Kluivers, K B",2020,Nederlands tijdschrift voor geneeskunde,,,Case Reports ; Journal Article,dut,"Background: Urethral coitus is rare and can arise in women who were born without a vagina, for instance in the context of Mayer-Rokitansky-Küster-Hauser (MRKH) syndrome. Case Description: A 16-year-old girl presented at the general practitioner's surgery with primary amenorrhoea. After a long diagnostic process she was diagnosed with MRKH syndrome and treatment with a vaginal dilator was started. During follow-up the patient reported pain on coitus and that she sometimes lost a lot of fluid during intercourse. It appeared that the patient had dilated her urethra, not her vagina, and that she had had urethral coitus. The patient underwent Davydovvaginoplasty without complications. Conclusion: In patients with MRKH syndrome who experience urinary incontinence (particularly during and after coitus), recurrent urinary tract infections and dyspareunia urethral coitus should be suspected.",164,,
R116,yes,EBSCOhost combined export,CINAHL Ultimate,Long-term outcomes of vaginoplasty with autologous buccal micromucosa.,"Li, Feng-Yong ; Xu, Yan-Sheng ; Zhou, Chuan-de ; Zhou, Yu ; Li, Sen-Kai ; Li, Qiang",2014,Obstetrics & Gynecology,10.1097/aog.0000000000000161,,Journal Article,English,"<b>Objective: </b>To evaluate the technical feasibility and anatomical and functional outcomes of one-stage vaginoplasty with autologous buccal micromucosa.<b>Methods: </b>We retrospectively reviewed our experiences with 38 patients with vaginal agenesis treated with primary surgery from June 2006 to April 2012. All patients underwent transvestibular vaginoplasty with autologous buccal micromucosa. We describe the details of this technique and evaluate the long-term anatomical, functional, and sexual outcomes.<b>Results: </b>A total of 38 patients (33 with Mayer-Rokitansky-Kuster-Hauser syndrome and five with complete androgen insensitivity syndrome) were included in the present study. The mean operative time was 86.4 minutes (range 75-120 minutes). The mean blood loss was 68.5 mL (range 40-80 mL). At a mean follow-up of 33.5 months (range 15-76 months), the mean depth of the neovagina was 8.5±0.66 cm (range 7-10 cm), the mean circumference was 12.3±1.24 cm (range 10-15 cm), and the mean volume was 100±8 mL (range 85-120 mL). By histologic examination, we found the neovaginal mucosa was stratified nonkeratinized squamous mucosa and had secretory function. The mean female sexual function index score of the 32 sexually active patients was 28.8±2.1. No spouse reported discomfort during intercourse. The mean postoperative dependence on the vaginal stent was 15±2.1 months (range 9-20 months).<b>Conclusion: </b>Transvestibular vaginoplasty with autologous buccal micromucosa is an effective and feasible approach for patients with Mayer-Rokitansky-Kuster-Hauser syndrome and complete androgen insensitivity syndrome. The procedure has satisfactory long-term anatomical and functional results.<b>Level Of Evidence: </b>III.",123,5,951-956
R146,no,EBSCOhost combined export,MEDLINE Ultimate,[Sexuality of a woman with Mayer-Rokitansky-Küster-Hauser syndrome--case report].,"Beisert, Maria ; Chodecka, Aleksandra ; Kapczuk, Karina ; Walczyk-Matyja, Katarzyna ; Friebe, Zbigniew ; Kedzia, Witold",2013,Ginekologia polska,10.17772/gp/1645,,Case Reports ; English Abstract ; Journal Article,pol,": Aplasia or hypoplasia of the uterus and the vagina are pivotal elements of Mayer-Rokitansky-Küster-Hauser (MRKH) syndrome. Psychosexual functioning of women with MRKH syndrome remains to be fully elucidated. Detailed analysis of sexuality of a 31-year-old woman with MRKH syndrome (type MURCS) and with a history of surgical creation of the vagina was performed. Both, biological and psychosocial determinants were investigated in great detail. Genital malformations were found to have significant impact on the sexual identity and sexual behavior of the patient.",84,9,811-814
R147,no,EBSCOhost combined export,CINAHL Ultimate,Personality traits and coping styles in women with Mayer-Rokitansky-Küster-Hauser syndrome.,"Bargiel-Matusiewicz, Kamilla ; Kroemeke, Aleksandra",2015,Archives of Medical Science,10.5114/aoms.2015.56350,,Journal Article,English,"<b>Introduction: </b>The purpose of the study was to determine whether women with Mayer-Rokitansky-Küster-Hauser (MRKH) syndrome differ from healthy women as regards personality traits and coping styles.<b>Material and Methods: </b>Personality (the Big Five) and coping styles (problem-, emotion- and avoidance-focused coping) were analyzed in a group of 46 women with MRKH syndrome (age: M = 23.48; SD = 4.88), and in a group of 44 healthy women (age: M = 25.95; SD = 5.24), based on Polish versions of the NEO-FFI and CISS inventories.<b>Results: </b>Results of analysis of covariance (ANCOVA, age, education and having a partner controlled) revealed significant differences in neuroticism level (F1.86 = 7.01, p < 0.01) and problem (F1.86 = 7.88, p < 0.01) and emotion-focused (F1.86 = 4.98, p < 0.05) coping styles. Differences in the level of neuroticism and instrumental coping was also revealed in analyses which took into account the time for which individuals have been aware of their illness: in women who have been aware of the MRKH diagnosis for more than 6 years, the level of neuroticism was higher (F1.85 = 3.97, p < 0.05) and the problem-focused coping style was at a lower level (F1.85 = 3.93, p < 0.05) than in healthy women.<b>Conclusions: </b>The results obtained make it possible to identify basic psychological problems related to MRKH syndrome, and to formulate proposals on psychological interventions addressed to this group of women. This study showed that with time negative psychological consequences become more severe, and thus those women should be provided with specialist help from the moment the diagnosis is made.",11,6,1244-1249
R148,no,EBSCOhost combined export,MEDLINE Ultimate,Indigenous technique of fabricating vaginal mould for vaginal reconstruction and uterine drainage in McIndoe vaginoplasty using 10 ml syringe.,"Mishra, Brijesh ; Janavar, Gaurav ; Pradeep, Yashodhara ; Singh, Arun K ; Kumar, Vijay ; Upadhyay, Divya N",2016,Indian journal of plastic surgery : official publication of the Association of Plastic Surgeons of India,10.4103/0970-0358.182230,,Journal Article,eng,": Absence of vagina poses multitude of physical and psychosocial problems in woman's life. 10% of Mayer- Rokitansky-üster-Hauser (MRKH) syndrome patients with high vaginal septum and vaginal atreisa has additional issue of draining uterine cavity. MC Indoe vaginoplasty is universally acceptable and widely practiced procedure for neocolposis reconstruction. Simultaneous reconstruction of vagina with simultaneous continued uterine drainage presents surgical challenge. We offer a simple solution of creating a vaginal mould using a 10 ml disposable syringe, which enables graft application of neovaginal cavity with simultaneous protected uterine drainage per vaginum. Total 10 patients were included in this study of which 4 needed uterine drainage procedure in addition to neovaginal creation. All the patients fared well, there were no problems regarding graft loss or vaginal mould extrusion etc. Fabrication of mould for graft enables easy dressing changes with out disturbing the skin graft. This innovation offers a simple easily reproducible and cheap way of fabricating vaginal mould for McIndoe vaginoplasty. It is especially useful for neovaginal graft application and simultaneous uterine drainage.",49,1,76-80
R149,no,EBSCOhost combined export,MEDLINE Ultimate,"The Missing Uterus, the Missed Diagnosis, and the Missing Care. Mayer-Rokitansky-Küster-Hauser Syndrome in the Lives of Women in Malaysia.","Hatim, H ; Zainuddin, A A ; Anizah, A ; Kalok, A ; Daud, T I Mohd ; Ismail, A ; Nurazurah, A G ; Grover, S",2021,Journal of pediatric and adolescent gynecology,10.1016/j.jpag.2020.11.009,,Journal Article,eng,"Study Objective: To explore the effect of the diagnosis of Mayer-Rokitansky-Küster-Hauser (MRKH) syndrome on affected Malaysian women. Design: Qualitative study with a quantitative component. Setting: Pediatric and adolescent gynecology unit at Universiti Kebangsaan Malaysia Medical Centre, Malaysia. Participants: Twelve women with MRKH. Interventions: Face-to-face interview and short questionnaire. Main Outcome Measures: Thematic analysis was used to understand participants' experiences. Results: There were 7 themes identified: (1) delayed diagnoses; (2) doctors' roles and attitudes; (3) gender identity; (4) family and society's response; (5) reaction toward infertility; (6) managing sexual intimacy; and (7) coping mechanisms. Several participants consulted their physicians regarding their primary amenorrhea at an opportunistic setting. When they were referred to the gynecologists, they were dismayed at the lack of information given. The term, ""MRKH"" plays an important role to ease information-seeking. Participants felt that the doctors were insensitive toward them. Mental illness is a significant complication of MRKH. All participants acknowledged that infertility was the hardest part of the condition. The importance of blood lineage affects their outlook on childbearing options. Some were afraid of sexual intimacy and worried that they would not be able to satisfy their partners. Participants gained support and bonded with their counterparts in the MRKH support group. Conclusion: A multidisciplinary approach including medical, psychological, and social support is essential for the management of MRKH. Adequate information and sexual education plays the utmost importance in preventing social-related complications of MRKH.",34,2,161-167
R150,no,EBSCOhost combined export,CINAHL Ultimate,The clinical outcomes of vaginoplasty using tissue-engineered biomaterial mesh in patients with Mayer-Rokitansky-Küster-Hauser syndrome.,"Zhang, Xiaoli ; Liu, Zhongyu ; Yang, Yizhuo ; Yao, Yuanqing ; Tao, Ye",2017,International Journal of Surgery,10.1016/j.ijsu.2017.06.026,,Journal Article,English,"<b>Objective: </b>The aim of the study is to evaluate the clinical outcomes of vaginoplasty using tissue-engineered biomaterial mesh in the patients with Mayer-Rokitansky-Küster-Hauser (MRKH) syndrome.<b>Patients and Methods: </b>Patients with MRKH syndrome underwent the vaginoplasty using tissue-engineered biomaterial mesh between January 2006 and August 2014 in PLA general hospital. We analyzed the anatomic results and collected the standardized FSFI (Female Sexual Function Index) questionnaire from each patient.<b>Results: </b>Totally forty patients with MRKH syndrome were enrolled in the present study. The surgical procedures were performed without any major complication except that intraoperative bladder injury occurred in one case and was repaired successfully. The mean duration of surgery was 85.3 min (SD = 8.7), the mean blood loss was 58.7 ml (SD = 36.5). The mean hospital stay after surgery was 8.8 days (SD = 4.7). Three monthes after surgery, superduper mucosa was found in the neovagina of all enrolled patients. Twelve weeks after surgery, a satisfactory vaginal length of at least 9 cm was attained in all patients, and vaginal cross-sectional diameter more than 2 cm. The scar contracture, necrosis or rejection did not occurred in any patient. The anatomic success rate was 100%. All these sexually active patients answered the FSFI questionnaire and completed all the 19 items in the questionnaire. The mean total FSFI score of these patients was 25.2.<b>Conclusions: </b>The vaginoplasty using tissue-engineered biomaterial mesh procedure can act as a safe and effective surgical strategy for patients with MRKH syndrome. However, larger scale studies with longer follow-up profiles are needed to justify its widespread utilization.",44,,9-14
R151,no,EBSCOhost combined export,MEDLINE Ultimate,Prolapse and sexual function 8 years after neovagina according to Shears: a study of 43 cases with Mayer-von Rokitansky-Küster-Hauser syndrome.,"Kuhn, Annette ; Neukomm, Corinne ; Dreher, Ekkehard F ; Imobersteg, Jeannine ; Mueller, Michael D",2013,International urogynecology journal,10.1007/s00192-012-1980-z,,Journal Article,eng,"Introduction and Hypothesis: To investigate sexual and anatomical outcome after Shears neovagina in patients with Mayer-von Rokitansky-Kuster-Hauser syndrome (MRKH). Methods: Forty-three consecutive patients with MRKH syndrome underwent surgery creating a neovagina according to Shears. Follow-up was 8 years. Sexual function was assessed using the Female Sexual Function Index (FSFI) as patient reported outcome; anatomical results were assessed measuring anterior, posterior and apical prolapse using the ICS Pelvic Organ Prolapse Score (ICS-POP Score). Pelvic floor contraction was measured applying the Oxford grading system. Results: Thirty-seven of the patients were regularly sexually active and filled in the FSFI; mean total FSFI was 27.2 (range 24-28). No significant prolapse of the neovagina was noted, 11 patients had a grade I cystocele, rectocele or apical descent that was asymptomatic. Oxford grading of the pelvic floor contraction was 4 in median (range 2-5). Conclusion: The neovagina according to Shears is a valuable surgical option with good sexual and anatomical outcome 8 years after therapy.",24,6,1047-1052
R152,no,EBSCOhost combined export,MEDLINE Ultimate,Relieving menstrual obstruction: surgical correction of vaginal agenesis.,"Schmitt, Jennifer J ; Arora, Chetna ; Gebhart, John B",2016,International urogynecology journal,10.1007/s00192-015-2920-5,,Case Reports ; Journal Article ; Video-Audio Media,eng,"Introduction and Hypothesis: Mayer-Rokitansky-Küster-Hauser (MRKH) syndrome includes vaginal agenesis with varied uterine development. The objective of this video is to illustrate our surgical technique to create a cervical and vaginal canal to relieve menstrual obstruction for a teenager with a functional uterus and vaginal agenesis. Methods: Using vaginal dissection and a mini laparotomy, a sound placed through the fundus of the uterus created an endocervical and vaginal channel to relieve her menstrual obstruction. A Foley catheter stented the cervical canal and a red rubber chest tube catheter stented the vagina until epithelization was achieved. Results: No complications were encountered. The patient was examined with intermittent hysteroscopy with gentle dilation of the cervix. She had the red rubber catheter removed at 3 months, and she started using a small dilator. Her menses were suppressed with a gonadotropin releasing-hormone agonist allowing for complete healing. She is now 17. Her vaginal canal is well-epithelialized. Hysteroscopy confirmed a patent endocervical canal and uterine cavity. Conclusion: MRKH is rare. A small percentage of affected women has a functional endometrium requiring intervention for menstrual obstruction. Full vaginal reconstruction may be considered, but creation of a small canal to provide menstrual relief can be a temporary solution in those not desiring sexual function.",27,4,641-643
R153,no,EBSCOhost combined export,Women's Studies International,539: Postpartum depression in women with pregnancies complicated by a fetal congenital cardiac anomaly.,"Waldrop, Anne R. ; Sherwin, Elizabeth B. ; Anderson, Jill N. ; Boissiere, Jaye C. ; Girsen, Anna ; Blumenfeld, Yair J.",2020,American Journal of Obstetrics & Gynecology,10.1016/j.ajog.2019.11.555,,Article,eng,,222,1,S348-S348
R154,no,EBSCOhost combined export,MEDLINE Ultimate,Peritoneal vaginoplasty by Luohu I and Luohu II technique: a comparative study of the outcomes.,"Le, Aiwen ; Wang, Zhonghai ; Shan, Lili ; Xiao, Tianhui ; Zhuo, Rong ; Luo, Guangnan",2015,European journal of medical research,10.1186/s40001-015-0165-x,,"Comparative Study ; Journal Article ; Research Support, Non-U.S. Gov't ; Retracted Publication",eng,"Background: Surgical vaginoplasty is the standard treatment for women suffering from Mayer-Rokitansky-Küster-Hauser (MRKH) syndrome. This study compares the advantages and disadvantages of Luohu I technique or its modification, Luohu II technique. Methods: Women with MRKH syndrome undergoing laparoscopic peritoneal vaginoplasty using either the Luohu I (N = 145) or Luohu II (N = 155) technique were recruited. We compare the effectiveness of the Luohu II and one of Luohu I. Sexual satisfaction was checked by Female Sexual Function Index. Results: There was no significant difference in the mean operation time, volume of intraoperative blood loss, time for the first passage of gas, sexual satisfaction (and hospital stay for patients in either group (P > 0.05). But patients in the Luohu II group had a significantly lower incidence of complications than patients in the Luohu I group. All patients had vaginal depths more than 9 cm over 3 months post-surgery. Conclusions: Compared with the traditional Luohu I laparoscopic peritoneal vaginoplasty, the Luohu II operation is easier to perform and causes less damage to the bladder and rectum. The physiological and anatomical features of the artificial vagina resemble the normal vagina in both techniques.",20,,69
R155,no,EBSCOhost combined export,CINAHL Ultimate,Laparoscopic vaginoplasty using a single peritoneal flap: 10 years of experience in the creation of a neovagina in patients with Mayer-Rokitansky-Küster-Hauser syndrome.,"Zhao, Xi-Wa ; Ma, Jun-Ying ; Wang, Yan-Xiu ; Zhang, Hui ; Zhang, Jun ; Kang, Shan",2015,Fertility & Sterility,10.1016/j.fertnstert.2015.04.014,,Journal Article,English,"<b>Objective: </b>To assess anatomical and functional outcomes of a novel laparoscopic vaginoplasty technique using a single peritoneal flap (SPF) in patients with Mayer-Rokitansky-Küster-Hauser (MRKH) syndrome.<b>Design: </b>Prospective follow-up study.<b>Setting: </b>University-based tertiary-care hospital.<b>Patient(s): </b>Patients with MRKH syndrome (n = 83) and randomly selected frequency-matched age-comparable healthy women serving as controls (n = 85).<b>Intervention(s): </b>From March 2004 to March 2014, a total of 83 patients with MRKH syndrome underwent laparoscopic vaginoplasty using an SPF.<b>Main Outcome Measure(s): </b>Intraoperative parameters, postoperative parameters, and anatomical outcomes were recorded. The functional results of patients who became sexually active were assessed using the Female Sexual Function Index (FSFI) questionnaire and were compared with those of the controls.<b>Result(s): </b>Laparoscopic vaginoplasty using an SPF was successfully performed in all 83 patients, with no intraoperative complications. The mean operative time and intraoperative blood loss were, respectively, 71.2 ± 18.9 minutes and 88.5 ± 57.2 ml. The mean length and width of the neovagina at the 6-month follow-up examination were, respectively, 8.2 ± 0.8 cm and 3.0 ± 0.6 cm. Anatomical success was achieved in all patients. At 12 months after surgery, functional success, as assessed by the FSFI questionnaire, was achieved in 95.3% of patients. The FSFI scores did not differ significantly between patients with MRKH and healthy women in a control group.<b>Conclusion(s): </b>Laparoscopic vaginoplasty using an SPF may be a feasible and effective approach that has satisfactory anatomical and functional outcomes for patients with MRKH syndrome.",104,1,241-247
R156,no,EBSCOhost combined export,APA PsycInfo,Du corps sexué incomplet (agénésie utéro-vaginale) au ressaisissement identitaire du féminin dans la rencontre sexuelle: Une étude de cas.,"Blanc, S.",2025,In Analysis,10.1016/j.inan.2025.100534,,Journal Article,fra,"Context: This article proposes a psychodynamic approach to MRKH syndrome, designating an absence of uterus and vagina, a rare congenital malformation which concerns one in 4000 female births. It proposes to identify, from a qualitative perspective, some of the issues raised by the nature of this medical pathology and the specificity of its treatment, as well as their repercussions on sexuality in connection with the adjustments of sexual identity, based on a case study. Objectives: The aim is to show how the bodily obstacle to penetrative sexuality, caused by the nature of the syndrome, will be treated on a somatic level and in what way these protocols, associated with the issues raised by the pathology, will impact the way to live sexuality. Method: Data collection is based on individual clinical research interviews between the young woman concerned by the case and the clinical psychologist. The article occasionally refers to the author's work on the same theme, especially a previous article dealing with the subject in a both qualitative and quantitative approach. Results: This study makes it possible to identify in this case the recourse to sexuality with an addictive tendency which would reinforce the status of a “complete” woman with a strong reparative value for injured feminine identity. The over-investment of the “erotic pole” of the female personality attempts to rehabilitate the libidinal dimension of the genital area affected by the issues of lack, incompleteness and overwhelming pain, with benefits on the experience of the gender identity. Interpretations: This study allows us, beyond the specific context of the syndrome, to consider the importance of intersubjectivity in the capacity of transforming the traumatic bodily experience. It also poses new ways to think about the appropriation of the sexual body in and beyond the logic of repetition, and to consider the question of the investment (potentially fetishized) of a transplanted organ and its appropriation on a psychological level. It would therefore be interesting to treat these themes in the context of other somatic clinics. (PsycInfo Database Record (c) 2025 APA, all rights reserved)",9,2,
R157,no,EBSCOhost combined export,MEDLINE Ultimate,Sexual delusion in a case of vaginal aplasia after surgical operation for neovagina.,"Melliou, H ; Daskalopoulou, E ; Evdokimides, I ; Gourounti, K ; Christopoulos, P ; Kreatsas, G ; Vaslamatzis, G",2012,Clinical and experimental obstetrics & gynecology,,,Case Reports ; Journal Article,eng,": The Mayer-Rokitansky-Kuster-Hauser (MRKH) is a syndrome of unknown etiology characterized by congenital aplasia of the uterus and the upper part (2/3) of the vagina in women showing normal development of secondary sexual characteristics. We report the case of a patient with vaginal aplasia and schizophrenia presenting with sexual delusion. To the authors' knowledge this is the first case to provide evidence of coexistence between MRKH and sexual delusion in a schizophrenic patient. The core of the patient's delirium was that she was having sexual intercourse with an eminent person through the big toe of her right foot. We approached this case using a neurological and a psychodynamic hypothesis. The neurological hypothesis suggests that the ""deactivation"" of the patient's genitalia led to an expansion of the adjacent big toe cortical area. The psychodynamic hypothesis supports that the sexual function and pleasure was partially expelled from the body image and was stored in a non sexual part of the body (i.e., big toe). Clinicians should be aware of this association and offer patients with MRKH psychological or/and psychiatric evaluation.",39,2,239-241
R158,no,EBSCOhost combined export,Women's Studies International,Vaginal dilation treatment in women with vaginal hypoplasia: a prospective one-year follow-up study.,"Callens, Nina ; Weyers, Steven ; Monstrey, Stan ; Stockman, Sabine ; van Hoorde, Birgit ; van Hoecke, Eline ; De Cuypere, Griet ; Hoebeke, Piet ; Cools, Martine",2014,American Journal of Obstetrics & Gynecology,10.1016/j.ajog.2014.03.051,,Article,eng,"Objective Vaginal dilation treatment has been shown to be a (cost) effective first-line alternative to surgery in normalizing vaginal length and improving sexual function in women with vaginal hypoplasia. There remains, however, a need for prospective studies, with long-term assessment of multiple outcomes. Study Design This was a prospective, single-centre observational study of 16 women with Mayer-Rokitansky-Küster-Hauser syndrome (n = 12) or 46,XY disorders of sex development (n = 4). All women underwent an outpatient vaginal dilation program supervised by a psychologist and physiotherapist. At baseline (T0), stop of treatment (T1) and 1 year follow-up (T2), semistructured interviews, and validated questionnaires assessed sexual function and distress, self-esteem, vaginal perceptions, and health-related quality of life. Gynecological examinations evaluated vaginal dimensions. Results Ten women completed the program, 3 are still in the program, and dilation failed in 3 and chose vaginoplasty. Sixty-nine percent reached a normal vaginal length (≥6.5 cm) in 5.8 ± 3.3 months. Seventy percent were sexually active with pleasurable experiences at T1, 57% at T2. The significant decrease in sexual distress at T1 ( P < .05) was followed by a nonsignificant increase at T2. Depressive mood symptomatology remained high at T1 and T2, related to loss of bodily integrity and fertility. The majority refused further psychological counseling. Conclusion Vaginal dilation treatment should remain the cornerstone of treatment in women with vaginal hypoplasia. However, the diagnosis remains to have a negative impact on emotional well-being in the long term. The role of psychological intervention as both a primary and adjuvant treatment needs clear evaluation.",211,3,228.e1-228.e12
R159,no,EBSCOhost combined export,MEDLINE Ultimate,XCM Biologic Tissue Matrix xenograft and autologous micromucosa graft for vaginal reconstruction in Mayer-Rokitansky-Küster-Hauser syndrome.,"Gomes, Tatiana Gigante ; Agostinho, Mariana ; Cardoso, Mariana Conceição ; Costa, João Nunes da ; Matias, Júlio",2021,Archives of plastic surgery,10.5999/aps.2020.00556,,Case Reports ; Journal Article,eng,": Mayer-Rokitansky-Küster-Hauser (MRKH) syndrome can be treated through numerous surgical and nonsurgical methods. We present a surgical technique in which a neovagina was reconstructed and shaped by a vaginal expander with acellular porcine dermal matrix (XCM Biologic Tissue Matrix) and mucosal interposition using microfragments harvested from the hymen. In our case, we found this procedure to be safe and effective, resulting in satisfactory sexual function and good cosmetic results, without donor site morbidity. To our best knowledge, this tissue-engineered biomaterial has never been used for vaginal reconstruction before.",48,2,185-188
R160,no,EBSCOhost combined export,Women's Studies International,Sexual response in women with Mayer-Rokitansky-Küster-Hauser syndrome with a nonsurgical neovagina.,"Both, Stephanie ; Kluivers, Kirsten ; ten Kate-Booij, Marianne ; Weijenborg, Philomeen",2018,American Journal of Obstetrics & Gynecology,10.1016/j.ajog.2018.07.012,,journal article,eng,"<bold>Background: </bold>Sexual dysfunction is prevalent in women with Mayer-Rokitansky-Küster-Hauser syndrome after the creation of a neovagina. Insight into the physiologic response of the neovagina during sexual arousal is lacking, although this would help in the understanding of sexual function of these patients. The physiologic sexual response of the vagina can be measured objectively by vaginal photoplethysmography to assess vaginal blood flow.<bold>Objective: </bold>Testing whether the physiologic and subjective sexual response in women with Mayer-Rokitansky-Küster-Hauser syndrome with a neovagina differs from the response in women with a natal vagina.<bold>Study Design: </bold>Vaginal blood flow (vaginal pulse amplitude) and subjective sexual responses during neutral and erotic film viewing were assessed in premenopausal women with Mayer-Rokitansky-Küster-Hauser syndrome with a nonsurgically created neovagina (n=15) and were compared with responses of an age-matched control group (n=21).<bold>Results: </bold>All women with Mayer-Rokitansky-Küster-Hauser syndrome had created their neovagina themselves by dilation. Women with Mayer-Rokitansky-Küster-Hauser syndrome showed a significantly smaller vaginal pulse amplitude compared with control subjects during neutral film viewing (P=.002). In both groups, vaginal pulse amplitude increased significantly during erotic film viewing, but this increase was significantly smaller in the Mayer-Rokitansky-Küster-Hauser syndrome group (P<.005). Levels of subjective sexual arousal did not significantly differ between the 2 groups (P>.2).<bold>Conclusion: </bold>Women with Mayer-Rokitansky-Küster-Hauser syndrome with a nonsurgically created neovagina showed a weaker vaginal blood flow response during visual sexual stimulation and poorer basal blood flow compared with control subjects. The differences in vaginal blood flow may be related to less vascularization and innervation of the neovagina compared with the natal vagina. The weaker vaginal sexual response can play a role in sexual dysfunction; however, despite the weaker vaginal response, women with Mayer-Rokitansky-Küster-Hauser syndrome did not differ in their level of subjective sexual arousal. Future studies may compare vaginal blood flow and subjective sexual response of women with Mayer-Rokitansky-Küster-Hauser syndrome with nonsurgically and surgically created vaginas.",219,3,283.e1-283.e8
R161,no,EBSCOhost combined export,MEDLINE Ultimate,Prevascularized Tissue-Engineered Human Vaginal Mucosa: <i>In Vitro</i> Optimization and <i>In Vivo</i> Validation.,"Jakubowska, Weronika ; Chabaud, Stéphane ; Saba, Ingrid ; Galbraith, Todd ; Berthod, François ; Bolduc, Stéphane",2020,Tissue engineering. Part A,10.1089/ten.tea.2020.0036,,"Journal Article ; Research Support, Non-U.S. Gov't",eng,": Tissue engineering offers novel therapies for vaginal reconstruction in patients with congenital vaginal agenesis such as Mayer-Rokitansky-Küster-Hauser (MRKH) syndrome. This study aims to reconstruct a prevascularized tissue-engineered model of human vaginal mucosa (HVM) using the self-assembly approach, free of exogenous materials. In this study, a new cell culture method was used to enhance microcapillary network formation while maintaining sufficient biomechanical properties for surgical manipulation. Human vaginal fibroblasts were coseeded with human umbilical vein endothelial cells (HUVECs). Transduction of HUVEC with a vector that allows the expression of both green fluorescent protein (GFP) and luciferase allowed the monitoring of the formation of a microvascular network <i>in vitro</i> and the assessment of the viability and stability of HUVEC <i>in vivo</i>. Two reconstructed vaginal mucosa grafts, a prevascularized, and a nonvascularized control were implanted subcutaneously on the back of 12 female nude mice and monitored for up to 21 days. Prevascularized grafts demonstrated signs of earlier vascularization compared with controls. However, there were no differences in graft survival outcomes in both groups. The finding of mouse red blood cells within GFP-positive capillaries 1 week after implantation demonstrates the capacity of the reconstructed capillary-like network to connect to the host circulation and sustain blood perfusion <i>in vivo</i>. Furthermore, sites of inosculation between GFP-positive HUVEC and mouse endothelial cells were observed within prevascularized grafts. Our results demonstrate that the addition of endothelial cells using a hybrid approach of self-assembly and reseeding generates a mature capillary-like network that has the potential to become functional <i>in vivo</i>, offering an optimized prevascularized HVM model for further translational research. Impact statement This study introduces a prevascularized tissue-engineered model of human vaginal mucosa (HVM), which is adapted for surgical applications. The prevascularization of tissue-engineered grafts aims to enhance graft survival and is an interesting feature for sexual function. Various scaffold-free cell culture methods were tested to reconstruct a mature microcapillary network within HVM grafts while meeting biomechanical needs for surgery. Moreover, this animal study assesses the vascular functionality of prevascularized grafts <i>in vivo</i>, serving as a proof of concept for further translational applications. This research underlines the continuous efforts to optimize current models to closely mimic native tissues and further improve surgical outcomes.",26,13-14,811-822
R162,no,EBSCOhost combined export,MEDLINE Ultimate,An update on surgical and non-surgical treatments for vaginal hypoplasia.,"Callens, Nina ; De Cuypere, Griet ; De Sutter, Petra ; Monstrey, Stan ; Weyers, Steven ; Hoebeke, Piet ; Cools, Martine",2014,Human reproduction update,10.1093/humupd/dmu024,,Journal Article ; Review,eng,"Background: In women with vaginal hypoplasia, such as in Mayer-Rokitansky-Küster-Hauser syndrome (MRKH) and in Complete Androgen Insensitivity Syndrome (CAIS), surgical vaginoplasty and non-surgical self-dilation treatments are available to lengthen the vagina and facilitate sexual intercourse, but the best treatment remains controversial. Vaginal dilation has been recommended as a first-line treatment, because of its less invasive character and high success rate. However, the exploration of factors associated with compliance and long-term outcome is incomplete, including whether psychological counselling needs to be embedded in treatment to maximize efficacy. It is not known if failed vaginal dilation therapy jeopardizes further surgical success outcomes, especially because in a number of these procedures ongoing vaginal dilation is required. In addition, if surgery is needed, there is a lack of evidence to inform physicians regarding the optimum surgical technique to use. Also, it is unclear whether maintenance dilation therapy in case of sexual inactivity is crucial to ensure functional success. Methods: In view of this ongoing debate, we performed a search of all published literature (English language only) restricted to the management of vaginal hypoplasia in patients with MRKH or CAIS from 1898 to March 2013 using Pubmed, Cochrane Library and Web of Science. Of the 6700 articles initially identified, a total of 190 studies are analysed. More specifically, by establishing the risk/efficacy profile (vaginal capacity, complications and long-term durability in terms of sexual function) of the different surgical and non-surgical reconstruction techniques, we evaluate if vaginal dilation proposed as the first-line technique is justified based on the evidence. Results: When anatomical success was defined as a length of ≥7 cm and functional success as coitus, all vaginoplasty techniques yielded significantly higher success rates (>90 versus 75% after vaginal dilation), irrespective of underlying diagnosis or start vaginal length. When functional success was defined as 'satisfaction with sex', including non-genital sex, differences disappeared. Failed dilation therapy does not preclude anatomical (nor functional) success if vaginoplasty afterwards is necessary. Traction vaginoplasty seems to have the highest anatomical (99%) and functional success rates (96%), whereas both split- and full-thickness skin graft procedures and intestinal procedures have the lowest successful outcomes (83-95%). Overall, complication rates were significantly lower within the vaginal dilation groups when compared with the different vaginoplasty techniques. Although no randomized control data exist regarding maintenance dilation, the available evidence suggests that continued dilation is needed to maintain patency in periods of coital inactivity. Despite the expectancy that the probability of further positive outcomes is maximized with psychological counselling, this could not be confirmed. Conclusions: As the medical literature lacks high-quality comparative outcome studies and prospective, longitudinal studies are scarce, no evidence-based treatment guidelines can be provided. However, because of the physically low complication rate and an overall success chance of 75%, vaginal dilation as first choice treatment seems to be justified. Overall, the laparoscopic Vecchietti procedure, becoming more and more available in specialized centres, is considered an appropriate surgical option in patients who are poorly compliant and failed dilation therapy, or for those who do not want to start with vaginal dilation therapy. Future approaches need to raise a wider range of psychosexually oriented questions, elucidate the relationship between vaginal depth and satisfactory outcomes and gain additional experience concerning the format of acceptable and efficient psychological care.",20,5,775-801
R163,no,EBSCOhost combined export,MEDLINE Ultimate,Acne and PCOS are less frequent in women with Mayer-Rokitansky-Küster-Hauser syndrome despite a high rate of hyperandrogenemia: a cross-sectional study.,"Rall, Katharina ; Conzelmann, Gabriele ; Schäffeler, Norbert ; Henes, Melanie ; Wallwiener, Diethelm ; Möhrle, Matthias ; Brucker, Sara Y",2014,Reproductive biology and endocrinology : RB&E,10.1186/1477-7827-12-23,,Journal Article,eng,"Background: Acne is a very common skin condition during adolescence and adulthood. Patients with uterovaginal agenesis (Mayer-Rokitansky-Küster-Hauser syndrome, MRKH) treated at the Tübingen University Center for Rare Female Genital Malformations, however, clinically appeared to be less frequently affected by acne. The etiology of MRKH syndrome remains unknown. The only known MRKH-associated mutations are located within the WNT4 gene and lead to an atypical form of MRKH syndrome associated with clinical and biochemical hyperandrogenism. Our study aimed to assess the frequency, severity, and self-evaluation of acne in MRKH patients and to correlate the clinical findings with hormone analyses. Methods: As part of a cross-sectional longterm follow-up study after laparoscopic assisted creation of a neovagina a questionnaire was sent to 149 MRKH patients aged 16-44 years comprising 26 items concerning prevalence and self-evaluation of acne, and the effects of acne on quality of life. The questionnaire was derived from one used in a former epidemiological study of acne in 4,000 women. Blood for hormone analyses was collected routinely during the clinical visit. Results: Fully completed, evaluable questionnaires were returned by 69/149 (46%) women. Of these respondents, 42 (60.1%) showed hyperandrogenemia without other clinical signs of virilization but only 17 (24.6%) reported acne (8 (11.6%) had physiological acne and 9 (13.0%) clinical acne) and only 10 (14.5%) reported receiving medical treatment for their acne. Effects of acne on quality of life were minor. Only 4 patients (5.8%) with PCOS were identified, among them one with physiological acne, the other three within the acne-free group. Conclusions: Although hyperandrogenemia is common, acne is significantly less frequent in women with MRKH than reported in the literature for non-MRKH women, and is seldom treated medically. Patients in this study appeared resistant to acne to some extent, possibly due to the sebaceous glands in the acne regions being less sensitive to androgens compared to the normal population. A WNT4 mutation is unlikely to be the main cause of MRKH syndrome in our hyperandrogenemic patients.",12,,23
R164,no,EBSCOhost combined export,APA PsycInfo,Absence des organes génitaux internes chez la femme: Enjeux et répercussions sur l’identité sexuelle.,"Blanc, Stéphanie ; Brun, Anne",2019,L'Évolution Psychiatrique,10.1016/j.evopsy.2019.07.006,,Journal Article,fra,"Objectives: Mayer-Rokitansky-Küster-Hauser (MRKH) syndrome is a rare congenital malformation of the female internal organs. This disorder causes the uterus and vagina to be absent and affects one in 4,500 newborn girls. In a psychodynamic approach and in a qualitative and quantitative perspective, we aim to highlight some of the issues raised by the syndrome and its treatment, in particular the creation of a “neo-vagina”, in terms of the establishment of sexual identity among the women involved. Methods: Our research is based on an interdisciplinary, triangular process in which patient, doctor and clinical psychologist work together in specialized medical consultations. The data collection process also includes individual clinical research interviews between the young women and the clinical psychologist. The study involved seventeen patients. Results: On the basis of this study, it is possible to identify both fantasmatic and physical representations specific to MRKH patients. Most of these representations (summarized in a table) are common to the majority of the patients, some are specific to a few young women, and relate to their body image perception and their sexual investment. Discussion: The study is based on single interviews, apart from two patients (ten interviews each). However, we are currently providing long-term follow-up. Conclusion: In most cases, there is a fetishist issue related to the phallic dimension of the neo-vagina and a high investment in bodily appearance and/or external signs of femininity. (PsycInfo Database Record (c) 2022 APA, all rights reserved)",84,4,591-603
R165,no,EBSCOhost combined export,CINAHL Ultimate,Sexual and functional outcomes of vaginoplasty using acellular porcine small intestinal submucosa graft or laparoscopic peritoneal vaginoplasty: a comparative study.,"Ding, Jing-Xin ; Chen, Li-Mei ; Zhang, Xu-Yin ; Zhang, Ying ; Hua, Ke-Qin",2015,Human Reproduction,10.1093/humrep/deu341,,Journal Article,English,"<b>Study Question: </b>Can vaginoplasty in patients with Mayer-Rokitansky-Küster-Hauser syndrome (MRKHS) be achieved using an acellular porcine small intestinal submucosa (SIS) graft?<b>Summary Answer: </b>Vaginoplasty using SIS graft was successfully achieved in women with MRKHS, and the anatomical and functional outcomes of this procedure were comparable to those of laparoscopic peritoneal vaginoplasty.<b>What Is Known Already: </b>There is a great variety of vaginal reconstruction techniques, which suggests there is no single superior surgical technique.<b>Study Design, Size, Duration: </b>This prospective observational study included 34 patients with congenital vaginal agenesis who underwent vaginoplasty using SIS graft (the SIS group) between December 2011 and July 2013, and 41 patients with the same disease who underwent laparoscopic peritoneal vaginoplasty (the Davydov group) between January 2008 and July 2013.<b>Participants/materials, Setting, Methods: </b>Patient and surgical data, follow-up information, and the female sexual function index (FSFI) scores in the two groups were analysed and compared.<b>Main Results and the Role Of Chance: </b>Compared with the laparoscopic Davydov procedure, the operating time of vaginoplasty using SIS graft was significantly shorter, and the estimated blood loss was significantly less. Patients in the SIS group had an earlier return of bowel activity, and an earlier return to work. However, the total cost in the SIS group was significantly higher than that in the Davydov group due to the cost of the SIS graft ($3525 per graft). Most patients (28/34 in the SIS group and 37/41 in the laparoscopic Davydov group) returned for their follow-up 9 months post-surgery. The mean length of the neovagina in the SIS group seemed slightly shorter than that in the Davydov group (6.8 ± 0.9 cm versus 7.3 ± 1.3 cm, P = 0.081). Thirteen patients (46%) in the SIS group and 11 (29%) in the Davydov group had a neovagina <7 cm long (P = 0.453), whereas 4 patients (14%) in the SIS group and 3 patients (8%) in the Davydov group had a neovagina <6 cm long (P = 0.201). Sixteen patients in the SIS group and 25 in the Davydov group subsequently had a sexual partner and became sexually active. Four patients in the SIS group and six in the Davydov group reported low total FSFI scores (≤23). There was no statistically significant difference in the total FSFI scores and the scores of all six domains of the FSFI between the two groups. The average time of continuous mould wearing in the SIS group was statistically significantly longer than that in the Davydov group (7.8 ± 3.3 months versus 4.8 ± 1.6 months, P = 0.001). In the patients with a neovaginal length of ≥6 cm, the FSFI score of the women (26.6 ± 2.3 versus 21.5 ± 1.5, P < 0.001) and the satisfactory score of their partner (8.6 ± 1.2 versus 6.6 ± 1.2, P < 0.001) were both statistically significantly higher than patients with a neovaginal length of <6 cm.<b>Limitations, Reasons For Caution: </b>The main limitation of this study is that it is non-randomized. Further randomized studies are warranted to compare the effects of these two procedures.<b>Wider Implications Of the Findings: </b>Despite the need to wear a mould for longer, vaginoplasty using SIS graft provides an attractive, alternative treatment for women with MRKHS.<b>Study Funding/competing Interests: </b>This study was supported by the Chinese National Nature Sciences Foundation (grant number 81471416) and the National Key Clinical Faculty Construction Program of China. No competing interests are declared.<b>Trial Registration Number: </b>N/A.",30,3,581-589
R166,no,EBSCOhost combined export,CINAHL Ultimate,Autologous in vitro cultured vaginal tissue for vaginoplasty in women with Mayer-Rokitansky-Küster-Hauser syndrome: anatomic and functional results.,"Benedetti Panici, Pierluigi ; Maffucci, Diana ; Ceccarelli, Simona ; Vescarelli, Enrica ; Perniola, Giorgia ; Muzii, Ludovico ; Marchese, Cinzia",2015,Journal of Minimally Invasive Gynecology,10.1016/j.jmig.2014.09.012,,Journal Article,English,"<b>Study Objective: </b>To present the procedure and the results of a technique in which in vitro autologous cell cultures were used for the canal lining in patients with Mayer-Rokitansky-Küster-Hauser syndrome (MRKHS) subjected to vaginoplasty with a modified Abbè-McIndoe technique. MRKHS is a rare anomaly characterized by vaginal agenesis with variable müllerian duct abnormalities. The Abbè-McIndoe procedure is 1 of the most frequent surgical treatments adopted in these women. In the last decades, several modifications have been introduced by different authors, mostly changing the lining material, but no consensus has been reached on what material should be used for the neovagina canal wall lining.<b>Design: </b>A pilot study (Canadian Task Force classification II-1).<b>Setting: </b>Policlinico Umberto I, ""Sapienza"" University of Rome.<b>Patients: </b>A consecutive series of 23 women with MRKHS underwent neovaginoplasty with autologous vaginal tissue as the graft material between 2006 and 2013.<b>Interventions: </b>Each patient with MRKHS was subjected to a full-thickness mucosal biopsy from the vaginal vestibule. After enzymatic dissociation, cells were inoculated onto collagen IV-coated plates and cultured for 2 to 3 weeks. The patients were subjected to vaginoplasty with a modified Abbè-McIndoe technique with autologous in vitro cultured vaginal tissue. Patients underwent clinical follow-up visits at 1, 3, 6, and 12 months after surgery and every year thereafter. Anatomic, functional, and sexual results were assessed.<b>Measurements and Main Results: </b>In all cases, the vagina appeared normal in length and depth. A vaginal cytology and a vaginal biopsy obtained at the 3-month follow-up visit revealed physiological vaginal tissue. All 23 patients completed the Female Sexual Function Index questionnaire at 12 months after surgery. The results showed a total score of 27.2. These results indicate a satisfactory quality of sexual life.<b>Conclusion: </b>The modified Abbè-McIndoe technique with autologous vaginal tissue appears to be safe and feasible. This technique allows normal and satisfying sexual intercourse. Larger series with longer follow-ups will be necessary to confirm if this technique represents the ideal procedure for vaginal agenesis.",22,2,205-211
R167,no,EBSCOhost combined export,APA PsycInfo,Obsessive–compulsive symptoms and 15q11.2q13.1 duplication syndrome.,"Göbel, Theresa ; Maier, Alexander ; Schlump, Andrea ; Runge, Kimon ; Nickel, Kathrin ; Tebartz van Elst, Ludger ; Schiele, Miriam A. ; Domschke, Katharina ; Gläser, Birgitta ; Tzschach, Andreas ; Komlosi, Katalin ; Endres, Dominique",2024,European Neuropsychopharmacology,10.1016/j.euroneuro.2023.09.009,,Letter,eng,"Presents case report of 45-year-old female patient—who gave written informed consent for publication—presented with OCS, and her predominant compulsion was acts of control (i.e., checking the stove or the electric iron several times and taking pictures before leaving the house). The psychiatric history revealed that the patient had suffered from OCS and a learning disability since the first decade of her life. Mayer–Rokitansky–Küster–Hauser syndrome (MRKHS) type 1, sensorineural hearing loss, and urinary stress incontinence were pre-diagnosed. (PsycInfo Database Record (c) 2024 APA, all rights reserved)",78,,67-69
R168,no,EBSCOhost combined export,APA PsycInfo,Das Mayer-Rokitansky-Küster-Hauser-Syndrom. Eine übersicht über den stand der internationalen psychosomatischen forschung.,"Huber, Kerstin ; Hoffmann, Simone ; Richter-Appelt, Hertha",2009,Zeitschrift für Sexualforschung,10.1055/s-0029-1224720,,Journal Article,deu,"The diagnosis of Mayer-Rokitansky-Küster-Hauser Syndrome is made on the basis of the following symptoms: Non-development (aplasia) of vagina and uterus in women with a female XX set of chromosomes, functioning ovaries and externally inconspicuous female sexual characteristics. The syndrome implies infertility for the affected women and makes normal vaginal sex impossible. Plastic surgery may be used to construct an artificial vagina, which is called ""neovagina"". The majority of research concerns such surgical methods. The present paper, however, gives a survey of the relatively rare studies on the psychological aspects of MRKHS. These studies have produced heterogeneous results with regard to sexuality and psychological stress—some studies have found impairments, while others have not reported significant differences between women with and without MRKHS. With respect to social life, self-perception and dealing with infertility there is only little and partly anecdotal data available. Future research should address the subject from a wider angle and try to understand the impact of different factors on the quality of life of the women concerned. (PsycInfo Database Record (c) 2025 APA, all rights reserved)",22,4,318-339
R169,no,EBSCOhost combined export,MEDLINE Ultimate,Vaginal reconstruction using ileum segment and posterior sagittal anorectoplasty in a patient with Mayer-Rokitansky-Küster-Hauser syndrome with anorectal malformations: A case report.,"Rahayatri, Tri Hening ; Pramudito, Baskoro Cahyo ; Soedibyo, Sastiono",2021,International journal of surgery case reports,10.1016/j.ijscr.2020.12.085,,Case Reports ; Journal Article,eng,": Vaginal agenesis with anorectal malformations is a complex pediatric condition that adversely affects various physiological processes in the body. It may cause disturbances in defecation and urination, abnormalities in the urinary and gastrointestinal tract, dysfunction of the genital and reproductive organs, and sexual function disorders. The complexity in the surgical management of vaginal agenesis includes the selection of a functional reconstruction technique for anal and vaginal formation, timing of the reconstruction, and management of complications in the associated organ system. Herein, we describe a patient with Mayer-Rokitansky-Küster-Hauser syndrome accompanied by a rectovesical fistula. Other abnormalities, such as microcephaly, polydactyly, long urethral abnormalities resembling the male urethra, and complications in the kidney and urinary tract, were observed in the patient. The associated complications included recurrent urinary tract infections, urinary overflow incontinence, vesicoureteric reflux, hydroureter, and left renal hydronephrosis. The patient underwent posterior sagittal anorectoplasty surgery and vaginal reconstruction. The long-term vaginal physiological development of patients with this condition remains unknown.",79,,76-83
R170,no,EBSCOhost combined export,APA PsycInfo,Mayer-Rokitansky-Küster-Hauser syndrome and psychiatric conditions: Toward the importance of a genetic link.,"Suranyi, Gabor ; Capovilla, Maria ; Metelkina-Fernandez, Victoria ; Askenazy, Florence ; Fernandez, Arnaud",2020,Psychosomatics: Journal of Consultation and Liaison Psychiatry,10.1016/j.psym.2020.01.011,,Comment/Reply,eng,"Comments on an article by Heller-Boersma et al. (see record [rid]2009-10223-016[/rid]). Heller-Boersma et al. formally investigated the relationship among Mayer-Rokitnasky-Küster-Hauser Syndrome (MRKHS), psychological distress and/or psychiatric conditions. The authors concluded that women with MRKHS ) had significantly higher pathological scores on subscales of the Symptom Checklist90-R9 scale, such as phobic anxiety, and psychoticism, compared with controls. Using the Eating Disorder Inventory, it appeared that MRKHS women have a significantly greater risk to develop bulimia, which could be explained by them trying to compensate with food for lowered self-esteem and interpersonal difficulties. It is assumed that the most critical period for MRKHS patients is right after a surgical operation or at the time of the diagnosis, when they are most vulnerable to psychiatric symptoms. Unfortunately, in this study, psychiatric evaluation was carried out a long time after diagnosis, which is the reason why the authors explain the lack of more dramatic differences in comparison with the control group. (PsycInfo Database Record (c) 2025 APA, all rights reserved)",61,4,409-410
R171,no,EBSCOhost combined export,MEDLINE Ultimate,"Primary Amenorrhea, Aplastic Uterus, and a Functional Vagina: A Rare Case of Mayer-Rokitansky-Küster-Hauser Syndrome.","Kirschen, Gregory W ; Semenyuk, Natalie",2019,Case reports in obstetrics and gynecology,10.1155/2019/3409548,,Case Reports ; Journal Article,eng,"Background: Müllerian agenesis, also known as Mayer-Rokitansky-Küster-Hauser syndrome (MRKHS), a failure of female urogenital development, typically results in a completely stenotic or rudimentary dimple vagina, both of which are generally nonfunctional in adulthood without mechanical dilation or surgical reconstruction. Case: A 20-year-old Tanner stage V heterosexual woman with normal sexual function since coitarche presented with a chief complaint of primary amenorrhea. She was found to have aplastic uterine buds, absent endometrium/cervix, normal ovaries, and an unusually well-developed lower vagina, a rare presentation of MRKHS. We discuss mechanisms by which the anomaly may have arisen. Summary & Conclusion: This case thus expands the clinical presentation of MRKHS to include a normal appearing vagina with intact sexual function from first sexual encounter, raising interesting questions about the basic underlying embryology.",2019,,3409548
R172,no,EBSCOhost combined export,APA PsycInfo,Fragebogen zum Erleben der eigenen Weiblichkeit (FB-W): Ergebnisse von Frauen mit Mayer-Rokitansky-Küster-Hauser Syndrom und Frauen mit polyzystischem Ovarsyndrom.,"Krupp, Kerstin ; Brunner, Franziska ; Fliegner, Maike ; Rall, Katharina ; Brucker, Sara ; Briken, Peer ; Richter-Appelt, Hertha",2013,PPmP: Psychotherapie Psychosomatik Medizinische Psychologie,10.1055/s-0032-1333286,,Journal Article,deu,"Women with Mayer-Rokitansky-Kuster-Hauser syndrome (MRKHS) or polycystic ovary syndrome (PCOS) experience substantial changes in female body characteristics. It was investigated how this is associated with changes concerning the experience of one’s own femininity. A questionnaire was developed to measure the experience of one’s own femininity. The questionnaire assesses how important several aspects are to women for their experience of their own femininity. Data from 49 women with MRKHS and 55 women with PCOS were compared to a nonclinical sample (932 women). The experience of their own femininity differed between the clinical groups as well as in comparison to the control sample. Diagnosis-specific characteristics emerged, which should be considered in the treatment of affected women. The developed questionnaire proved to be suitable for measuring differences in the experience of one’s own femininity between groups of gynecological patients. (PsycInfo Database Record (c) 2022 APA, all rights reserved)",63,8,334-340
R173,no,EBSCOhost combined export,APA PsycInfo,Quand le féminin est mis à mal … À propos d’une prise de poids significative chez des jeunes femmes en post-annonce diagnostique d’une agénésie utéro-vaginale.,"Gueniche, Karinne ; Vibert, Sarah ; Guinard, Maïa ; Polak, Michel ; Le ’Study Group’ MRKH",2020,L'Évolution Psychiatrique,10.1016/j.evopsy.2020.05.001,,Journal Article,fra,"Objectives: Based on data from a vast medical-psychopathological research study proposed to girls suffering from utero-vaginal agenesis—Mayer-Rokitansky-Küster-Hauser syndrome (MRKH)—, the value and the function of a frequently occurring (10%) bulimic disorder (with weight gain) at the announcement of the diagnosis are analyzed from a psychodynamic perspective. The psychic implications of the diagnosis and its consequences in terms of the modalities of the sessions with these adolescents, alongside genital sexuality, are underlined. The analysis of two cases studies, put into perspective, allows us to refine our understanding of the meaning of this food-related symptom. Therefore, this could both constitute a defensive modality signaling the impasses of the process of construction of the feminine as it could be a lever of psychic transformation of the traumatic repercussions of this process. Methods: Forty young MRKH women aged 19 to 34 (with an average age of 25 ½) are met. The research is offered to them from two to 17 years after their diagnostic announcement; clinical reflection consists of a retrospective analysis of their adolescent traumatic experience. The patients’ stories are collected using a clinical research non-directive interview. Two projective methods—Rorschach and Thematic Apperception Test (TAT)—are also proposed to better understand the modalities of their psychic functioning at the time of the clinical encounters. Interview data are subjected to a thematic clinical analysis. The protocols of the Rorschach and of the TAT are analyzed according to the method of interpretation of the French School, which refers to the psychoanalytic theory of psychic functioning. The material, resulting from sessions with two patients diagnosed with MRKH at the age of 17 and having gained 10 kg in the aftermath of this announcement, is compared in a thorough way. Results: The contrasts—in terms of problematics and of levels of elaboration—between the interview and the projective protocols are striking for each patient. With the analysis of the interview, the bulimic symptom of the first patient occurs in a psychic context where feminine interiority seems unrepresentable. On the contrary, projective protocols reveal access to conflicting and symbolic feminine work. In the same way, the second patient's discourse about her symptom is at first sight much more elaborate than that of the first patient; she establishes a subjective link between the renunciation of maternity inherent in the announcement of MRKH and the compensatory dimension provided by weight gain. However, the discrepancy with the projective tests is surprising in this second patient. Indeed, her productions reflect fragilities in her identity and an insufficient symbolization of the sexual that testify to the defensive value of the excessive symbolization of her speech, evident in the interview. Discussion: These contrasts lead us to consider binge-eating as an attempt to treat an already conflicting female sexuality, even in deadlock, before the discovery of MRKH. Its traumatic accents are updated and potentiated with the diagnostic announcement. The different levels of identified problems can coexist in a same woman, whether it is a feminine that has neither been constructed nor integrated; an impossible investment of the internal body; or a counter-investment of an impossible maternity. In this context, the etiopathogeny of weight gain subsequent to the announcement of the diagnosis is unique for each young woman, but always in connection with an affected or wounded feminine and/or maternal. Conclusion: In conclusion, if the weight gain following the diagnosis reflects a hindrance or even an impasse (possibly punctual) of the psychic treatment of its effects, this medical announcement in adolescence can constitute, afterwards, a new chance for these girls, with a potentially mutative value. (PsycInfo Database Record (c) 2022 APA, all rights reserved)",85,4,607-618
R174,no,EBSCOhost combined export,MEDLINE Ultimate,Selecting barrenness: the use of preimplantation genetic diagnosis by congenitally infertile women to select for infertility.,"Shah, Kavita R",2010,Human reproduction and genetic ethics,10.1558/hrge.v16i1.7,,Journal Article,eng,": Congenitally infertile women such as those with Turner syndrome or Mayer Rokitansky-Kuster-Hauser syndrome have available the technologies of oocyte harvesting, cryropreservation, in-vitro fertilization, and gestational surrogacy in order to have genetically related offspring. Since congenital infertility results in a variety of experiences that impacts on nearly every aspect of a person's life, in the future it is possible that these women might desire a congenitally infertile child through the use of preimplantation genetic diagnosis so as to share this common bond. While infertility results in a relatively normal quality of life, it is morally wrong to necessitate the future use of infertility services with its variable success rate on a child. Also, whereas the woman has fundamental reproductive autonomy, she lacks the substantive autonomy regarding the specific characteristics of her child. Finally, the infertile community does exhibit a strong presence, but it lacks characteristics that define it as a culture.",16,1,7-21
R175,no,EBSCOhost combined export,MEDLINE Ultimate,Sexual Experience before Treatment for Vaginal Agenesis: A Retrospective Review of 137 Women.,"Dear, Joanna ; Creighton, Sarah M ; Conway, Gerard S ; Williams, Louise ; Liao, Lih-Mei",2019,Journal of pediatric and adolescent gynecology,10.1016/j.jpag.2018.12.005,,Journal Article,eng,"Study Objective: To summarize the self-reported sexual experiences of women with vaginal agenesis before treatment and discuss the clinical implications. Design: A retrospective review of pretreatment baseline sexuality data and medical records of women with vaginal agenesis seeking vaginal construction. Setting: A specialist multidisciplinary center for women with genital differences associated with diverse sex development. Participants: One hundred thirty-seven women with untreated vaginal agenesis associated with Mayer-Rokitansky-Küster-Hauser Syndrome and complete androgen insensitivity syndrome aged 15 to 41 years (mean age, 20 years). Interventions: Gynecological examination and completion of questionnaires. Main Outcome Measures: (1) Sexual Experiences Questionnaire; (2) Multidimensional Sexuality Questionnaire; (3) Vaginal Self-Perceptions; and (4) vaginal length. Results: A sizable proportion of women reported having had sexually intimate experiences before any medical intervention on the vagina. Vaginal length, which ranged from dimple to 7 cm and averaged 2.7 cm for the cohort, was unrelated to the range of sexual experiences. Most women perceived their vagina as being too small, but less than half believed that a sexual partner would notice this. Two-thirds of the cohort subsequently completed the dilation program, which was not predicted by pretreatment vaginal length or sexual experience. Conclusion: Contrary to the assumption that a vagina of certain dimensions is a prerequisite for women to ""have sex,"" many women with Mayer-Rokitansky-Küster-Hauser syndrome and complete androgen insensitivity syndrome reported having experienced genital and nongenital sexual activities with no medical interventions. It is recommended that treatment providers affirm women's capacity for sexual intimacy, relationships, and enjoyment before they introduce the topic of vaginal construction as a non-urgent choice.",32,3,300-304
R176,no,EBSCOhost combined export,MEDLINE Ultimate,Using the Wharton-Sheares-George method to create a neovagina in patients with Mayer-Rokitansky-Küster-Hauser syndrome: a step-by-step video tutorial.,"Kuessel, Lorenz ; Wenzl, René ; Marschalek, Marie-Louise ; Slavka, Georg ; Doerfler, Daniela ; Husslein, Heinrich",2016,Fertility and sterility,10.1016/j.fertnstert.2016.08.030,,Case Reports ; Journal Article ; Review ; Video-Audio Media,eng,"Objective: To provide a review of the literature regarding this technique as well as a step-by-step description with the goal of increasing its use as a safe surgical option. Mayer-Rokitansky-Kuster-Hauser (MRKH) syndrome is characterized by vaginal agenesis and a variety of mullerian duct anomalies. To date, a variety of procedures have been described for creating a neovagina, but the best treatment remains debated. The Wharton-Sheares-George method, a minimally invasive surgical approach for the creation of a neovagina, is remarkably simple to perform. Design: Surgical video tutorial. Setting: University hospital and referral center for pediatric and adolescent gynecology. Patient(s): A 20-year-old woman with MRKH syndrome who underwent Wharton-Sheares-George neovaginoplasty. Intervention(s): With the Wharton-Sheares-George neovaginoplasty the rudimentary müllerian ducts are dilated incrementally by pushing Hegar dilators in the direction of the pelvic axis, and the resulting median raphe is then intersected using diathermy. Subsequently a vaginal mold is inserted into the newly created cavity and held in position by two sutures. Main Outcome Measure(s): Discussion of the surgical steps according to the Wharton-Sheares-George method and review of the anatomic and functional results. Results: Reviewing the existing literature shows that a mean vaginal length and width of 8.3 and 3.3 cm, respectively, can be achieved, and so far no major intraoperative or postoperative complications or prolapse of the neovagina has been reported. Patients can achieve a high degree of general well-being as well as sexual and psychosocial functioning. However, as with most other methods, the presented method requires diligent patient compliance due to the lifelong need to actively avoid contraction of the neovagina. Also, as revealed by vaginal cultures and biopsies, the neovaginas remarkably resemble natural vaginas with regard to type of bacterial colonization and structure of epithelium. The process of spontaneous epithelialization of the neovagina is not fully understood, but has been observed to begin at the vaginal orifice and take several months to reach the apex. This leads to the assumption that the nonkeratinizing, stratified squamous epithelium originates from the preexisting vaginal epithelium of the vaginal dimple and migrates in a cranial direction. Alternatively, epithelialization might arise from pluripotent stem cells located in the obliterated müllerian ducts. Conclusion(s): The creation of a neovagina using the Wharton-Sheares-George method does not require allogenic or autologous transplants, nor does it require traction devices or specialized surgical equipment. Furthermore, the procedure is comparatively simple to perform and easy to learn. By following our step-by-step description of this technique, surgeons can offer a minimally invasive, quick, and safe surgical option that provides long-term results that are both functionally and anatomically satisfying. We believe that this technique represents a valuable alternative for the creation of a neovagina in patients with MRKH syndrome and thus should be investigated on a broader scale in the future.",106,7,e20-e21
R177,no,EBSCOhost combined export,MEDLINE Ultimate,[Morphology of the neovagina and sexual functioning of patients with Mayer-Rokitansky-Küster-Hauser syndrome who underwent modified Wharton vaginoplasty].,"Karina, Kapczuk ; Zbigniew, Friebe",2012,Ginekologia polska,,,English Abstract ; Journal Article,pol,"Objectives: To evaluate the anatomical results of Wharton vaginoplasty performed with Friebe modification for the surgical correction of vaginal aplasia in patients with Mayer-Rokitansky-Küster-Hauser (MRKH) syndrome and to assess multidimensionally the sexual functioning of the women. Material and Methods: 20 out of 36 patients with MRKH syndrome who underwent surgical creation of neovagina between October 1995 and September 2009 participated in the study In the group 1 women (55%) had the typical form, 3 women (15%) had the atypical form and 6 women (30%) had the MURCS type of the MRKH syndrome. The dimensions of the vagina (length and width) and the quality of vaginal epithelium (Schiller test) were evaluated. The sexual functioning of the patients was assessed with the Female Sexual Function Index (FSFI) questionnaire and scored in 6 domains (desire, arousal, lubrication, orgasm, satisfaction and pain). Results: The patients underwent the surgery at the median age of 21.7 years (range 16.3-36.6) and were followed-up from 6 months to 11.3 years (median 7.9 years) after the surgery at the median age of 24.7 years (range 18.3-37.3). The vaginal length and width ranged from 4.5 to 12cm (median 6.3) and from 1.5 to 4cm (median 3), respectively. The total FSFI score and 6 domains scores (medians and ranges) obtained within the group of 18 patients (2 patients reported no sexual activity) were as follows: desire 3.6 (1.2-6), arousal 4.5 (2.4-6), lubrication 5.7 (1.2-6), orgasm 4.2 (1.2-6), satisfaction 5.6 (2.4-6), pain 4.8 (0-6), total score 28.2 (10.8-36). No correlation was found between the vaginal dimensions and the total FSFI scores but in 16 (80%) patients the value of the latter was higher than the cut-off value of 26.55, discriminating women with and without sexual dysfunction. Conclusion: The modified Wharton vaginoplasty enables women with MRKH syndrome to get a functional vagina of normal anatomy.",83,4,255-259
R178,no,EBSCOhost combined export,MEDLINE Ultimate,Urethral sex in a woman with previously undiagnosed Mayer-Rokitansky-Küster-Hauser syndrome.,"Rouzi, A A",2013,Clinical and experimental obstetrics & gynecology,,,Case Reports ; Journal Article,eng,"Purpose: To report a case of urethral sex in a woman with previously undiagnosed Mayer-Rokitansky-Küster-Hauser (MRKH) syndrome. Materials and Methods: A 32-year-old woman presented with severe pain, dysuria, and mild hematuria after each intercourse. Secondary sexual characteristics were normal. Vaginal and rectal examinations revealed an absent vagina and uterus. Further investigations showed a normal hormonal profile, a 46 XX karyotype, and a normal intravenous pyelography. Pelvic ultrasonography and magnetic resonance imaging (MRI) confirmed the absence of a uterus and the presence of bilateral ovaries. Results: A diagnosis of MRKH syndrome was made and the patient underwent a modified Vecchietti operation for the creation of a new vagina. The urethral meatus was noticeably dilated. Postoperatively, the vaginal length was six to seven cm. Long-term follow-up revealed that she was able to have normal and satisfactory vaginal intercourse without any problems. Conclusion: Urethral intercourse is documented here for the first time in a case of misdiagnosed MRKH syndrome.",40,3,452-453
R179,no,EBSCOhost combined export,MEDLINE Ultimate,The Lived Experience of MRKH: Sharing Health Information with Peers.,"Ernst, Michelle E ; Sandberg, David E ; Keegan, Catherine ; Quint, Elisabeth H ; Lossie, Amy C ; Yashar, Beverly M",2016,Journal of pediatric and adolescent gynecology,10.1016/j.jpag.2015.09.009,,"Journal Article ; Research Support, N.I.H., Extramural",eng,"Study Objective: To examine the process and emotional effect of disclosing a personal diagnosis of Mayer-Rokitansky-Küster-Hauser syndrome (MRKH) to peers during adolescence and young adulthood. Design and Setting: Qualitative study using semistructured telephone interviews. Participants: Nine women diagnosed with MRKH, aged 21-31 years, recruited via patient support groups. Interventions and Main Outcome Measures: Motivators and barriers to self-disclosure of a diagnosis of MRKH to peers and partners. Results: Motivators to tell peers about a diagnosis included significant trust in the relationship (whether platonic or romantic), needing to unload the experienced burden of diagnosis, and a sense of responsibility to be forthcoming if a long-term romantic future was desired. The most common barrier to telling others was fear of rejection or being labeled a ""freak."" Although most participants did not receive guidance from a health care provider regarding approaches to sharing diagnostic information with others, almost all participants reported wishing they had received such counseling. Conclusion: A diagnosis of MRKH elicits recurring anxieties about disclosure and the effect on relationships that are inadequately addressed by health care providers. Guidance and support on disclosure to friends and romantic partners should be provided whenever possible.",29,2,154-158
R180,no,EBSCOhost combined export,MEDLINE Ultimate,Sexual Life of Women With Mayer-Rokitansky-Küster-Hauser Syndrome After Laparoscopic Vecchietti Vaginoplasty.,"Pastor, Zlatko ; Froněk, Jiří ; Nováčková, Marta ; Chmel, Roman",2017,Sexual medicine,10.1016/j.esxm.2016.12.003,,Journal Article,eng,"Introduction: Adequate anatomic and physiologic functions of the genitalia are fundamental prerequisites for sexual well-being and reproduction. Mayer-Rokitansky-Küster-Hauser syndrome (MRKHS) compromises female sexual life and makes reproduction impossible. Aim: To assess the psychosexual effect of vaginal reconstruction using the laparoscopic Vecchietti technique in patients with MRKHS. Methods: Forty-two patients with MRKHS who underwent laparoscopic Vecchietti vaginoplasty were included. Their partners also were interviewed. A control group of 45 age-matched, childless, sexually active women were examined during the same period. Main Outcome Measures: A gynecologic examination was performed to determine the anatomic outcome. Psychosexual function was evaluated with the Female Sexual Distress Scale-Revised (FSDS-R), the Female Sexual Function Index (FSFI), and a semistructured interview. Genital self-image was evaluated using the Female Genital Self-Image Scale (FGSIS). Results: Average neovagina length (7.0 ± 9.6 cm) in the MRKHS group was significantly shorter than the vaginal length in the control group (9.3 ± 2.5 cm). Women with a neovagina reported satisfactory sexual function (FSFI score = 29 ± 2.7) that was not significantly different from the control group (P < .05); however, they also had significantly higher levels of distress (FSDS-R score = 14.5 ± 6.5) and were not satisfied with their genitals (FGSIS score = 22.0 ± 2.4) compared with the control group. Conclusion: Sexual function in women with MRKHS can be restored successfully by vaginoplasty; however, they have higher rates of distress and are less satisfied with their genitals. Pastor Z, Fronĕk J, Nováčková M, Chmel R. Sexual Life of Women With Mayer-Rokitansky-Küster-Hauser Syndrome After Laparoscopic Vecchietti Vaginoplasty. Sex Med 2017;5:e106-e113.",5,2,e106-e113
R181,no,EBSCOhost combined export,MEDLINE Ultimate,Recent advances in the molecular mechanisms of Mayer-Rokitansky-Küster-Hauser syndrome.,"Watanabe, Keiko ; Kobayashi, Yusuke ; Banno, Kouji ; Matoba, Yusuke ; Kunitomi, Haruko ; Nakamura, Kanako ; Adachi, Masataka ; Umene, Kiyoko ; Kisu, Iori ; Tominaga, Eiichiro ; Aoki, Daisuke",2017,Biomedical reports,10.3892/br.2017.929,,Journal Article,eng,": Mayer-Rokitansky-Küster-Hauser syndrome (MRKHS) is a disease caused by congenital absence of the uterus and two-thirds of the upper vagina. The pathogenic mechanism of MRKHS may involve gene abnormalities, and there are various case reports associating MRKHS with the Wnt family member 4 (<i>Wnt4</i>) mutation. Analysis of genes mapped to regions in which deletion and duplication are frequently detected in patients with MRKHS has shown involvement of LIM homeobox 1 (<i>LHX1</i>), HNF1 homeobox B (<i>HNF1B</i>) and T-box 6 (<i>TBX6</i>). In addition, there are case reports of MRKHS caused by chromosomal translocation and epigenetic function may be involved in MRKHS onset. Overexpression of <i>HOXA</i> and overexposure to estrogen may contribute to the onset and regulation of expression by methylation as a pathogenic mechanism. Determination of the molecular basis of MRKHS is in progress, but current treatment only includes vaginal enlargement and vaginoplasty for improved quality of life. Clinical application of uterine transplantation to allow childbearing by MRKHS patients is under investigation and clinical trials are underway around the world.",7,2,123-127
R182,no,EBSCOhost combined export,MEDLINE Ultimate,"Vaginoplasty with oxidized cellulose: anatomical, functional and histological evaluation.","Dornelas, Juliane ; Jármy-Di Bella, Zsuzsanna I K ; Heinke, Thaís ; Kajikawa, Marcio M ; Takano, Cláudia C ; Zucchi, Eliana V M ; Girão, Manoel J B C",2012,"European journal of obstetrics, gynecology, and reproductive biology",10.1016/j.ejogrb.2012.04.018,,Journal Article,eng,"Objective: To present and evaluate the histological, anatomical and functional results of the McIndoe procedure, as modified by the application of oxidized cellulose (Surgicel™) in women with vaginal agenesis. Study Design: Eleven patients with vaginal agenesis underwent vaginoplasty using a mould that had been wrapped with oxidized cellulose. The surgeries were performed between January 2009 and January 2010. Eight of the patients had been diagnosed with Mayer-Rokitansky-Kuster-Hauser (MRKH) syndrome, and the remaining three had been diagnosed with cervicovaginal agenesis (CVA). The mean follow-up time was 14 months (range, 6-24 months), and it included clinical examinations and evaluation of the Female Sexual Function Index (FSFI). Neovaginal biopsies were taken at the time of surgery and 1-12 months after surgery. The histology of the samples was evaluated to determine squamous epithelialization of the neovaginal tissue over time, and the total collagen content of the neovaginas were compared with normal control subjects. For statistical analysis we employed the ANOVA test and the t-test. Results: At 6 months, anatomical success was achieved in 100% of the MRKH syndrome patients (neovaginal length ≥ 6 cm), and functional success was achieved in 100% of the patients who started their sexual life (FSFI score ≥ 30). Biopsy results showed complete epithelialization of the neovagina after 5 months in all samples, and the collagen content was comparable to that of a normal vagina. One major postoperative complication occurred in a patient with CVA, which culminated in death. The uterovaginal canalization procedure was unsuccessful at creating an outflow tract for regular menses in all cases. Conclusions: The procedure described here offers patients a functional vagina by means of a simple and low-cost procedure that elicits squamous epithelialization of the neovaginal vault, with total collagen content similar to that of normal vaginal tissue. It is a potential alternative therapeutic approach for MRKH syndrome but not applicable to cases of CVA.",163,2,204-209
R183,no,EBSCOhost combined export,MEDLINE Ultimate,Functional and anatomic results of amnion vaginoplasty in young women with Mayer-Rokitansky-Küster-Hauser syndrome.,"Fotopoulou, Christina ; Sehouli, Jalid ; Gehrmann, Nicole ; Schoenborn, Ines ; Lichtenegger, Werner",2010,Fertility and sterility,10.1016/j.fertnstert.2009.01.154,,Comparative Study ; Journal Article,eng,"Objective: To evaluate the surgical outcome and the long-term anatomic and functional results in young women with Mayer-Rokitansky-Küster-Hauser Syndrome (MRKH) undergoing neovaginal creation with amniotic membranes. Design: Evaluation of surgical and functional outcome according to clinical records and validated questionnaires about sexuality (Female Sexual Function Index [FSFI]) over a 1.5-year follow-up period. Setting: University hospital and referral center for pediatric and adolescent gynecology. Patient(s): Seven patients with congenital vaginal aplasia with a mean age of 20.86 +/- 3.56 years (range 17-26 years). Intervention(s): McIndoe procedure modified by the application of human freeze-dried amniotic membranes. Main Outcome Measure(s): Anatomic success was defined by a vaginal length >or=8 cm, and a width allowing the easy introduction of two fingers. FSFI scores were applied to define functional results. Result(s): Mean neovaginal length was 9.3 cm (range 4-12 cm). The mean FSFI score was 30.0 +/- 6.9. Major operative complications occurred in one patient. In six out of seven patients satisfactory anatomic and functional results were achieved. Conclusion(s): The surgical dissection of the vesicorectal space and the application of human amnion over a vaginal mold to create a neovagina results in satisfying anatomic and functional outcome with low perioperative morbidity in MRKH patients.",94,1,317-323
R184,no,EBSCOhost combined export,MEDLINE Ultimate,Unusual association of Turner syndrome and Mayer-Rokitansky-Küster-Hauser syndrome.,"Meena, Alpana ; Daga, Mradul Kumar ; Dixit, Rashmi",2016,BMJ case reports,10.1136/bcr-2015-212634,,Case Reports ; Journal Article,eng,": Gonadal dysgenesis and Mayer-Rokitansky-Küster-Hauser syndrome (MRKHS) are the most common causes of primary amenorrhoea. Patients with gonadal dysgenesis present with primary amenorrhoea and lack of secondary sexual characteristics, which, in contrast, are present in patients with MRKHS. The coexistence of the 2 syndromes has been reported in only a few studies so far. We describe a case of a 15-year-old girl who presented with short stature and primary amenorrhoea. Investigations revealed hypergonadotropic hypogonadism, and absence of the uterus, and upper two-thirds of the vagina, with presence of the rudimentary lower third of the vagina and non-visualised bilateral ovaries on imaging. Karyotyping obtained by lymphocyte culture GTG banding revealed 45X/46XX. The patient was diagnosed as having a rare case of gonadal dysgenesis with MRKH. She was started on growth hormone therapy. The association of these syndromes is uncommon, and has further implications on fertility and pregnancy, affecting the quality of life.",2016,,
R185,no,EBSCOhost combined export,MEDLINE Ultimate,Sexual function and long-term results following vaginal reconstruction with free vascular jejunal flap.,"Erman Akar, Münire ; Özkan, Ömer ; Özkan, Özlenen ; Colak, Taner ; Gecici, Omer",2013,The journal of sexual medicine,10.1111/jsm.12274,,Journal Article,eng,"Introduction: Sexual adjustment and long-term results following vaginal reconstruction with free vascular jejunal flap are not well known. Aims: The study aims to investigate sexual adjustment and long-term results among patients who underwent vaginal reconstruction with free vascular jejunal flap. Methods: A total of 34 women, aged 16-31 years (mean 23.5), who underwent vaginal reconstruction with a vascular jejunal flap between 2005 and 2011 were evaluated. Indications for reconstruction included the following: Mayer Rokitansky Kuster Hauser syndrome (29 patients), isolated vaginal agenesis (2 patients), androgen insensitivity syndrome (2 patients), and (1) history of gynecologic-oncologic surgery. Main Outcome Measures: The study evaluates the perioperative results, complications, satisfaction with sexual function, length and width of the neovagina. Results: All of the surgeries were completed without any intraoperative complications. Three patients required reoperation because of postoperative venous compromise in the grafts. The flap success rate was 100%, and no infection was observed for any case. The mean follow-up was 50 months (between 20 and 87 months). The mean vaginal depth and diameter were satisfactory for all cases. Postoperatively, six patients complained of jejunal hypersecretion, one patient complained of mucosal prolapse, and one patient complained of vaginal constriction. The neovaginal prolapse was repaired via minor surgery. Twenty-seven were married and sexually active. Twenty patients completed the questionnaire on sexual function. Sexual function was assessed using the Female Sexual Function Index (FSFI). Eleven patients were satisfied with their sexual lives after surgery (FSFI scores≥25). Conclusion: Based on our results, satisfactory sexual function was achieved using the free jejunal vascular flap.",10,11,2849-2854
R186,no,EBSCOhost combined export,MEDLINE Ultimate,Congenital malformations of the genital tract and their management.,"Edmonds, D Keith",2003,Best practice & research. Clinical obstetrics & gynaecology,10.1053/ybeog.2003.0356,,Journal Article ; Review,eng,": While congenital malformations of the genital tract are not common, the sequelae of their presence can be serious. The practising gynaecologist must be aware of the range of congenital abnormalities that may occur and the symptoms that may result from them. Failure to manage these patients correctly may have long-term sequelae for their psychological, sexual and reproductive health. The involvement of a multi-disciplinary team in dealing with these patients is imperative, and preparation for surgery-particularly in congenital malformations of the vulva and the vagina-is imperative if the long-term sexual function in these patients is to be fulfilled. Surgical correction of vulval abnormalities in adolescence is related solely to sexual function as most of the reconstructive surgery is done in childhood. For the management of Mayer-Rokitansky-Kuster-Hauser (MRKH) syndrome, the recommendation is now that passive dilatation by Franks' technique is the treatment of first choice and only if that fails should surgical approaches be embarked upon. The results of the surgery are similar in all techniques and the particular surgical centre will have its own preference of which technique it adopts. Congenital absence of the cervix is a complex surgical problem and should be dealt with solely in centres with expertise.",17,1,19-40
R187,no,EBSCOhost combined export,MEDLINE Ultimate,Vaginal reconstruction utilizing sigmoid colon: Complications and long-term results.,"Parsons, J Kellogg ; Gearhart, Susan L ; Gearhart, John P",2002,Journal of pediatric surgery,10.1053/jpsu.2002.31623,,Journal Article,eng,"Background/purpose: The use of sigmoid colon segments to repair congenital deformities of the vagina is well established. There are little data, however, on complications or functional results in these patients. The purpose of this study was to evaluate complication rates and long-term patient outcomes in the use of sigmoid segments in vaginal reconstruction for congenital anomalies. Methods: The authors identified 28 patients who underwent vaginal reconstruction with sigmoid colon segments between 1985 and 2000 at their institution. Patient charts were reviewed for surgical technique, complication rates, cosmetic results, functional results, and psychosocial development. Patients were recalled for physical examinations and personal interviews to assess current status. Results: Of the 28 patients, 13 had male pseudohermaphroditism, 6 had Mayer-Rokitansky-Kuster-Hauser syndrome, 2 had true hermaphroditism, 2 had mixed gonadal dysgenesis, 2 had common urogenital sinus syndrome, 2 had adrenogenital syndrome, and 1 had penile agenesis. Mean patient age was 16 years (range, 6 to 21 years). Mean follow-up was 6.2 years (range, 2 months to 15 years). Postoperative complications included introital stenosis (4 patients), mucosal prolapse (4), partial small bowel obstruction (2), perineal wound hematoma (2), superficial wound infection (2), and vaginal prolapse (1). None of the complications have affected long-term patency or cosmesis of the neovagina, nor has mucous production significantly affected quality of life. Fourteen of 16 (88%) adult patients are heterosexually active, 1 is homosexually active, and 1 is asexual. Of the 14 heterosexually active patients, 11 (79%) are ""very satisfied"" with their psychosexual development and 3 are ""comfortable."" Four patients are married, and 1 has carried a child to term. All adult patients felt that the appropriate time to undergo surgery was in adolescence. Conclusions: Reconstruction with sigmoid segments is an effective approach for many congenital conditions requiring vaginal reconstruction. Although surgical outcomes are not perfect, appropriately timed reconstructive vaginal surgery can provide most patients with an improved quality of life. For the best long-term results, a multidisciplinary team must be available from infancy to supply comprehensive support.",37,4,629-633
R188,no,EBSCOhost combined export,MEDLINE Ultimate,Management strategies for Mayer-Rokitansky-Kuster-Hauser related vaginal agenesis: a cost-effectiveness analysis.,"Routh, Jonathan C ; Laufer, Marc R ; Cannon, Glenn M, Jr ; Diamond, David A ; Gargollo, Patricio C",2010,The Journal of urology,10.1016/j.juro.2010.06.133,,"Journal Article ; Research Support, U.S. Gov't, P.H.S.",eng,"Purpose: The optimal method for neovagina creation in patients with vaginal agenesis is controversial. Progressive perineal dilation is a minimally invasive method with high success rates. However, the economic merits of progressive perineal dilation compared to surgical vaginoplasty are unknown. Materials and Methods: We performed a Markov based cost-effectiveness analysis of 3 management strategies for vaginal agenesis-progressive perineal dilation with and without subsequent vaginoplasty, and up-front vaginoplasty. Cost data were drawn from the Pediatric Health Information System database (2004 to 2009) for inpatient procedures and from governmental cost data (2009) for outpatient procedures and clinical followup. Other model parameters were derived from a systematic literature review and comparison with other congenital and acquired pediatric and/or adolescent gynecologic conditions. Bounded and probabilistic sensitivity analyses were used to assess model stability. Results: Including all procedures, equipment and physician visits, progressive perineal dilation had a mean cost of $796, while vaginoplasty cost $18,520. Up-front vaginoplasty was strongly dominated at any age, ie was more expensive but no more effective than other options. In cases of progressive perineal dilation failure the incremental cost-effectiveness ratio of progressive perineal dilation with subsequent vaginoplasty was $1,564 per quality adjusted life-year. Only the utility weights of life after treatment impacted model outcomes, while frequency of followup and probability of treatment success did not. Conclusions: Initial progressive perineal dilation followed by vaginoplasty in cases of dilation failure is the most cost-effective management strategy for vaginal agenesis. Initial vaginoplasty was less cost-effective than initial progressive perineal dilation in 99.99% of simulations.",184,5,2116-2121
R189,no,EBSCOhost combined export,MEDLINE Ultimate,Efficacy risks of the minimal-invasive plastic and reconstructive neovagina Vecchietti technique in Mayer-Rokitansky-Küster-Hauser syndrome.,"Cezar, Cristina ; Devassy, Rajesh ; Larbig, Angelika ; De Wilde, Rudy Leon",2014,GMS Interdisciplinary plastic and reconstructive surgery DGPW,10.3205/iprs000054,,Journal Article,eng,"Introduction: Mayer-Rokitansky-Küster-Hauser (MRKH) syndrome is a congenital disorder clinically defined by primary amenorrhea and infertility, congenital aplasia of the uterus and upper vagina. The patients with MRKH-syndrome have a female karyotype (46, XX), normally functioning ovaries and regular development of secondary sexual characters. Generally, the initial clinical sign of the syndrome is the failure to begin the menstrual cycle. Even though the psychological impact of the disease may be overwhelming, its physiological disorder can be successfully treated, after the surgical intervention the patients being able to have a normal sexual function. Reproduction may also be possible with assisted techniques. Objective: The aim of the study was to evaluate the efficacy risks of the traditional laparoscopic Vecchietti method in the plastic and reconstructive treatment of vaginal agenesis, documenting complications, as well as anatomical and functional results by means of a prospective, single center, single arm study. Material and Methods: Between 2003 and 2011, 53 patients with MRKH-syndrome were treated in the gynecological clinic of the Kochi's Lakshmi Hospital, Kerala, India. All the patients suffered from primary amenorrhea and the karyotype was (46, XX). The clinical suspicion was confirmed sonographically and intraoperatively, showing an absent uterus or the presence of rudimentary uterine horns, with normal ovaries. All the patients received a plastic laparoscopic neovagina construction, in order to achieve a satisfactory sexual function. We adopted a combined strategy: the patients were prepared by a psychological counselling, followed by the surgical intervention and a postoperative follow-up. The surgical procedure used in this series was a laparoscopic modified Vecchietti's technique. All the patients were dismissed with the obligation to have intercourse and/or vaginal dilation 3 times a week for 6 months. Results: The patients' ages varied between 13 and 40 years, with a mean age of 25 years. The mean operation time was 42.3 minutes, with a range between 36 and 63 minutes. In 2 cases, an intraoperative bladder injury occurred. A good qualitative vaginal tissue was clinically achieved in all the patients. The mean follow up period of the patients was 4 years ranging from 1 to 5 years. The anatomic success was observed in 94% of the cases and functional success in 79%. Conclusion: The anatomical failures in 6% were in women not having regular intercourse or not performing vaginal dilatation postoperatively. The psychological impact of the disease in combination with the performed surgery seems responsible for the difference of 15% of the cases where the anatomical result was good, but no regular intercourse could be achieved. The minimal-invasive plastic and reconstructive neovagina Vecchietti technique in MRKH-syndrome has a high success rate. In case of an intraoperative urinary bladder injury, the repair can be performed laparoscopically during the same session. Qualitatively good vaginal tissue and anatomical reconstruction can easily be achieved. In one patient desiring assisted reproductive medicine, a transvaginal oocyte retrieval was achieved.",3,,Doc13
R190,no,EBSCOhost combined export,MEDLINE Ultimate,The effect of a group programme on women with the Mayer-Rokitansky-Küster-Hauser syndrome.,"Weijenborg, P T ; ter Kuile, M M",2000,BJOG : an international journal of obstetrics and gynaecology,10.1111/j.1471-0528.2000.tb13232.x,,Journal Article,eng,"Objective: To evaluate the effect of a group programme on psychological distress in women with the Mayer-Rokitansky-Küster-Hauser (MRKH) syndrome. Setting: Gynaecologic outpatient clinic. Sample: Seventeen women with MRKH syndrome participated in this study. Method: A semi-structured programme of seven sessions was offered dealing with themes of the MRKH syndrome. Psychological distress was measured at the first visit 3-6 month before the group programme was started (pre-test-0), at the first (pre-test) and then at the last group session (post-test). Main Outcome Measure: The Symptom Check List-90 was used to assess feelings of psychological distress. Results: The post-test subscale scores for anxiety, depression, interpersonal sensitivity and the total score for psychological distress were significantly lower than the pre-test-0 and pre-test scores (P < 0.05). No significant differences were found between the pre-test-0 and pre-test subscale scores and total score. Conclusion: A semi-structured group programme seems valuable in helping women with the MRKH syndrome to deal with their psychological stress.",107,3,365-368
R191,no,EBSCOhost combined export,MEDLINE Ultimate,Sexual function in women treated with dilators for vaginal agenesis.,"Nadarajah, S ; Quek, J ; Rose, G L ; Edmonds, D K",2005,Journal of pediatric and adolescent gynecology,10.1016/j.jpag.2004.11.008,,Journal Article,eng,"Objective: To discover the sexual satisfaction of young women treated with vaginal dilators for vaginal agenesis. Design: Anonymous questionnaire study. Main Outcome Measures: Comparison of sexual desire arousal lubrication, orgasm satisfaction and pain with a normal population. Results: There was no significant difference between the study population and controls for the domains of sexual desire, sexual arousal, and satisfaction with a sexual relationship. There was, however, a significant difference for vaginal lubrication and orgasm where the Rokitansky patients scored lower. 22.3% of patients reported some degree of dyspareunia following vaginal penetration. However, this did not affect their enjoyment of the sexual act. Conclusion: The use of graduated vaginal dilators for patients with Mullerian agenesis is highly successful in creating a neovagina. Although the lack of adequate lubrication, pain and difficulty in reaching orgasm is significantly higher in this group, the patients subsequently enjoy sexual satisfaction that is comparable to a normal population.",18,1,39-42
R192,no,EBSCOhost combined export,MEDLINE Ultimate,[Comparison study between Vecchietti's and Davydov's laparoscopic vaginoplasty in Mayer-Rokitansky-Küster-Hauser syndrome].,"Dong, Xiaochao ; Xie, Zhenwei ; Jin, Hangmei",2015,Zhonghua fu chan ke za zhi,,,Comparative Study ; Journal Article,chi,"Objective: To compare Vecchietti's and Davydov's laparoscopic techniques for vaginoplasty in patients with Mayer-Rokitansky-Küster-Hauser (MRKH) syndrome. Methods: From January 2010 to December 2013, 13 patients underwent the Vecchietti's laparoscopic procedure (Vecchietti group), and 15 patients underwent the Davydov's laparoscopic procedure (Davydov group). Intraoperative parameters and postoperative results were compared. Results: Both of the two groups were successfully treated. The neovagina in both groups were wide with good elasticity, softness and smoothness. The operation time [(39±7) versus (73±11) minutes], the intraoperative blood loss [(21±6) versus (63±10) ml], the anal exsufflation time after surgery [(19±5) versus (28±6) hours] and the recovery period of body temperature after surgery [(35±10) versus (46±10) hours] of the Vecchietti group were less than those of the Davydov group (all P<0.05). But the neovagina length [(8.8±0.5) versus (9.6±0.5) cm] was shorter and the Female Sexual Function Index scale score [26.8±2.0 versus 28.5±1.7] was lower in the Vecchietti group than those in the Davydov group (all P<0.05). The postoperation hospital duration didn't reached statistical difference between the two groups [(7.5±0.9) versus (7.1±0.7) days, P>0.05]. No intraoperative complication occurred. After surgery, 2 patients were found vaginal polyps and 8 patients were suffered from pain in the Davydov group, while all patients were suffered from pain in the Vecchietti group. Conclusions: Both Vecchietti's and Davydov's laparoscopic techniques are simple, safe and effective surgical methods for vaginal reconstruction. In contrast, the Vecchietti's procedure is more time efficient and minimally invasive, while the Davydov's procedure can get less pain, longer vagina and higher sexual satisfaction.",50,4,278-282
R193,no,EBSCOhost combined export,MEDLINE Ultimate,Tissue-engineered autologous vaginal organs in patients: a pilot cohort study.,"Raya-Rivera, Atlántida M ; Esquiliano, Diego ; Fierro-Pastrana, Reyna ; López-Bayghen, Esther ; Valencia, Pedro ; Ordorica-Flores, Ricardo ; Soker, Shay ; Yoo, James J ; Atala, Anthony",2014,"Lancet (London, England)",10.1016/s0140-6736(14)60542-0,,"Journal Article ; Research Support, Non-U.S. Gov't",eng,"Background: Several disorders might require vaginal reconstruction, such as congenital abnormalities, injury, or cancer. Reconstructive techniques for which non-vaginal tissue is used can be associated with complications. We assessed the use of engineered vaginal organs in four patients with vaginal aplasia caused by Mayer-Rokitansky-Küster-Hauser syndrome (MRKHS). Methods: We invited to participate four consecutive patients who presented over a 3-year period with congenital vaginal aplasia due to MRKHS. Patients were aged 13-18 years. We obtained a vulvar biopsy of autologous tissue from every patient. We cultured, expanded, and seeded epithelial and muscle cells onto biodegradable scaffolds. The organs were constructed and allowed to mature in an incubator in a facility approved for human-tissue manufacturing. We used a perineal approach to surgically implant these organs. We recorded history, physical examination, vaginoscopy, serial tissue biopsies, MRIs, and self-administered Female Sexual Function Index questionnaire results for all patients, with a follow-up of up to 8 years. Findings: We noted no long-term postoperative surgical complications. Yearly serial biopsies showed a tri-layered structure, consisting of an epithelial cell-lined lumen surrounded by matrix and muscle, with expected components of vaginal tissue present. Immunohistochemical analysis confirmed the presence of phenotypically normal smooth muscle and epithelia. The MRIs, which showed the extent of the vaginal aplasia before surgery, showed the engineered organs and the absence of abnormalities after surgery, which was confirmed with yearly vaginoscopy. A validated self-administered Female Sexual Function Index questionnaire showed variables in the normal range in all areas tested, such as desire, arousal, lubrication, orgasm, satisfaction, and painless intercourse. Interpretation: Vaginal organs, engineered from the patient's own cells and implanted, showed normal structural and functional variables with a follow-up of up to 8 years. These technologies could be useful in patients requiring vaginal reconstruction. Funding: Wake Forest University and Hospital Infantil de México Federico Gómez.",384,9940,329-336
R194,no,EBSCOhost combined export,MEDLINE Ultimate,Laparoscopic creation of a neovagina in Mayer-Rokitansky-Kuster-Hauser syndrome by modification of Vecchietti's procedure.,"Marwah, V ; Bhandari, S K",2001,The Journal of the American Association of Gynecologic Laparoscopists,10.1016/s1074-3804(05)60342-8,,Journal Article,eng,": We performed a modified Fedele technique for laparoscopic creation of a neovagina by Vecchietti's method to treat vaginal aplasia in three patients with Mayer-Rokitansky-Kuster-Hauser syndrome. Three beads forming a triangle, anchored to a disposable syringe mould, were applied to the vaginal dimple and pulled upward by two polypropylene sutures, and passed through the potential neovaginal space created laparoscopically. The women sat on ordinary bicycle seats to provide pressure from below, resulting in formation of neovagina over 10 to 12 days. Good results were obtained in all three women in both anatomy and sexual function.",8,3,416-424
R195,no,EBSCOhost combined export,MEDLINE Ultimate,[Vaginoplasty with autologous buccal micromucosa combined with acellular allogenic dermal matrix].,"Li, Fenfyong ; Li, Senkai ; Zhou, Chuande ; Zhou, Yu ; Ding, Jian ; Cao, Yujiao ; Zhang, Siya ; Wei, Shuyi ; Zhao, Yang ; Li, Qiang",2015,Zhonghua zheng xing wai ke za zhi = Zhonghua zhengxing waike zazhi = Chinese journal of plastic surgery,,,Evaluation Study ; Journal Article,chi,"Objective: To introduce and evaluate the technical feasibility and anatomical and functional outcomes of one-stage vaginoplasty with autologous buccal micromucosa combined with acellular allogenic dermis. Methods: We retrospectively reviewed our experiences with 17 patients with Mayer- Rokitansky-Kuster-Hauser syndrome treated with primary surgery from September 2010 to April 2013. All patients underwent vaginoplasty with autologous buccal micromucosa combined with acellular allogenic dermis. We describe the details of this technique, observe the time of epithelization and evaluate the long- term anatomical, functional, and sexual outcomes. Results: The time of epithelization was 13 d (range: 12-15 d). At a mean follow-up of 15 months (range: 12-24 months), the mean postoperative dependence on the vaginal stent was 11.7 ± 1.64 months (range: 9-15 months), the mean depth of the neovagina was (9.0 ± 0.94) cm (range: 7-11 cm), the mean circumference was (12.3 ± 1.36) cm (range: 10.0-14.5 cm) and the mean volume was (105 ± 10) ml (range 85-120 ml). The mean female sexual function index score of the 12 sexually active patients was 29.5 ± 2.6. No spouse reported discomfort during intercourse. Conclusions: Vaginoplasty with autologous buccal micromucosa combined with acellular allogenic dermis is an effective and feasible approach for patients with Mayer-Rokitansky-Kuster-Hauser syndrome. The procedure has satisfactory long-term anatomical and functional results. The use of the acellular allogenic dermis is limited by the high price and the potential infection.",31,1,29-33
R196,no,EBSCOhost combined export,MEDLINE Ultimate,Psychosexual and functional outcomes after creation of a neovagina with laparoscopic Davydov in patients with vaginal agenesis.,"Allen, Lisa M ; Lucco, Kerith L ; Brown, Cortney M ; Spitzer, Rachel F ; Kives, Sari",2010,Fertility and sterility,10.1016/j.fertnstert.2010.02.008,,Evaluation Study ; Journal Article ; Multicenter Study,eng,"Objective: To describe sexual function and satisfaction after laparoscopic Davydov vaginoplasty in patients with an absent vagina due to Mayer-Rokitansky-Kuster-Hauser syndrome or androgen insensitivity syndrome compared with a control female population. Design: A descriptive study of standardized, validated psychosexual and functional outcomes using a self-report questionnaire. Setting: Two tertiary care hospitals at an academic medical center. Patient(s): Six women with Mayer-Rokitansky-Kuster-Hauser syndrome or androgen insensitivity syndrome who underwent laparoscopic Davydov. Intervention(s): Patients postoperatively completed a self-report survey of their medical, surgical, and sexual history and the standardized, validated Female Sexual Function Index (FSFI) and select questions from the Golombok Rust Inventory of Sexual Satisfaction (GRISS). Main Outcome Measure(s): Total scores and domain scores (desire, arousal, lubrication, orgasm, pain, satisfaction) on the FSFI were compared with a published control population of women. Descriptive results of domain questions on the selected questions of the GRISS were identified. Result(s): Six patients, aged 20-52 years, returned the questionnaires. Responses to the modified GRISS are represented by visual frequency of response bar graphs. Compared with the control population, the patients' scores were lower for arousability, lubrication, orgasm, and comfort on the FSFI. Conclusion(s): Sexual function appears impaired in these six women who underwent laparoscopic Davydov as assessed by the FSFI. This may reflect characteristics of the patient population, as well as the inclusion of all patients' data even if they did not attempt vaginal intercourse in the previous month.",94,6,2272-2276
R197,no,EBSCOhost combined export,MEDLINE Ultimate,Mayer-Rokitansky-Küster-Hauser syndrome: a review of 245 consecutive cases managed by a multidisciplinary approach with vaginal dilators.,"Edmonds, D Keith ; Rose, Gillian L ; Lipton, Michelle G ; Quek, Julie",2012,Fertility and sterility,10.1016/j.fertnstert.2011.12.038,,Journal Article,eng,"Objective: To understand the efficacy of vaginal dilators in the management of Mayer-Rokitansky-Küster-Hauser (MRKH) syndrome. Design: Retrospective sequential study. Setting: Hospital. Patient(s): 245 women. Intervention(s): Vaginal dilators. Main Outcome Measure(s): Functional vaginal length and sexual satisfaction. Result(s): Of the patients who completed the program, 232 (94.9%) achieved a successful vaginal length (defined as greater than 6 cm in length and maximum width throughout the vagina and especially at the apex) and sexual function. When the program was completed by all patients, 100% of patients were successful. Conclusion(s): Vaginal dilator therapy is the treatment of first choice for creation of the vagina in MRKH syndrome, and the success rates suggest that surgery is rarely, if ever, required.",97,3,686-690
R198,no,EBSCOhost combined export,MEDLINE Ultimate,Vaginal substitution: attempts to create the ideal replacement.,"Thomas, John C ; Brock, John W, 3rd",2007,The Journal of urology,10.1016/j.juro.2007.07.007,,Journal Article ; Review,eng,"Purpose: Vaginal substitution may be necessary for vaginal agenesis (Mayer-Rokitansky-Kuster-Hauser syndrome), cloacal anomalies and certain intersex disorders or following pelvic exenterative surgery. The ideal method of vaginal replacement should provide a cosmetically acceptable, low maintenance vaginal substitute with minimal morbidity and excellent long-term function. We present the available literature on the various approaches to vaginal substitution, focusing on outcomes, complications and long-term durability in terms of sexual function. Materials and Methods: We performed an extensive search of the medical literature for nonoperative and operative alternatives for vaginal replacement. We focused on surgical indications, complications, long-term sexual function if available, and inherent advantages and disadvantages of the specified technique. Results: Popular methods of vaginal substitution include passive dilation, inlay skin grafts, rotational myocutaneous flaps and bowel substitute vaginoplasty. These methods have been modified to some extent, and carry inherent advantages and disadvantages. Reports in the literature show the inherent biases of the proponents of different methods. Conclusions: There are many options for vaginoplasty. The ideal method is not currently known and depends on numerous factors including patient preparedness, surgeon experience, and patient and surgeon preference. Despite these issues, patients must be provided with nonoperative and operative options that address individual patient expectations, potential complications, long-term durability and long-term sexual function.",178,5,1855-1859
R199,no,EBSCOhost combined export,MEDLINE Ultimate,Laparoscopically assisted neovaginoplasty in vaginal agenesis: a long-term outcome study in 240 patients.,"Rall, Katharina ; Schickner, Melanie C ; Barresi, Gianmaria ; Schönfisch, Birgitt ; Wallwiener, Markus ; Wallwiener, Christian W ; Wallwiener, Diethelm ; Brucker, Sara Y",2014,Journal of pediatric and adolescent gynecology,10.1016/j.jpag.2014.02.002,,Journal Article,eng,"Study Objective: To assess the long-term outcome of an optimized minimally invasive neovaginoplasty technique in vaginal agenesis. Design: Combined retrospective and prospective study. Setting: University hospital. Participants: 240 patients with congenital vaginal agenesis. Interventions: Patients with an indication for neovagina creation underwent laparoscopically assisted neovaginoplasty involving vaginoabdominal blunt perforation and intracorporeal traction using tension threads and an abdominally positioned extracorporeal traction device. Main Outcome Measures: Long-term anatomic success, functional success compared with similar-aged controls, long-term complications, and incidence of human papilloma virus (HPV) infections. Results: During median follow-up for 16 (range 11-141) months, mean functional neovaginal length remained stable at 9.5 cm in all patients, including those who had no sexual intercourse and had stopped wearing the vaginal dummy. Median dummy wearing time was 8.6 months. Time to epithelialization depended on the time of onset and frequency of sexual intercourse. At long-term follow-up, median total Female Sexual Function Index score was 30.0, comparable with similar-aged controls. No common long-term complications occurred. Four patients required cauterization of granulation tissue. 7/240 (2.9%) patients were HPV-positive with low- to high-grade squamous intraepithelial lesions, 3 patients reverting to HPV-negative status at long-term follow-up. Conclusions: Our technique creates a neovagina of adequate size and secretory capacity for normal coitus, requiring no prolonged dilation postoperatively, even in the absence of sexual intercourse. The procedure is fast, effective and minimally traumatic, has a very low long-term complication rate and provides very satisfactory long-term functional results.",27,6,379-385
R200,no,EBSCOhost combined export,MEDLINE Ultimate,Sigmoid vaginoplasty: long-term results.,"Kapoor, Rakesh ; Sharma, Devender Kumar ; Singh, Kamal Jeet ; Suri, Amit ; Singh, Pratipal ; Chaudhary, Himanshu ; Dubey, Deepak ; Mandhani, Anil",2006,Urology,10.1016/j.urology.2005.12.037,,Journal Article,eng,"Objectives: To evaluate the long-term results of sigmoid vaginoplasty for Mayer-Rokitansky-Kuster-Hauser syndrome. The social and psychological acceptance of the procedure is also discussed in terms of a developing country scenario. Methods: A total of 14 patients with Mayer-Rokitansky-Kuster-Hauser syndrome were treated at our institute from January 1995 to December 2004. Sigmoid vaginoplasty was performed in all patients. The procedure was performed using a combined abdominoperineal approach. Dissection was done between the urethra and rectum to create a bed for the neovaginal colon conduit. A 10-cm segment of sigmoid colon was raised on its vascular pedicle, delivered through the abdominoperineal tunnel, and fixed to the vaginal pit incision. The patient records were reviewed for surgical technique and postoperative complications. Patients underwent a personal interview to assess the postoperative results, social acceptance of the procedure, and sexual satisfaction. Results: The mean patient age at surgery was 16.8 years. The patients who underwent sigmoid vaginoplasty had good cosmetic results without the need for routine dilation or the problem of excessive mucus production. The postoperative morbidity was minimal. During a mean follow-up of 4.1 years, no stenosis or colitis was encountered. The subjective satisfaction rate with the surgical outcomes in all the patients was 8.01 on a scale of 0 to 10 (0, very disappointed to 10, satisfied). Conclusions: Sigmoid vaginoplasty is an effective treatment for patients with vaginal atresia. Timed vaginal reconstruction in these patients allows for a better quality of life and social acceptance. It also enables the patient to lead a near-normal sexual life, with high satisfaction rates.",67,6,1212-1215
R201,no,EBSCOhost combined export,MEDLINE Ultimate,Congenital Reproductive Abnormalities.,"Lankford, Janice C ; Mancuso, Peggy ; Appel, Roberta",2013,Journal of midwifery & women's health,10.1111/jmwh.12020,,Journal Article ; Review,eng,": Congenital defects of the reproductive system are associated with a number of adverse health consequences. The pathophysiology of these defects is thought to be müllerian abnormalities, but they can also be attributed to failure of cells to degenerate appropriately during embryogenesis. The management of these congenital defects is dependent on the type of defect present and the severity of presentation. Women with congenital defects of the reproductive system have physical as well as psychosocial issues that must be addressed, and the condition frequently creates medical challenges for health care providers.",58,5,546-551
R202,no,EBSCOhost combined export,MEDLINE Ultimate,The Mayer-Rokitansky-Küstner-Hauser syndrome.,"Pace, Gianna ; Navarra, Francesco ; Paradiso, Giuseppe Galatioto ; Vicentini, Carlo",2007,"Archivio italiano di urologia, andrologia : organo ufficiale [di] Societa italiana di ecografia urologica e nefrologica",,,Case Reports ; Journal Article,eng,"Objectives: To describe the case of a woman affected by a rare syndrome, known as Mayer-Rokintansky-Küstner-Hauser syndrome (MRKH), characterized by congenital absence of uterus and upper vagina, often found associated with renal agenesia or other renal malformations, which in this case, presented as the prime feature of the disease, with left pelvic pain due to a hydronephrosis of the right cross ectopic kidney. Material and Methods: A kidneys ultrasound and an abdominal computerized tomography were executed to find the cause of the left pelvic pain referred by the woman and associated too, with a primary amenorrhea, with a normal 46, XX karyotypes and normal external genitalia. Results: Examination and diagnostic images revealed an absence of the upper vagina, uterine agenesia, asymmetric hypoplasia of the buds associated with left kidney agenesia and cross-ectopia of the right kidney which was visualized in the left iliac fossa. Conclusions: Treatment is usually delayed until the patient is ready to start sexual activity. It is based on the surgical creation of a neovagina. In addition it is important to manage the psychological symptoms indeed in a young woman, the discovery of a malformation involving reproductive organs could be cause of anxiety about her femininity and her physical image. Everyday improvement in medical technology offers to such a woman, the possibility to satisfy her necessity to be mother through the use of the modern procreating assisted technology, bypassing the absence of the inner genital tract. In those cases it is also important to investigate the contemporary association not only of renal defects but also of cervico-thoracic and hearing, digital anomalies. When all those malformations are presented, the term MURCS (Müllerian Renal Cervical Somite) is used to define the most severe form of the disorder",79,1,39-40
R203,no,EBSCOhost combined export,CINAHL Ultimate,Exploring the support options for patients with Mayer-Rokitansky-Küster-Hauser syndrome.,Quek J,2009,Nursing Times,,,Journal Article,English,Nurses are constantly dealing with new and challenging situations in their day-to-day practice. Case studies are a way of sharing these experiences and offering possible solutions.,105,18,18-18
R204,no,EBSCOhost combined export,APA PsycInfo,The missing vagina monologue . . . And beyond.,"Leidolf, Esther Morris",2006,Journal of Gay & Lesbian Psychotherapy,10.1300/j236v10n02_05,,Journal Article,eng,"The author, a middle-aged woman, was originally diagnosed with ""Congenital Absence of Vagina"" at age thirteen. Since that time, she underwent four exploratory and corrective surgeries, without ever receiving a correct diagnosis that explained her condition, Mayer-Rokitansky-Küster-Hauser Syndrome (MRKH). The author describes personal experiences with the medical profession and her emotional response to the diagnosis and treatment. The author made contact with an MRKH Internet support group and conducted a survey of its members. This paper discusses the qualitative results of this survey, confirming the need for awareness of atypical reproductive issues. This paper concludes with recommendations on the medical and psychological treatment of MRKH. (PsycInfo Database Record (c) 2025 APA, all rights reserved)",10,2,77-92
R102,yes,EBSCOhost PsycInfo export,APA PsycInfo,Uterovaginal agenesis and Polycystic Ovary Syndrome: Psychological disturbance in adolescence.,"Laggari, V. ; Christogiorgos, S. ; Deligeoroglou, E. ; Tsiantis, J. ; Creatsas, G.",2012,Psychiatriki,,,Journal Article,,"Mayer-Rokitansky-Küster-Hauser Syndrome (MRKHS) is characterized by complete or partial absence of the vagina, uterus and proximal fallopian tubes and diagnosis is usually made in late adolescence, when primary amenorrhea appears as the major symptom. Polycystic Ovary Syndrome (PCOS), which is the most common endocrine disorder among women of reproductive age, includes a variety of clinical manifestations (menstrual irregularities, hirsuitism, acne, alopecia, obesity and infertility), due to androgen hypersecretion, insulin resistance and chronic anovulation. Both MRKHS and PCOS have been studied concerning the psychological aspects and have been associated with emotional distress as well as self-esteem, body image, identity and femininity impairment. The purpose of this study was to assess psychological functioning in adolescents with uterovaginal agenesis and primary amenorrhea due to MRKHS and those with hyperandrogenism and oligomenorrhea due to PCOS, compared with healthy adolescents. The participants were 70 adolescent girls, of whom 24 with MRKHS, 22 with PCOS and 24 healthy eumenorrheic adolescents (control group) matched by age and school grade. Psychological assessment included self report questionnaires, standardized in Greek population sample. Particularly, the ""Beck Depression Inventory"" (BDI), the ""State-Trait Anxiety Inventory"" (STAI-Gr) and the ""Youth Self Report"" (YSR) were used to measure depression, anxiety and psychopathology respectively, while the ""Symptom Checklist-90-R"" was used to measure psychopathology for the patients > 18 years old. The results showed significantly higher scores on the state - anxiety scale for the MRKHS group compared with the control group. The MRKHS patients in late adolescence (18-20 years old) presented also significantly higher scores in depression and psychopathology scales (symptoms of anxiety, aggressive behavior and phobic disorder) than PCOS patients of the same age. On the contrary, regarding PCOS patients, age was negative correlated with attention problems and PCOS patients < 18 reported significantly more somatic complaints compared with age-mate MRKHS patients and controls. PCO syndrome's clinical manifastations, including menstrual disorders, hirsuitism, acne, alopecia, obesity and infertility, may cause significant emotional distress. Nevertheless, they appear in great variety and our sample is characterized by mild features of hyperandrogenism and oligomenorrhea. This may explain findings of milder psychological disturbance associated with PCOS in this sample in comparison to other studies. As far as MRKHS is concerned, diagnosis and loss of reproductive ability, especially in late adolescence, obstruct emotional stability, physical maturity and sexual identity development ending that are expected in this period of life. Undoubtedly, the management of MRKHS in adolescence constitutes a complex multidisciplinary issue and psychological support of patients is needed in order to prevent possible psychological consequences and to achieve a normal transition to adulthood. Among the limitations of this study is the small sample size, which limits the generalisability of the reported results, especially in ""Youth Self Report"" and in ""Symptom Checklist-90-R"" questionnaires, where the sample was divided according to the age. Nevertheless, the very low incidence of MRKHS (1/5000) emphasize the value of the present results, which support the need for further investigation. (PsycInfo Database Record (c) 2022 APA, all rights reserved)",23,3,203-211
R063,yes,EBSCOhost PsycInfo export,APA PsycInfo,Sexual health and sexual well-being of women with Mayer-Rokitansky-Kuester-Hauser syndrome after vaginal reconstruction: A qualitative analysis.,"Stepanow, Clara ; Naderer, Andrea ; Alexopoulos, Johanna ; Walch, Katharina ; Wenzl, Rene ; Leithner, Katharina",2023,Journal of Sexual Medicine,10.1093/jsxmed/qdac011,,Journal Article,eng,"Background: Contradictory findings on sexual health in women with Mayer-Rokitansky-Kuester-Hauser syndrome (MRKHS) after vaginal reconstruction point toward the need for more profound assessment of this subject, particularly as it is still unclear what constitutes sexual well-being, especially genital self-image or sexual self-esteem, in women with MRKHS and neovagina. Aim: The aim of this qualitative study was to assess individual sexual health and sexual well-being in the context of MRKHS after vaginal reconstruction, with an emphasis on genital self-image, sexual self-esteem, sexual satisfaction, and coping with MRKHS. Methods: Qualitative semistructured interviews were conducted with women with MRKHS after vaginal reconstruction (n = 10) with the Wharton-Sheares-George surgical method and a matched control group without MRKHS (n = 20). Women were surveyed about their previous and current sexual activities, perception of and attitudes toward their genitals, disclosure to others, coping with the diagnosis, and perception of surgery. Data were analyzed through qualitative content analysis and compared with the control group. Outcomes: The primary outcomes of the study were major categories, such as sexual satisfaction, sexual self-esteem, genital self-image, and dealing with MRKHS, as well as subcategories related to the content analysis. Results: Although half the women in the present study indicated that they were coping well with their condition and were satisfied with sexual intercourse, most felt insecure about their neovagina, were cognitively distracted during intercourse, and showed low levels of sexual self-esteem. Clinical Implications: A better understanding of expectations and uncertainties regarding the neovagina might help professionals to support women with MRKHS after vaginal reconstruction to increase sexual well-being. Strengths and Limitations: This is the first qualitative study focusing on individual aspects of sexual well-being, especially sexual self-esteem and genital self-image, in women with MRKHS and neovagina. The qualitative study indicates good interrater reliability and data saturation. The limitations of this study include the inherent lack of objectivity resulting from the method but also the fact that all the patients had a particular surgical technique, consequently resulting in limited generalizability of these findings. Conclusions: Our data indicate that integrating the neovagina into the genital self-image is a prolonged process that is essential for sexual well-being and should thus be the focus of sexual counseling. (PsycInfo Database Record (c) 2023 APA, all rights reserved)",20,1,57-64
R006,yes,EBSCOhost PsycInfo export,APA PsycInfo,Case report: From absolute uterine factor infertility (AUI) to motherhood: The crucial role of psychosocial assessment in the first Italian uterus transplantation case.,"Pistorio, Maria Luisa ; De Pasquale, Concetta ; Veroux, Massimiliano ; Giaquinta, Alessia ; Giambra, Martina Maria ; Grasso, Antonino ; Scollo, Paolo ; Quattropani, Maria Catena Ausilia ; Veroux, Pierfrancesco",2026,Frontiers in Psychology,10.3389/fpsyg.2025.1713821,,Journal Article,eng,"Introduction: Uterus transplantation represents a revolutionary breakthrough for women with absolute infertility of uterine origin, offering them the possibility of realizing the dream of motherhood. This complex procedure has profound medical, ethical, and psychological implications. The aim of our study was to assess the personality, the presence of anxiety and depression, and perceived quality of life in a 29-year-old woman affected by Rokitansky syndrome (MRKH). Furthermore, we hypothesized that projective tests, compared with quantitative assessments, could more easily uncover the deepest, unconscious psychic contents of this woman who has faced such a difficult journey. Design: Descriptive Longitudinal Study. Subjects: Single case. Main outcome measures: The case report follows the Case Reporting (CARE) guidelines. In the pre-transplant evaluation, Giorgia (not her real name) was administered the Machover Test, the Baum Test, the Million Clinical Multiaxial Inventory- III (MCMI-III), the Short Form Health Survey-36 (F-36), the Patient Health Questionnaire-9 (PHQ-9), and the General Anxiety Disorder-7 (GAD-7). The same instruments were re-administered 1 year and 2 years after the birth of her baby girl. Results: The projective graphic tests highlighted some significant aspects: the facial expression of the female figure became more restless in subsequent evaluations, until aggressiveness emerged (clenched fists) in the last evaluation. The tree was also drawn on a flowerbed in the last evaluations, indicating a sense of loneliness and abandonment. Conclusion: Overall, uterus transplantation appears to be psychologically well-tolerated, but ongoing evaluation and psychological support are essential. (PsycInfo Database Record (c) 2026 APA, all rights reserved)",16,,
R065,yes,EBSCOhost PsycInfo export,APA PsycInfo,Belastung von Betroffenen mit MRKH-Syndrom: Effekt einer Intervention zur Unterstützung bei Neovagina-Anlage.,"Schäffeler, Norbert ; Beckmann, Julia ; Schenk, Bernadette ; Schöller, Dorit ; Wallwiener, Diethelm ; Enck, Paul ; Teufel, Martin ; Zipfel, Stephan ; Rall, Katharina ; Brucker, Sara",2022,PPmP: Psychotherapie Psychosomatik Medizinische Psychologie,10.1055/a-1778-5194,,Journal Article,deu,"The diagnosis of Mayer-Rokitansky-Küster-Hauser syndrome (MRKHS), a rare variant of female sexual development, is usually made during puberty. The uncertainty in self-image and the impossibility of becoming pregnant often lead to considerable stress. Although psychosomatic support is consistently recommended in the literature, there have been only a few studies on the psychological aspects of MRKHS. The aim of the present study is to investigate the quality of life or distress of women with MRKHS undergoing neovaginal surgery and, on the other hand, to evaluate effects of the intervention for support during treatment. Methods: In an explorative quasi-experimental pre-post study at a national centre for neovaginal surgery, all patients were offered a psychosomatic intervention (intervention group IG, n = 23) and their sexual function (FSFI), psychological distress (PHQ-D) and health-related quality of life (SF-12) were assessed before surgery (t0) and six months after (t1). These were compared with data from a sample collected before and after the intervention period (comparison group VG, n = 30). Results: While the physical quality of life (SF- 12) of both groups was unremarkable at both time points, there was a significant impairment in the psychological quality of life. Both groups (IG, VG) improved from t0 to t1 in their sexual function (FSFI) and showed lower depression scores (PHQ-D). The specific intervention developed was well accepted by those affected and rated as helpful. However, this subjectively perceived effectiveness of the intervention was not reflected by improvement on the quality of life scale (SF-12) and depression scale (PHQ-D). Conclusion: Those affected show a clear, clinically relevant distress (SF-12), but this is not reflected in the form of psychological comorbidity (PHQ-D). This apparent discrepancy points to psychologically stable women with acute distress due to the diagnosis of variant sex de-evolution. For them, a low-threshold support service with a supportive character seems to be necessary and helpful during the surgical treatment. The reconstructive therapy for the creation of a neovagina seems to have a positive influence on the psychological quality of life. The fact that pregnancy is still not possible due to the missing uterus could be a reason for not reaching the quality of life of the average population. (PsycInfo Database Record (c) 2023 APA, all rights reserved)",72,11,473-480
R156,yes,EBSCOhost PsycInfo export,APA PsycInfo,Du corps sexué incomplet (agénésie utéro-vaginale) au ressaisissement identitaire du féminin dans la rencontre sexuelle: Une étude de cas.,"Blanc, S.",2025,In Analysis,10.1016/j.inan.2025.100534,,Journal Article,fra,"Context: This article proposes a psychodynamic approach to MRKH syndrome, designating an absence of uterus and vagina, a rare congenital malformation which concerns one in 4000 female births. It proposes to identify, from a qualitative perspective, some of the issues raised by the nature of this medical pathology and the specificity of its treatment, as well as their repercussions on sexuality in connection with the adjustments of sexual identity, based on a case study. Objectives: The aim is to show how the bodily obstacle to penetrative sexuality, caused by the nature of the syndrome, will be treated on a somatic level and in what way these protocols, associated with the issues raised by the pathology, will impact the way to live sexuality. Method: Data collection is based on individual clinical research interviews between the young woman concerned by the case and the clinical psychologist. The article occasionally refers to the author's work on the same theme, especially a previous article dealing with the subject in a both qualitative and quantitative approach. Results: This study makes it possible to identify in this case the recourse to sexuality with an addictive tendency which would reinforce the status of a “complete” woman with a strong reparative value for injured feminine identity. The over-investment of the “erotic pole” of the female personality attempts to rehabilitate the libidinal dimension of the genital area affected by the issues of lack, incompleteness and overwhelming pain, with benefits on the experience of the gender identity. Interpretations: This study allows us, beyond the specific context of the syndrome, to consider the importance of intersubjectivity in the capacity of transforming the traumatic bodily experience. It also poses new ways to think about the appropriation of the sexual body in and beyond the logic of repetition, and to consider the question of the investment (potentially fetishized) of a transplanted organ and its appropriation on a psychological level. It would therefore be interesting to treat these themes in the context of other somatic clinics. (PsycInfo Database Record (c) 2025 APA, all rights reserved)",9,2,
R050,yes,EBSCOhost PsycInfo export,APA PsycInfo,Effectiveness of non‐surgical interventions to improve health and well‐being in women living with Mayer–Rokitansky–Kuster–Hauser syndrome: A systematic review.,"Baby, Anu ; Pallam, Manju C. ; Hayter, Mark",2024,Journal of Advanced Nursing,10.1111/jan.15976,,Journal Article,eng,"Aim: The aim of this paper is to present the evidence on the effectiveness of nonsurgical interventions to improve health and well-being in women living with Mayer–Rokitansky–Kuster–Hauser (MRKH) syndrome. Design: Systematic review guided by Preferred Reporting Items for Systematic Reviews checklist. Data Sources: The search was conducted between June and September 2022 across the following databases: CINAHL, EMBASE, Medline, PsycINFO and Cochrane. Trial registries (clinicaltrials. gov, World Health Organization International Clinical Trials Registry Platform (ICTRP), Cochrane Controlled Trials Register-CCTR), Google scholar, dissertations, conference proceedings and reference lists of included studies were also searched. Corresponding authors, formal and informal MRKH groups were contacted to obtain any significant studies or reviews. Review Methods: Eligible were only English-language empirical studies of any time period. The review followed narrative synthesis. Results: Twenty-three studies were identified that fit the inclusion criteria which included 1540 MRKH syndrome affected women. Four studies were on psychological interventions (<i>n</i> = 85) and 19 studies (vaginal dilation therapy <i>n</i> = 897, coital dilation <i>n</i> = 57) focused on non-surgical vaginal dilation as a measure to vaginal agenesis in MRKH syndrome. Conclusions: Clearly, vaginal dilation is a viable initial treatment option for women with MRKH syndrome. There is limited evidence that ‘coital dilation’ is an effective method of dilation for vaginal agenesis. The literature, however, supports the need for psychological intervention to improve health and well-being. Impact: Women with MRKH syndrome who require dilation can receive guidance and support from their healthcare providers, particularly sexual and reproductive health nurses, clinical nurse specialists and gynaecologists. From the point of diagnosis, clinical psychologists should be involved. As much as feasible, family and partner support can be encouraged. Patient or Public Contribution: No patient or public contribution. (PsycInfo Database Record (c) 2024 APA, all rights reserved)",80,6,2167-2201
R094,yes,EBSCOhost PsycInfo export,APA PsycInfo,The sexuality of adolescents and young women with MRKH Syndrome: A qualitative study.,"Tsitoura, Anastasia ; Michala, Lina",2021,Journal of Sexual Medicine,10.1016/j.jsxm.2021.09.006,,Journal Article,eng,"Background: Vaginal agenesis, most commonly referred as Mayer–Rokitansky–Küster–Hauser (MRKH) Syndrome, is mostly diagnosed as primary amenorrhea in teenage girls; although there is plenty of literature concerning the formation of a neovagina, limited research has focused on the psychological burden of this diagnosis to the girls. Aim: To enlighten health providers into the finer aspects of sexuality through the own words and experiences of girls with MRKH under our care. Methods: Women currently undergoing vaginal dilation or who had completed vaginal dilation within the past year were recruited from February 2019 to January 2020. A gynecologist with training in Sexual Medicine conducted a semistructured interview, which was recorded and then transcribed to identify common themes among interviewees. Outcomes: The main outcome explored was the narrative experiences of women with MRKH. Results: 7 women participated, with a mean age of 19.7 (range 17–22 years). None of the girls felt stigmatized, however one reported significant distress at diagnosis, stemming from the attitude of health care professionals and exacerbated by an earlier age at disclosure. All girls accepted that VDT was successful, when it was initiated after they had felt sexual interest and arousal. Exact quantification of the vaginal length at onset, worried 4 as they felt pressurized to achieve a specific length. A few girls reported anxiety over sharing the diagnosis with an intimate partner. All of them pretended at some point to have menses. Childbearing was an important issue for most of the interviewees, but it did not concern them for the time being. All girls had supporting families. However, 5 did not want to share information about VDT with them. One girl reported that openness in discussing genital anatomy, VDT and sexuality, helped her both in completing treatment and adapting in a sexual relationship. Clinical Implications: A multidisciplinary team should aim for age-appropriate disclosure and consultation and guide women through VDT and their sexual relations. Strengths and Limitations: This is a thorough account of women's perceptions regarding VDT and sexuality in MRKH. However, our conclusions may be limited by the small number of participants. Conclusion: Gradual provision of information at disclosure and adjusted timing at VDT may reduce stress in girls with MRKH. (PsycInfo Database Record (c) 2023 APA, all rights reserved)",18,12,2012-2019
R091,yes,EBSCOhost PsycInfo export,APA PsycInfo,Psychological correlates of sexual self-esteem in young women with Mayer-Rokitansky-Küster-Hauser syndrome.,"Beisert, Maria J. ; Chodecka, Aleksandra M. ; Walczyk-Matyja, Katarzyna ; Szymańska-Pytlińska, Marta E. ; Kędzia, Witold ; Kapczuk, Karina",2022,Current Issues in Personality Psychology,,,Journal Article,eng,"Introduction: Mayer-Rokitansky-Küster-Hauser syndrome (MRKHS) is a difference (disorder) of sex development that results from Müllerian duct aplasia in 46,XX females. The diagnosis of MRKHS is usually established in late adolescence. The purpose of the study was to assess the impact of congenital absence of uterus and vagina (CAUV) on a patient’s psychosexual functioning. Participants and procedure: Thirty-two women with MRKHS (mean age 22.9 years) and 32 matched healthy controls (mean age 24.75 years) completed three study questionnaires: the Sexual Self-Esteem Inventory for Women, the Rosenberg Self-Esteem Scale, and Minnesota Multiphasic Personality Inventory-2 (MMPI-2). Statistical analysis was performed by IBM SPSS Statistics 22. Results: There was no difference in global self-esteem between the two study groups. MRKHS females had lower sexual self-esteem and experienced higher intensity of some psychological functioning characteristics (paranoia, psychasthenia, schizophrenia) than their peers. Correlations between sexual self-esteem and results on depression, psychopathic deviate, schizophrenia, social introversion and anxiety scales were observed in patients with MRKHS. Global self-esteem and schizophrenia results were significant predictors of sexual self-esteem in the clinical group. Higher global self-esteem and lower results in the schizophrenia scale were associated with higher sexual self-esteem in patients with MRKHS. Conclusions: Psychological and medical counseling of women with MRKHS should address their impaired sexual self-esteem, especially sexual skills and experiences. While the number of diagnostic responses indicating the presence of specific symptoms in MRKHS females is statistically significantly different, the level of scores obtained does not exceed the threshold of clinical pathology. (PsycInfo Database Record (c) 2025 APA, all rights reserved)",10,4,333-342
R010,yes,EBSCOhost PsycInfo export,APA PsycInfo,Illness experience and (unmet) needs of women with mayer-rokitansky-küster-hauser syndrome (mrkh): A qualitative analysis of an online forum.,"Di Mattei, Valentina Elisabetta ; Taranto, Paola ; Perego, Gaia ; Caneva, Margherita ; Parma, Marta ; Fontana, Eleonora ; Candiani, Massimo ; Montali, Lorenzo",2024,Psychology & Health,10.1080/08870446.2024.2390647,,Journal Article,eng,"ObjectiveMayer-Rokitansky-Küster-Hauser syndrome (MRKH) is a congenital condition characterized by the underdevelopment or complete absence of the uterus and the upper part of the vagina. Diagnosis is commonly made during adolescence, a sensitive period for psychophysical development, following the absence of menstruation. Having MRKH syndrome can have a profound and multifaceted psychosocial impact that characterizes these women’s subjective experiences, although it continues to be qualitatively understudied. This article explores the lived experience of women with MRKH spontaneously recounted on an online support forum. The aim was to gain insight into the features of the syndrome experience to understand deeply the emotional and social impact of the condition and the individual needs expressed online.MethodsUsing a naturalistic observation stance, data was collected from an online support forum for MRKH women and systematically analyzed using thematic analysis.ResultsFour main interconnected themes are identified: the impact of being diagnosed with MRKH, the difficult interaction with the medical environment, challenging social relationships, and the unmet needs of MRKH women.ConclusionA multidisciplinary and person-centered approach that provides effective and sensitive management of the condition and its psychosocial implications, is essential. Recommendations for future research and practical clinical implications for healthcare professionals are proposed. (PsycInfo Database Record (c) 2025 APA, all rights reserved)",,,
R030,yes,EBSCOhost PsycInfo export,APA PsycInfo,Anxiety and depression in adolescents with polycystic ovary syndrome and Mayer-Rokitansky-Küster-Hauser syndrome.,"Laggari, Varvara ; Diareme, Stavroula ; Christogiorgos, Stylianos ; Deligeoroglou, Efthimios ; Christopoulos, Panagiotis ; Tsiantis, John ; Creatsas, George",2009,Journal of Psychosomatic Obstetrics & Gynecology,10.1080/01674820802546204,,Journal Article,eng,"Purpose: The purpose of this study was to assess self-reported depressive and anxiety symptoms in adolescents with polycystic ovary syndrome (PCOS) and those with the rare Mayer-Rokitansky-Küster-Hauser Syndrome (MRKHS), compared with healthy adolescents. Material and methods: The participants were 49 adolescent girls, of whom 27 were patients with confirmed menstrual disorder, 22 with PCOS and 5 with MRKHS; and 22 were healthy eumenorrheic adolescents (control group) matched by age and school grade. The Beck Depression Inventory (BDI) and the State-Trait Anxiety Inventory (STAI-Gr) were used to measure depression and anxiety, respectively. Results: The results showed that it was 1.08 times more likely for the PCOS group (<i>p</i> = 0.043) and 1.12 times more likely for the MRKHS group (<i>p</i> = 0.039) to have higher scores than healthy adolescents on the anxiety scale. The MRKHS group was 1.40 times more likely to have a higher number of depressive symptoms (<i>p</i> = 0.040) than the control group. Conclusions: These findings, although based on a small sample, suggest a relationship between PCOS and MRKHS and the presence of psychological problems, such as anxiety and depressive symptoms in adolescents. This study is among the first to examine psychological difficulties in adolescents with such a rare menstrual syndrome as MRKHS. (PsycInfo Database Record (c) 2022 APA, all rights reserved)",30,2,83-88
R164,yes,EBSCOhost PsycInfo export,APA PsycInfo,Absence des organes génitaux internes chez la femme: Enjeux et répercussions sur l’identité sexuelle.,"Blanc, Stéphanie ; Brun, Anne",2019,L'Évolution Psychiatrique,10.1016/j.evopsy.2019.07.006,,Journal Article,fra,"Objectives: Mayer-Rokitansky-Küster-Hauser (MRKH) syndrome is a rare congenital malformation of the female internal organs. This disorder causes the uterus and vagina to be absent and affects one in 4,500 newborn girls. In a psychodynamic approach and in a qualitative and quantitative perspective, we aim to highlight some of the issues raised by the syndrome and its treatment, in particular the creation of a “neo-vagina”, in terms of the establishment of sexual identity among the women involved. Methods: Our research is based on an interdisciplinary, triangular process in which patient, doctor and clinical psychologist work together in specialized medical consultations. The data collection process also includes individual clinical research interviews between the young women and the clinical psychologist. The study involved seventeen patients. Results: On the basis of this study, it is possible to identify both fantasmatic and physical representations specific to MRKH patients. Most of these representations (summarized in a table) are common to the majority of the patients, some are specific to a few young women, and relate to their body image perception and their sexual investment. Discussion: The study is based on single interviews, apart from two patients (ten interviews each). However, we are currently providing long-term follow-up. Conclusion: In most cases, there is a fetishist issue related to the phallic dimension of the neo-vagina and a high investment in bodily appearance and/or external signs of femininity. (PsycInfo Database Record (c) 2022 APA, all rights reserved)",84,4,591-603
R054,yes,EBSCOhost PsycInfo export,APA PsycInfo,And God created woman? The link between female sexuality and the mother-daughter relationship in Mayer-Rokitansky-Kuster-Hauser syndrome in adolescents.,"Gueniche, Karinne ; Yi, M. -K. ; Nataf, N.",2014,Bulletin of the Menninger Clinic,10.1521/bumc.2014.78.1.57,,Journal Article,eng,"The authors’ clinical experience with young girls with Mayer-Rokitansky- Kuster-Hauser syndrome (MRKH), who are facing the often hastily suggested, and accepted, surgical treatment of vaginal reconstruction brings new light to the question of female sexuality and its specific modes of access: its traumatic aspects, the mother-daughter conflict of ambivalence and the associated risk of depression, as well as the importance of the relational factor in the construction of bodily interiority. (PsycInfo Database Record (c) 2025 APA, all rights reserved)",78,1,57-69
R051,yes,EBSCOhost PsycInfo export,APA PsycInfo,Sexual and psychosocial functioning in women with MRKHS after neovaginoplasty according to Wharton-Sheares-George: A case control study.,"Leithner, Katharina ; Naderer, Andrea ; Hartung, Dorothee ; Abrahamowicz, Clara ; Alexopoulos, Johanna ; Walch, Katharina ; Wenzl, René ; Hilger, Eva",2015,PLoS ONE,10.1371/journal.pone.0124604,,Journal Article,eng,"Background: Mayer-Rokitansky-Küster-Hauser syndrome (MRKHS) has a major impact on a woman’s psychological and sexual well-being. In most of the studies that addressed treatment techniques, postoperative sexual function was reported to be satisfactory; however, comparatively few studies have additionally provided an accurate analysis of psychosocial functions in MRKHS patients following different kinds of neovaginal treatment. This study is to evaluate sexual and psychosocial functioning after creation of a neovagina according to Wharton-Sheares-George in women with MRKHS. Methods: We performed a case-control-study using multiple measures to assess sexual and psychosocial functioning. Ten MRKHS patients and 20 controls of a University hospital and tertiary center for pediatric and adolescent gynecology were assessed. The follow-up assessment comprised 6 standardized questionnaires (Female Sexuality Function Index, FSFI; Patient Health Questionnaire, PHQ; Brief Symptom Inventory, BSI; World Health Organization Quality of Life Assessment, WHOQoL-BREF; Parental Bonding Instrument, PBI; and a German questionnaire on body image). The main outcome measures were sexual function, psychological status, quality of life, body image, and parental bonding styles. Findings: Sexual function, psychological status (including depressive and somatic symptoms), quality of life, and own-body experience were at least as good in operated MRKHS patients as in controls. In some measures (FSFI, PHQ-15, psychological domain of the WHOQoL-BREF, and BSI Positive Symptom Total), patients scored significantly better than controls. The results of the PBI indicated a close and sustainable mother-daughter-relationship in MRKHS patients. Conclusions: We found no evidence for an impairment of sexual or psychosocial functioning in patients after neovaginoplasty according to Wharton-Sheares-George. MRKHS may not necessarily compromise sexual and psychological well-being, provided that the syndrome is properly managed by a multidisciplinary team of health professionals. (PsycInfo Database Record (c) 2022 APA, all rights reserved)",10,4,
R014,yes,EBSCOhost PsycInfo export,APA PsycInfo,A life course perspective on Mayer-Rokitansky-Küster-Hauser syndrome: Women’s experiences and negotiations of living with an underdeveloped uterus and vagina.,"Jensen, Amalie Hahn ; Herlin, Morten Krogh ; Vogel, Ida ; Lou, Stina",2024,"Disability and Rehabilitation: An International, Multidisciplinary Journal",10.1080/09638288.2023.2191014,,Journal Article,eng,"PurposeMayer-Rokitansky-Küster-Hauser (MRKH) syndrome is characterized by the absence or underdevelopment of the uterus and upper part of the vagina. It is usually diagnosed during adolescence, and the present study investigates how women experience and negotiate to live with MRKH syndrome long-term.MethodsFrom January to March 2021, eighteen Danish women with MRKH syndrome participated in semi-structured interviews via video conference. The mean time since diagnosis was 11.5 years. A thematic analysis using the life course framework as a theoretical approach was applied.ResultsThe analysis identified the diagnosis as a turning point, that dramatically altered the women’s imagined futures. Not conforming to dominant social norms regarding sexuality and pregnancy meant that the women continuously managed and negotiated the meaning and impact of MRKH syndrome in relation to the five principles of the life course perspective: (1) Lifelong development, (2) Timing, (3) Human agency, (4) Linked lives, and (5) Historical time and place.ConclusionUsing the life course framework contributed to a holistic understanding of life with MRKH syndrome by showing how the meaning and consequences of the congenital condition changed over time and in adaptation to gendered and age-related social norms and expectations.IMPLICATIONS FOR REHABILITATIONThe perceived meaning and impact of living with Mayer-Rokitansky-Küster-Hauser syndrome change over time, and women’s information and support needs thus change accordinglySensitive, clinical communication is essential when discussing treatment optionsOnline communities may provide support and reduce feelings of loneliness (PsycInfo Database Record (c) 2024 APA, all rights reserved)",46,6,1130-1140
R167,yes,EBSCOhost PsycInfo export,APA PsycInfo,Obsessive–compulsive symptoms and 15q11.2q13.1 duplication syndrome.,"Göbel, Theresa ; Maier, Alexander ; Schlump, Andrea ; Runge, Kimon ; Nickel, Kathrin ; Tebartz van Elst, Ludger ; Schiele, Miriam A. ; Domschke, Katharina ; Gläser, Birgitta ; Tzschach, Andreas ; Komlosi, Katalin ; Endres, Dominique",2024,European Neuropsychopharmacology,10.1016/j.euroneuro.2023.09.009,,Letter,eng,"Presents case report of 45-year-old female patient—who gave written informed consent for publication—presented with OCS, and her predominant compulsion was acts of control (i.e., checking the stove or the electric iron several times and taking pictures before leaving the house). The psychiatric history revealed that the patient had suffered from OCS and a learning disability since the first decade of her life. Mayer–Rokitansky–Küster–Hauser syndrome (MRKHS) type 1, sensorineural hearing loss, and urinary stress incontinence were pre-diagnosed. (PsycInfo Database Record (c) 2024 APA, all rights reserved)",78,,67-69
R168,yes,EBSCOhost PsycInfo export,APA PsycInfo,Das Mayer-Rokitansky-Küster-Hauser-Syndrom. Eine übersicht über den stand der internationalen psychosomatischen forschung.,"Huber, Kerstin ; Hoffmann, Simone ; Richter-Appelt, Hertha",2009,Zeitschrift für Sexualforschung,10.1055/s-0029-1224720,,Journal Article,deu,"The diagnosis of Mayer-Rokitansky-Küster-Hauser Syndrome is made on the basis of the following symptoms: Non-development (aplasia) of vagina and uterus in women with a female XX set of chromosomes, functioning ovaries and externally inconspicuous female sexual characteristics. The syndrome implies infertility for the affected women and makes normal vaginal sex impossible. Plastic surgery may be used to construct an artificial vagina, which is called ""neovagina"". The majority of research concerns such surgical methods. The present paper, however, gives a survey of the relatively rare studies on the psychological aspects of MRKHS. These studies have produced heterogeneous results with regard to sexuality and psychological stress—some studies have found impairments, while others have not reported significant differences between women with and without MRKHS. With respect to social life, self-perception and dealing with infertility there is only little and partly anecdotal data available. Future research should address the subject from a wider angle and try to understand the impact of different factors on the quality of life of the women concerned. (PsycInfo Database Record (c) 2025 APA, all rights reserved)",22,4,318-339
R172,yes,EBSCOhost PsycInfo export,APA PsycInfo,Fragebogen zum Erleben der eigenen Weiblichkeit (FB-W): Ergebnisse von Frauen mit Mayer-Rokitansky-Küster-Hauser Syndrom und Frauen mit polyzystischem Ovarsyndrom.,"Krupp, Kerstin ; Brunner, Franziska ; Fliegner, Maike ; Rall, Katharina ; Brucker, Sara ; Briken, Peer ; Richter-Appelt, Hertha",2013,PPmP: Psychotherapie Psychosomatik Medizinische Psychologie,10.1055/s-0032-1333286,,Journal Article,deu,"Women with Mayer-Rokitansky-Kuster-Hauser syndrome (MRKHS) or polycystic ovary syndrome (PCOS) experience substantial changes in female body characteristics. It was investigated how this is associated with changes concerning the experience of one’s own femininity. A questionnaire was developed to measure the experience of one’s own femininity. The questionnaire assesses how important several aspects are to women for their experience of their own femininity. Data from 49 women with MRKHS and 55 women with PCOS were compared to a nonclinical sample (932 women). The experience of their own femininity differed between the clinical groups as well as in comparison to the control sample. Diagnosis-specific characteristics emerged, which should be considered in the treatment of affected women. The developed questionnaire proved to be suitable for measuring differences in the experience of one’s own femininity between groups of gynecological patients. (PsycInfo Database Record (c) 2022 APA, all rights reserved)",63,8,334-340
R092,yes,EBSCOhost PsycInfo export,APA PsycInfo,Sexual life and sexual wellness in individuals with Complete Androgen Insensitivity Syndrome (CAIS) and Mayer‐Rokitansky‐Küster‐Hauser Syndrome (MRKHS).,"Fliegner, Maike ; Krupp, Kerstin ; Brunner, Franziska ; Rall, Katharina ; Brucker, Sara Y. ; Briken, Peer ; Richter‐Appelt, Hertha",2014,Journal of Sexual Medicine,10.1111/jsm.12321,,Journal Article,eng,"Abstract Introduction Sexual wellness depends on a person's physical and psychological constitution. Complete Androgen Insensitivity Syndrome (CAIS) and Mayer‐Rokitansky‐Küster‐Hauser Syndrome (MRKHS) can compromise sexual well‐being. Aims To compare sexual well‐being in CAIS and MRKHS using multiple measures: To assess sexual problems and perceived distress. To gain insight into participants' feelings of inadequacy in social and sexual situations, level of self‐esteem and depression. To determine how these psychological factors relate to sexual (dys)function. To uncover what participants see as the source of their sexual problems. Methods Data were collected using a paper‐and‐pencil questionnaire. Eleven individuals with CAIS and 49 with MRKHS with/without neovagina treatment were included. Rates of sexual dysfunctions, overall sexual function, feelings of inadequacy in social and sexual situations, self‐esteem and depression scores were calculated. Categorizations were used to identify critical cases. Correlations between psychological variables and sexual function were computed. Sexually active subjects were compared with sexually not active participants. A qualitative content analysis was carried out to explore causes of sexual problems. Main Outcome Measures An extended list of sexual problems based on the Diagnostic and Statistical Manual of Mental Disorders, 4th ed., text revision, by the American Psychiatric Association and related distress. Female Sexual Function Index (FSFI), German Questionnaire on Feelings of Inadequacy in Social and Sexual Situations (FUSS social scale, FUSS sexual scale), Rosenberg Self‐Esteem Scale (RSE), Brief Symptom Inventory (BSI) subscale depression. Open question on alleged causes of sexual problems. Results The results point to a far‐reaching lack of sexual confidence and sexual satisfaction in CAIS. In MRKHS apprehension in sexual situations is a source of distress, but sexual problems seem to be more focused on issues of vaginal functioning. MRKHS women report being satisfied with their sex life. Conclusion Different conditions can affect individuals in diagnosis‐specific ways despite some shared clinical features. Professionals should adopt an interdisciplinary approach and provide custom‐made care in order to promote sexual well‐being in patients. Fliegner M, Krupp K, Brunner F, Rall K, Brucker SY, Briken P, and Richter‐Appelt H. Sexual life and sexual wellness in individuals with Complete Androgen Insensitivity Syndrome (CAIS) and Mayer‐Rokitansky‐Küster‐Hauser Syndrome (MRKHS). J Sex Med 2014;11:729–742. (PsycInfo Database Record (c) 2023 APA, all rights reserved)",11,3,729-742
R173,yes,EBSCOhost PsycInfo export,APA PsycInfo,Quand le féminin est mis à mal … À propos d’une prise de poids significative chez des jeunes femmes en post-annonce diagnostique d’une agénésie utéro-vaginale.,"Gueniche, Karinne ; Vibert, Sarah ; Guinard, Maïa ; Polak, Michel ; Le ’Study Group’ MRKH",2020,L'Évolution Psychiatrique,10.1016/j.evopsy.2020.05.001,,Journal Article,fra,"Objectives: Based on data from a vast medical-psychopathological research study proposed to girls suffering from utero-vaginal agenesis—Mayer-Rokitansky-Küster-Hauser syndrome (MRKH)—, the value and the function of a frequently occurring (10%) bulimic disorder (with weight gain) at the announcement of the diagnosis are analyzed from a psychodynamic perspective. The psychic implications of the diagnosis and its consequences in terms of the modalities of the sessions with these adolescents, alongside genital sexuality, are underlined. The analysis of two cases studies, put into perspective, allows us to refine our understanding of the meaning of this food-related symptom. Therefore, this could both constitute a defensive modality signaling the impasses of the process of construction of the feminine as it could be a lever of psychic transformation of the traumatic repercussions of this process. Methods: Forty young MRKH women aged 19 to 34 (with an average age of 25 ½) are met. The research is offered to them from two to 17 years after their diagnostic announcement; clinical reflection consists of a retrospective analysis of their adolescent traumatic experience. The patients’ stories are collected using a clinical research non-directive interview. Two projective methods—Rorschach and Thematic Apperception Test (TAT)—are also proposed to better understand the modalities of their psychic functioning at the time of the clinical encounters. Interview data are subjected to a thematic clinical analysis. The protocols of the Rorschach and of the TAT are analyzed according to the method of interpretation of the French School, which refers to the psychoanalytic theory of psychic functioning. The material, resulting from sessions with two patients diagnosed with MRKH at the age of 17 and having gained 10 kg in the aftermath of this announcement, is compared in a thorough way. Results: The contrasts—in terms of problematics and of levels of elaboration—between the interview and the projective protocols are striking for each patient. With the analysis of the interview, the bulimic symptom of the first patient occurs in a psychic context where feminine interiority seems unrepresentable. On the contrary, projective protocols reveal access to conflicting and symbolic feminine work. In the same way, the second patient's discourse about her symptom is at first sight much more elaborate than that of the first patient; she establishes a subjective link between the renunciation of maternity inherent in the announcement of MRKH and the compensatory dimension provided by weight gain. However, the discrepancy with the projective tests is surprising in this second patient. Indeed, her productions reflect fragilities in her identity and an insufficient symbolization of the sexual that testify to the defensive value of the excessive symbolization of her speech, evident in the interview. Discussion: These contrasts lead us to consider binge-eating as an attempt to treat an already conflicting female sexuality, even in deadlock, before the discovery of MRKH. Its traumatic accents are updated and potentiated with the diagnostic announcement. The different levels of identified problems can coexist in a same woman, whether it is a feminine that has neither been constructed nor integrated; an impossible investment of the internal body; or a counter-investment of an impossible maternity. In this context, the etiopathogeny of weight gain subsequent to the announcement of the diagnosis is unique for each young woman, but always in connection with an affected or wounded feminine and/or maternal. Conclusion: In conclusion, if the weight gain following the diagnosis reflects a hindrance or even an impasse (possibly punctual) of the psychic treatment of its effects, this medical announcement in adolescence can constitute, afterwards, a new chance for these girls, with a potentially mutative value. (PsycInfo Database Record (c) 2022 APA, all rights reserved)",85,4,607-618
R170,yes,EBSCOhost PsycInfo export,APA PsycInfo,Mayer-Rokitansky-Küster-Hauser syndrome and psychiatric conditions: Toward the importance of a genetic link.,"Suranyi, Gabor ; Capovilla, Maria ; Metelkina-Fernandez, Victoria ; Askenazy, Florence ; Fernandez, Arnaud",2020,Psychosomatics: Journal of Consultation and Liaison Psychiatry,10.1016/j.psym.2020.01.011,,Comment/Reply,eng,"Comments on an article by Heller-Boersma et al. (see record [rid]2009-10223-016[/rid]). Heller-Boersma et al. formally investigated the relationship among Mayer-Rokitnasky-Küster-Hauser Syndrome (MRKHS), psychological distress and/or psychiatric conditions. The authors concluded that women with MRKHS ) had significantly higher pathological scores on subscales of the Symptom Checklist90-R9 scale, such as phobic anxiety, and psychoticism, compared with controls. Using the Eating Disorder Inventory, it appeared that MRKHS women have a significantly greater risk to develop bulimia, which could be explained by them trying to compensate with food for lowered self-esteem and interpersonal difficulties. It is assumed that the most critical period for MRKHS patients is right after a surgical operation or at the time of the diagnosis, when they are most vulnerable to psychiatric symptoms. Unfortunately, in this study, psychiatric evaluation was carried out a long time after diagnosis, which is the reason why the authors explain the lack of more dramatic differences in comparison with the control group. (PsycInfo Database Record (c) 2025 APA, all rights reserved)",61,4,409-410
R046,yes,Scopus export,Scopus,Psychological impact of neovagina creation and uterus transplantation in the patients affected from Mayer–Rokitanski–Kuster–Hauser syndrome: A narrative review,Pecorino B.; Scibilia G.; Ferrara M.; Veroux P.; Mereu L.; Serretti A.; Scollo P.,2024,European Journal of Obstetrics and Gynecology and Reproductive Biology,10.1016/j.ejogrb.2024.09.041,,Review,,,302,,356-361
R033,yes,Scopus export,Scopus,Davydov-Moore vaginoplasty in Mayer-Rokitansky-Küster-Hauser syndrome: sexual and surgical outcomes,Piróg M.; Bednarczyk M.; Barabasz K.; Kacalska-Janssen O.; Jach R.,2025,Archives of Gynecology and Obstetrics,10.1007/s00404-024-07830-6,,Article,,,312,1,119-124
R159,yes,Scopus export,Scopus,Xcm biologic tissue matrix xenograft and autologous micromucosa graft for vaginal reconstruction in mayer-rokitansky-küster-hauser syndrome,Gigante Gomes T.; Agostinho M.; Cardoso M.C.; Nunes da Costa J.; Matias J.,2022,Archives of Plastic Surgery,10.5999/aps.2020.00556,,Article,,,48,2,185-188
R047,yes,Scopus export,Scopus,The need to integrate mental health treatment into the care of Mayer–Rokitansky–Küster–Hauser,Davoudian T.; Hills E.,2025,F and S Reports,10.1016/j.xfre.2025.03.008,,Short survey,,,6,2,116-119
R113,yes,Scopus export,Scopus,Neovagina Creation: A Novel Improved Laparoscopic Vecchietti Procedure in Patients with Mayer-Rokitansky-Küster-Hauster Syndrome,Wang Y.-Y.; Duan H.; Zhang X.-N.; Wang S.,2021,Journal of Minimally Invasive Gynecology,10.1016/j.jmig.2020.04.006,,Article,,,28,1,82-92
R031,yes,Scopus export,Scopus,Interpretation of Mayer-Rokitansky-Küster-Hauser syndrome by systematic literature review; [Interpretación del síndrome de Mayer-Rokitansky-Küster-Hauser mediante revisión bibliográfica sistemática],Romo N.Y.U.; Escobar N.A.S.; Sánchez M.I.S.,2024,"Salud, Ciencia y Tecnologia",10.56294/saludcyt2024930,,Review,,,4,,930
R143,yes,Scopus export,Scopus,"Prevalence of urinary, prolapse, and bowel symptoms in Mayer-Rokitansky-Küster-Hauser syndrome",Pennesi C.M.; English E.M.; Bell S.; Lossie A.C.; Quint E.H.; Swenson C.W.,2021,American Journal of Obstetrics and Gynecology,10.1016/j.ajog.2021.02.020,,Article,,,225,1,70.e1-70.e12
R205,no,Scopus export,Scopus,Primary amenorrhoea,Williams C.E.,2021,"Obstetrics, Gynaecology and Reproductive Medicine",10.1016/j.ogrm.2021.03.006,,Review,,,31,5,144-149
R006,yes,Scopus export,Scopus,Case Report: From absolute uterine factor infertility (AUI) to motherhood: the crucial role of psychosocial assessment in the first Italian uterus transplantation case,Pistorio M.L.; De Pasquale C.; Veroux M.; Giaquinta A.; Giambra M.M.; Grasso A.; Scollo P.; Quattropani M.C.A.; Veroux P.,2026,Frontiers in Psychology,10.3389/fpsyg.2025.1713821,,Article,,,16,,1713821
R002,yes,Scopus export,Scopus,"Self-esteem, depression, anxiety and sexual function in Mayer-Rokitansky-Küster-Hauser syndrome with neovagina: A case series",Lei X.-H.; Wang X.; Shao S.-Y.; Hua K.-Q.; Zhang Y.,2024,European Journal of Obstetrics and Gynecology and Reproductive Biology,10.1016/j.ejogrb.2024.04.027,,Article,,,298,,85-90
R091,yes,Scopus export,Scopus,Psychological correlates of sexual self-esteem in young women with Mayer-Rokitansky-Küster-Hauser syndrome,Beisert M.J.; Chodecka A.M.; Walczyk-Matyja K.; Szymańska-Pytlińska M.E.; Kȩdzia W.; Kapczuk K.,2022,Current Issues in Personality Psychology,10.5114/cipp.2022.114044,,Article,,,10,4,333-342
R083,yes,Scopus export,Scopus,Pioneering robotic-assisted Davydov vaginoplasty for Mayer-Rokitansky-Küster-Hauser syndrome,Panwar V.K.; Heda A.; Singh G.; Bahadur A.,2025,BMJ Case Reports,10.1136/bcr-2024-262794,,Article,,,18,1,e262794
R206,no,Scopus export,Scopus,"Epidemiology, etiology and treatment of female vaginal injury",Zhang D.; Li H.,2025,Reproductive Health,10.1186/s12978-025-02017-x,,Review,,,22,1,65
R207,no,Scopus export,Scopus,Lessons learned from the Czech uterus transplant trial related to surgical technique that may affect reproductive success,Chmel R.; Novackova M.; Pastor Z.,2020,Australian and New Zealand Journal of Obstetrics and Gynaecology,10.1111/ajo.13184,,Article,,,60,4,625-627
R104,yes,Scopus export,Scopus,Study on depressive symptoms in patients with Mayer-Rokitansky-Küster-Hauser syndrome: An analysis of 141 cases,Chen N.; Song S.; Duan Y.; Kang J.; Deng S.; Pan H.; Zhu L.,2020,Orphanet Journal of Rare Diseases,10.1186/s13023-020-01405-9,,Article,,,15,1,121
R004,yes,Scopus export,Scopus,Prevalence of Anxiety and Depression in Women with Mayer-Rokitansky-Kϋster-Hauser (MRKH) Syndrome in Malaysia,Khairudin K.B.; Nik Mhd Nor N.S.; Childs J.F.; Loh Sweet Yi E.; Abdul Ghani N.A.; Shah S.A.; Mohd Daud T.I.; Zainuddin A.A.,2025,Journal of Pediatric and Adolescent Gynecology,10.1016/j.jpag.2025.11.005,,Article,,,,,
R208,no,Scopus export,Scopus,Satisfactory Outcome of Various Novel Modified Laparoscopic Neovaginoplasty Using Autologous Peritoneal Graft,Meutia A.P.; Ksyatria Y.; Priyatini T.; Hakim S.; Djusad S.; Moegni F.; Hidayah G.N.; Harzif A.K.,2024,Gynecology and Minimally Invasive Therapy,10.4103/gmit.gmit_33_23,,Article,,,13,1,48-52
R024,yes,Scopus export,Scopus,Vaginal agenesis in MRKH syndrome: integrating surgical technique with long-term psychosexual support,Gattani P.; Heda S.; Parate S.; Jahagirdar S.,2025,BMJ Case Reports,10.1136/bcr-2025-268662,,Article,,,18,10,e268662
R209,no,Scopus export,Scopus,Application of Yang-Monti’s Principle as Part of Reconstructive Procedures for Complex Pediatric Surgical Cases: A Single-center Study Case Series,Athawale H.R.; Inayat L.; Bhatt V.; Tiwari A.; Mane S.; Reddy S.,2026,Journal of Indian Association of Pediatric Surgeons,10.4103/jiaps.jiaps_92_25,,Article,,,31,1,35-41
R012,yes,Scopus export,Scopus,Sexual function and quality of life after the creation of a neovagina in women with Mayer-Rokitansky-Küster-Hauser syndrome: comparison of vaginal dilation and surgical procedures,Kang J.; Chen N.; Song S.; Zhang Y.; Ma C.; Ma Y.; Zhu L.,2020,Fertility and Sterility,10.1016/j.fertnstert.2020.01.017,,Article,,,113,5,1024-1031
R210,no,Scopus export,Scopus,"Examining the Results of Vaginoplasty Surgery Using Sigmoid Graft in the Treatment of Vaginal Agenesis, A Retrospective Cohort Study; [:بزرسی نتایج عمل جزاحی واصینوپلاستی با استفاده اس گزفت سیگموئید در درمان آصنشی واصن: یک مطالعه ی کوهورت گذشته نگز]",Delshad S.; Delshad B.; Taheri S.; Yadegari K.; Khoshnam-Rad M.,2024,Journal of Isfahan Medical School,10.48305/jims.v42.i755.0050,,Article,,,42,755,50-57
R109,yes,Scopus export,Scopus,"Pelvic pain in patients with complex mullerian anomalies including Mayer–Rokitansky–Kuster–Hauser syndrome (MRKH), obstructed hemi-vagina ipsilateral renal anomaly (OHVIRA), and complex cloaca",Schall K.; Parks M.; Nemivant S.; Hernandez J.; Weidler E.M.,2019,Seminars in Pediatric Surgery,10.1016/j.sempedsurg.2019.150842,,Article,,,28,5,150842
R049,yes,Scopus export,Scopus,Living donor uterus transplant research project in Singapore: Progress of the first case,Tan H.K.; Kee T.Y.S.; Tan B.K.; Dahm-Kähler P.; Kvarnström N.; Nadarajah R.; Chew K.Y.; Tan B.H.; Ho T.H.; Tan L.K.; Tan Y.R.; Thangaraju S.; Wong L.T.; Lee J.S.E.; Lim L.E.C.; Wong S.L.; Ng L.G.; Law Y.M.; Lim C.; Jeyaraj P.R.; Poopalingam R.; Brännström M.,2025,Acta Obstetricia et Gynecologica Scandinavica,10.1111/aogs.15048,,Article,,,104,3,548-558
R175,yes,Scopus export,Scopus,Sexual Experience before Treatment for Vaginal Agenesis: A Retrospective Review of 137 Women,Dear J.; Creighton S.M.; Conway G.S.; Williams L.; Liao L.-M.,2019,Journal of Pediatric and Adolescent Gynecology,10.1016/j.jpag.2018.12.005,,Article,,,32,3,300-304
R205,yes,Scopus export,Scopus,Primary amenorrhoea,Williams C.E.,2024,"Obstetrics, Gynaecology and Reproductive Medicine",10.1016/j.ogrm.2024.03.001,,Review,,,34,6,147-152
R211,no,Scopus export,Scopus,Evaluation of Sexual Function Outcomes in Patients with Rokitansky Syndrome: A Systematic Review and Meta-analysis,HadaviBavili P.; İlçioğlu K.; Hamlacı Başkaya Y.,2023,Journal of Minimally Invasive Gynecology,10.1016/j.jmig.2023.05.014,,Review,,,30,9,705-715
R161,yes,Scopus export,Scopus,Prevascularized Tissue-Engineered Human Vaginal Mucosa: In Vitro Optimization and in Vivo Validation,Jakubowska W.; Chabaud S.; Saba I.; Galbraith T.; Berthod F.; Bolduc S.,2020,Tissue Engineering - Part A,10.1089/ten.tea.2020.0036,,Article,,,26,13-14,811-822
R086,yes,Scopus export,Scopus,Sexual and Psychosocial Outcome After Neovaginoplasty Using Interceed in Females with Mayer-Rokitansky-Küster-Hauser Syndrome: A Case-Control Study,Jha S.; Singh S.,2022,Journal of Obstetrics and Gynaecology Canada,10.1016/j.jogc.2022.03.018,,Note,,,44,8,926-930
R212,no,Scopus export,Scopus,MAYER-ROKITANSKY-KÜSTER-HAUSER SYNDROME-AN INCIDENTAL FINDING DURING AUTOPSY: A CASE REPORT,Yadav K.; Kumar R.; Chawla H.; Singh M.; Khan M.; Yadav R.,2023,Journal of Forensic Medicine and Toxicology,10.5958/0974-4568.2023.00057.1,,Article,,,40,2,137-139
R064,yes,Scopus export,Scopus,The long-term outcomes of vaginoplasty using acellular porcine small intestinal submucosa grafts in patients with Mayer–Rokitansky–Küster–Hauser syndrome: A case series,Xu Z.-Y.; Li L.-X.; Wang X.-G.; Wang M.-X.; Cao G.-J.; Chen B.-L.; Liu S.-J.,2023,BJOG: An International Journal of Obstetrics and Gynaecology,10.1111/1471-0528.17388,,Article,,,130,6,645-652
R005,yes,Scopus export,Scopus,Psychological and emotional profiles of Australian uterine transplant potential recipients: A comparison with international trials,Gerstl B.; Kehag E.; Mallinder H.; Baker T.; Arulpragasam K.; David C.; Stone M.; Fitzsimmons E.; Hetherington K.; Deans R.,2025,Acta Obstetricia et Gynecologica Scandinavica,10.1111/aogs.14974,,Article,,,104,3,528-539
R213,no,Scopus export,Scopus,Laparoscopic peritoneal vaginoplasty with rudimentary uterus resection for Mayer-Rokitansky-Küster-Hauser syndrome: Technical details with video,Dai Y.; Zhu L.; Qin C.; Yang X.; Li X.,2026,Asian Journal of Surgery,10.1016/j.asjsur.2025.12.101,,Article,,,,,
R028,yes,Scopus export,Scopus,Long-term outcomes for women after dilator therapy with or without surgery in the creation of a neovagina,Koh Y.Y.; Gerstl B.; Sit A.; Heller-Boersma J.; Koch J.; Juan Y.-P.; Deans R.,2025,Australian and New Zealand Journal of Obstetrics and Gynaecology,10.1111/ajo.13899,,Article,,,65,2,277-286
R214,no,Scopus export,Scopus,Mayer-Rokitansky-Kuster-Hauser syndrome in a young female: diagnosis and treatment: a case report,Tariq A.; Shamsi N.I.,2023,Journal of the Pakistan Medical Association,10.47391/jpma.6355,,Article,,,73,3,697-699
R215,no,Scopus export,Scopus,Implications of Ehlers-Danlos Syndrome in a Patient With Mayer-Rokitansky-Küster-Hauser Syndrome,Brander E.P.A.; Dietrich J.E.,2021,Journal of Pediatric and Adolescent Gynecology,10.1016/j.jpag.2021.06.002,,Article,,,34,6,890-892
R087,yes,Scopus export,Scopus,Tissue Engineering Opportunities for Vaginal Replacement in a Pediatric Population,Foster C.; Daigle R.; Rowe C.K.,2022,Tissue Engineering - Part B: Reviews,10.1089/ten.teb.2020.0376,,Review,,,28,2,476-487
R216,no,Scopus export,Scopus,Disorders/Differences of sex development (DSD),van Leeuwen K.,2020,Pearls and Tricks in Pediatric Surgery,10.1007/978-3-030-51067-1_52,,Book chapter,,,,,367-372
R217,no,Scopus export,Scopus,Psychiatric Aspects of Differences of Sex Development: Uncertainty in Our Knowledge,Ishii T.,2025,Journal of Clinical Endocrinology and Metabolism,10.1210/clinem/dgae811,,Note,,,110,10,e3526-e3527
R122,yes,Scopus export,Scopus,Comparing Anatomical and Functional Outcomes of Two Neovaginoplasty Techniques for Mayer-Rokitansky-Küster-Hauser Syndrome: A Ten-Year Retrospective Study with Swine Small Intestinal Submucosa and Homologous Skin Grafts,Xu H.; Hou S.; Ruan Z.; Liu J.,2023,Therapeutics and Clinical Risk Management,10.2147/tcrm.s415672,,Article,,,19,,557-565
R120,yes,Scopus export,Scopus,Postoperative outcomes of sigmoid colon vaginoplasty for vaginal agenesis: A randomized controlled trial,Delshad S.; Delshad B.; Mogheimi P.,2022,Annals of Medicine and Surgery,10.1016/j.amsu.2022.103833,,Article,,,78,,103833
R060,yes,Scopus export,Scopus,Long-term Results of Sexual Function and Body Image After Vaginoplasty With Acellular Dermal Matrix in Women With Mayer-Rokitansky-Küster-Hauser Syndrome,Mao M.; Zhang Y.; Fu H.; Wang Q.; Bai J.; Guo R.,2024,Journal of Minimally Invasive Gynecology,10.1016/j.jmig.2023.10.003,,Article,,,31,1,37-42
R112,yes,Scopus export,Scopus,International Experiences with Vaginal Lengthening Treatment Among Individuals with Müllerian Agenesis: A Mixed-Methods Study,Pennesi C.M.; Berkeley J.; Lossie A.C.; Quint E.H.; Zieman K.D.; Carroll S.,2023,Journal of Pediatric and Adolescent Gynecology,10.1016/j.jpag.2023.05.004,,Article,,,36,5,476-483
R073,yes,Scopus export,Scopus,"“Don't Give Up, Advocate for Yourself”: A Pilot Study Examining Healthcare Experiences of People with Mayer Rokitansky Küster Hauser Syndrome",Marshall N.; Rajesh Z.; Hunker K.; Merletti J.; Garas M.; Clark A.; Ball S.A.; Gibson M.E.S.; Pukall C.F.,2025,Journal of Pediatric and Adolescent Gynecology,10.1016/j.jpag.2024.12.001,,Article,,,38,2,167-173
R218,no,Scopus export,Scopus,A Case of Mayer-Rokitansky-Küster-Hauser Syndrome Diagnosed in Infancy after Evaluation of Palpable Gonads,Bleach C.C.; Vogt K.S.,2020,Journal of Pediatric and Adolescent Gynecology,10.1016/j.jpag.2020.07.013,,Article,,,33,6,733-734
R219,no,Scopus export,Scopus,Dissociative disorder in Mayer Rokitansky Küster Hauser syndrome with pulmonary agenesis: a case report,Joshi S.; Bhandari A.R.; Shrestha P.; Shakya R.,2022,"Egyptian Journal of Neurology, Psychiatry and Neurosurgery",10.1186/s41983-021-00440-y,,Article,,,58,1,3
R009,yes,Scopus export,Scopus,Long-term Outcomes and Sexual Satisfaction of Vaginoplasty Using Peritoneal Graft in Mayer-Rokitansky-Küster-Hauser Syndrome,Hatami-Pourdehno S.; Bastani P.; Mallah F.; Pourmehr H.S.; Hajebrahimi S.,2025,International Journal of Women's Health and Reproduction Sciences,10.15296/ijwhr.2025.6060,,Article,,,13,4,189-194
R220,no,Scopus export,Scopus,"Müllerian Anomalies: Presentation, Diagnosis, and Counseling",Bortoletto P.; Romanski P.A.; Pfeifer S.M.,2024,Obstetrics and Gynecology,10.1097/aog.0000000000005469,,Article,,,143,3,369-377
R221,no,Scopus export,Scopus,Mayer-Rokitansky-Küster-Hauser syndrome type II: A rare case report,Sfar K.; Imrani K.; Chait F.; Essetti S.; Maslouhi K.; Moatassim Billah N.; Nassar I.,2024,SAGE Open Medical Case Reports,10.1177/2050313x241265047,,Article,,,12,,
R117,yes,Scopus export,Scopus,Long term sexual outcomes of Mayer Rokitansky Küster Hauser Syndrome patients after Uncu-modified Davydov procedure,Aslan K.; Gurbuz T.B.; Orhan A.; Kasapoglu I.; Ozerkan K.; Uncu G.,2023,Facts Views and Vision in ObGyn,10.52054/fvvo.15.3.091,,Article,,,15,3,235-242
R222,no,Scopus export,Scopus,"Erratum: Abstracts of the 9th International Symposium in Disorders/Differences of Sex Development, Bern, Switzerland (Sex Dev. (2022) 16 (suppl 1): (1-91) DOI: 10.1159/000525564)",,2023,Sexual Development,10.1159/000525934,,Erratum,,,16,4,295-298
R081,yes,Scopus export,Scopus,Creation of neovagina in women with Müllerian agenesis (Mayer-Rokitansky-Küster-Hauser syndrome) using fresh human amnion,Gari A.; Baradwan S.; Iskandarani R.; Alkhiary A.Y.; Abumohssin A.; Abu-Zaid A.,2024,Obstetrics and Gynecology Science,10.5468/ogs.24114,,Article,,,67,6,541-549
R164,yes,Scopus export,Scopus,The absence of internal female organs among women: Issues and consequences for sexual identity; [Absence des organes génitaux internes chez la femme : enjeux et répercussions sur l'identité sexuelle],Blanc S.; Brun A.,2019,Evolution Psychiatrique,10.1016/j.evopsy.2019.07.006,,Article,,,84,4,591-603
R223,no,Scopus export,Scopus,How does the experience of the medical encounter with Mayer-Rokitansky-Küster-Hauser (MRKH) Syndrome impact women in Africa?,Ngoumou R.-D.,2022,Pan African Medical Journal,10.11604/pamj.2022.42.314.32830,,Article,,,42,,314
R224,no,Scopus export,Scopus,Laparoscopic Davydov vs. laparoscopic Vecchietti neovaginoplasty in women with Mayer-Rokitansky-Küster-Hauser syndrome; a systematic review and meta-analysis,Martens L.; Tannenbaum L.; Van Kuijk S.M.J.; Notten K.J.B.; Kluivers K.B.,2024,Fertility and Sterility,10.1016/j.fertnstert.2023.12.015,,Review,,,121,4,679-692
R114,yes,Scopus export,Scopus,"Treatment guidelines for persistent cloaca, cloacal exstrophy, and Mayer–Rokitansky–Küster–Häuser syndrome for the appropriate transitional care of patients",Kubota M.; Osuga Y.; Kato K.; Ishikura K.; Kaneko K.; Akazawa K.; Yonekura T.; Tazuke Y.; Ieiri S.; Fujino A.; Ueno S.; Hayashi Y.; Yoshino K.; Yanai T.; Iwai J.; Yamaguchi T.; Amae S.; Yamazaki Y.; Sugita Y.; Kohno M.; Kanamori Y.; Bitoh Y.; Shinkai M.; Ohno Y.; Kinoshita Y.,2019,Surgery Today,10.1007/s00595-019-01810-z,,Review,,,49,12,985-1002
R225,no,Scopus export,Scopus,Dual-Crosslinked Bioactive Hydrogel Scaffold for Accelerated Repair of Genital Tract Defect,Wang L.; Cheng L.C.; Chen Y.; Zhai H.; Chen Z.; Ren T.; Xu L.; Ding J.; Qiu J.; Hua K.; Yu L.,2024,Advanced Functional Materials,10.1002/adfm.202405966,,Article,,,34,41,2405966
R008,yes,Scopus export,Scopus,"The impact of Mayer–Rokitansky–Küster–Hauser Syndrome on Psychology, Quality of Life, and Sexual Life of Patients: A Systematic Review",Tsarna E.; Eleftheriades A.; Eleftheriades M.; Kalampokas E.; Liakopoulou M.-K.; Christopoulos P.,2022,Children,10.3390/children9040484,,Review,,,9,4,484
R040,yes,Scopus export,Scopus,Experiences of vaginal lengthening treatment and sexual well-being in women with Mayer–Rokitansky–Küster–Hauser (MRKH) syndrome: An interview study,Jensen A.H.; Herlin M.K.; Trolle B.; Vogel I.; Lou S.,2024,BJOG: An International Journal of Obstetrics and Gynaecology,10.1111/1471-0528.17916,,Article,,,131,13,1841-1850
R226,no,Scopus export,Scopus,Vaginoplasty for gender dysphoria and Mayer–Rokitansky–Küster–Hauser syndrome: a systematic review,Sueters J.; Groenman F.A.; Bouman M.-B.; Roovers J.P.W.R.; de Vries R.; Smit T.H.; Huirne J.A.F.,2023,F and S Reviews,10.1016/j.xfnr.2023.10.002,,Review,,,4,4,219-236
R227,no,Scopus export,Scopus,Low self-esteem of women suffering Mayer Rokitansky Kuster Hauser Syndrome,Arsy G.R.; Ratnawati R.; Rachmawati S.D.,2019,Indian Journal of Public Health Research and Development,10.5958/0976-5506.2019.02155.7,,Article,,,10,8,2042-2045
R228,no,Scopus export,Scopus,Case Series of Mayer–Rokitansky–Küster–Hauser Syndrome: Analysis of 17 Cases,Miyake A.; Kobayashi Y.; Imaeda K.; Yoshihama T.; Nakamura K.; Yokota M.; Hayashi S.; Yamagami W.; Banno K.; Aoki D.,2023,Clinical and Experimental Obstetrics and Gynecology,10.31083/j.ceog5001001,,Article,,,50,1,1
R171,yes,Scopus export,Scopus,"Primary Amenorrhea, Aplastic Uterus, and a Functional Vagina: A Rare Case of Mayer-Rokitansky-Küster-Hauser Syndrome",Kirschen G.W.; Semenyuk N.,2019,Case Reports in Obstetrics and Gynecology,10.1155/2019/3409548,,Article,,,2019,,3409548
R229,no,Scopus export,Scopus,The future of neovaginoplasty: robots to save the Davydov,Malcom C.A.; Imudia A.N.; Romanski P.A.,2025,Fertility and Sterility,10.1016/j.fertnstert.2025.02.029,,Editorial,,,123,5,802-803
R131,yes,Scopus export,Scopus,"The Effect of Psychosexual Education on Promoting Sexual Function, Genital Self-Image, and Sexual Distress among Women with Rokitansky Syndrome: A Randomized Controlled Clinical Trial",Vosoughi N.; Maasoumi R.; Haeri Mehrizi A.A.; Ghanbari Z.,2022,Journal of Pediatric and Adolescent Gynecology,10.1016/j.jpag.2021.06.008,,Article,,,35,1,73-81
R230,no,Scopus export,Scopus,Does religiosity influence women's use of vaginal dilators for the treatment of sexual pain syndromes?,Ramires R.B.M.; Visick A.,2025,Advancements in Sexology,,,Book chapter,,,,,159-181
R014,yes,Scopus export,Scopus,A life course perspective on Mayer-Rokitansky-Küster-Hauser syndrome: women’s experiences and negotiations of living with an underdeveloped uterus and vagina,Jensen A.H.; Herlin M.K.; Vogel I.; Lou S.,2024,Disability and Rehabilitation,10.1080/09638288.2023.2191014,,Article,,,46,6,1130-1140
R231,no,Scopus export,Scopus,Mayer-Rokitansky-Küster-Hauser syndrome: Vaginal dilation versus plastic surgery; [Mayer-Rokitansky-Küster-Hauser-Syndrom: Vaginaldilatation versus plastische OP],Lorenz J.,2020,Geburtshilfe und Frauenheilkunde,10.1055/a-1183-1265,,Note,,,80,8,781-782
R119,yes,Scopus export,Scopus,Ischial Spinous Fascia Fixation for Dilated Neovaginal Prolapse in Mayer-Rokitansky-Küster-Hauser Syndrome—2 Case Reports,Wang Y.; Ren C.; Bao X.; Kang J.; Ma Y.; Zhu L.,2022,Journal of Pediatric and Adolescent Gynecology,10.1016/j.jpag.2021.10.014,,Article,,,35,3,396-399
R077,yes,Scopus export,Scopus,A rare case: Neovagina creation using McIndoe technique and total surgical approach in a patient with Mayer-Rokitansky-Küster-Hauser syndrome,Sevinç K.; Kulhan M.; Çelik Ç.,2024,European Journal of Obstetrics and Gynecology and Reproductive Biology,10.1016/j.ejogrb.2024.09.009,,Article,,,302,,173-176
R055,yes,Scopus export,Scopus,Mayer-Rokitansky-Küster-Hauser syndrome type II. Case report,Calle J.J.R.,2025,Jornal Brasileiro de Reproducao Assistida,10.5935/1518-0557.20250057,,Article,,,29,4,827-833
R232,no,Scopus export,Scopus,Complexities of complete androgen insensitivity syndrome: insights from a case report and literature review,Asanidze E.; Kristesashvili J.; Asanidze A.; Jibladze A.; Gaphrindashvili G.; Asanidze B.; Bhatia R.,2024,Journal of International Medical Research,10.1177/03000605241300058,,Article,,,52,11,
R233,no,Scopus export,Scopus,"Attitudes, knowledge, and perceptions among women toward uterus transplantation and donation in the United Kingdom",Vali S.; Jones B.P.; Sheikh S.; Saso S.; Quiroga I.; Smith J.R.,2023,Frontiers in Medicine,10.3389/fmed.2023.1223228,,Article,,,10,,1223228
R234,no,Scopus export,Scopus,Uterus transplantation: Joys and frustrations of becoming a 'complete' woman-a qualitative study regarding self-image in the 5-year period after transplantation,Järvholm S.; Enskog A.; Hammarling C.; Dahm-Kähler P.; Brännström M.,2020,Human Reproduction,10.1093/humrep/deaa143,,Article,,,35,8,1855-1863
R235,no,Scopus export,Scopus,Female genital malformations and surgical treatment; [Fehlbildungen des weiblichen Genitales und operative Therapie],Rall K.K.; Schöller D.; Kölle A.; Brucker S.,2021,Gynakologische Endokrinologie,10.1007/s10304-020-00364-5,,Review,,,19,1,19-29
R236,no,Scopus export,Scopus,Comparison of neovaginoplasty using acellular porcine small intestinal submucosa graft or Interceed in patients with Mayer–Rokitansky–Küster–Hauser syndrome,Zhang X.; Qiu J.; Ding J.; Hua K.,2019,Archives of Gynecology and Obstetrics,10.1007/s00404-019-05352-0,,Article,,,300,6,1633-1636
R013,yes,Scopus export,Scopus,"Issues of identity, perceptions and isolation: An interpretative phenomenological analysis of women’s experience of Mayer-Rokitansky-Küster-Hauser (MRKH) syndrome",Gilfillan R.; Carter P.,2024,Journal of Health Psychology,10.1177/13591053231199253,,Article,,,29,3,200-212
R089,yes,Scopus export,Scopus,"Comparison of Sheares vaginoplasty, vaginoplasty using acellular porcine small intestinal submucosa graft and laparoscopic peritoneal vaginoplasty in patients with Mayer-Rokitansky-Küster-Hauser syndrome",Zhou Q.; Zhang X.; Li Y.; Hua K.; Ding J.,2023,International Urogynecology Journal,10.1007/s00192-022-05163-z,,Article,,,34,2,499-505
R020,yes,Scopus export,Scopus,Psychological evaluation of candidates for the uterus transplantation French trial,Karpel L.; Nicaise M.; Carbonnel M.; Le Marchand M.; Racowsky C.; Pirtea P.; Ayoubi J.-M.,2025,Acta Obstetricia et Gynecologica Scandinavica,10.1111/aogs.15004,,Article,,,104,3,522-527
R050,yes,Scopus export,Scopus,Effectiveness of non-surgical interventions to improve health and well-being in women living with Mayer–Rokitansky–Kuster–Hauser syndrome: A systematic review,Baby A.; Pallam M.C.; Hayter M.,2024,Journal of Advanced Nursing,10.1111/jan.15976,,Review,,,80,6,2167-2201
R058,yes,Scopus export,Scopus,Update on Mayer—Rokitansky—Küster—Hauser syndrome,Chen N.; Song S.; Bao X.; Zhu L.,2022,Frontiers of Medicine,10.1007/s11684-022-0969-3,,Review,,,16,6,859-872
R011,yes,Scopus export,Scopus,“I felt like a woman”: A phenomenological qualitative study of disease-related experiences in Mayer-Rokitansky-Küster-Hauser syndrome (MRKH syndrome),Güner P.; Ulukaya T.; Pehlivan Sarıbudak T.,2025,Journal of Health Psychology,10.1177/13591053241305941,,Article,,,30,11,3137-3152
R237,no,Scopus export,Scopus,Introducing Modified Technique of Combined Vaginal and Laparoscopic Approach for Creation of Neovagina,Meutia A.P.; Harzif A.K.; Priyatini T.; Moegni F.; Hakim S.; Djusad S.,2023,International Journal of Surgery Case Reports,10.1016/j.ijscr.2023.108164,,Article,,,106,,108164
R088,yes,Scopus export,Scopus,Surgery Is Not Superior to Dilation for the Management of Vaginal Agenesis in Mayer-Rokitansky-Küster-Hauser Syndrome: A Multicenter Comparative Observational Study in 131 Patients,Cheikhelard A.; Bidet M.; Baptiste A.; Viaud M.; Fagot C.; Khen-Dunlop N.; Louis-Sylvestre C.; Sarnacki S.; Touraine P.; Elie C.; Aigrain Y.; Polak M.,2019,Obstetrical and Gynecological Survey,10.1097/ogx.0000000000000644,,Note,,,74,2,79-80
R105,yes,Scopus export,Scopus,"From Engulfment to Enrichment: Associations Between Illness Representations, Self-Concept, and Psychological Adjustment in Mayer-Rokitansky-Küster-Hauser Syndrome",Carroll S.; Laufer M.R.; Thomas-Kowal P.; Lossie A.C.; Moss-Morris R.,2020,Journal of Pediatric and Adolescent Gynecology,10.1016/j.jpag.2020.07.006,,Article,,,33,6,639-648
R067,yes,Scopus export,Scopus,Comprehensive management of MayerRokitansky-Küster-Hauser syndrome management: A case report,Mishra S.; Sapkale B.; Singh S.; Jha A.; Chaudhari K.,2024,Narra J,10.52225/narra.v4i2.755,,Article,,,4,2,e755
R238,no,Scopus export,Scopus,Neovagina in Mayer-Rokitansky-Küster-Hauser (MRKH) Syndrome: Vaginoplasty Using Ileal Flap,Serrano S.; Pereira I.; Henriques A.; Valentim-Lourenço A.,2023,Acta Medica Portuguesa,10.20344/amp.18563,,Article,,,36,6,408-415
R239,no,Scopus export,Scopus,Expertise Area 2.6: Adult urogenital reconstructive surgery,De Kort L.M.O.; Brits T.; Brucker S.; Polm P.; Rall K.; Stein R.; Steinmacher S.; Tyler K.; Younsi N.,2024,Rare and Complex Urology,10.1016/b978-0-323-99934-2.00025-5,,Book chapter,,,,,245-251
R240,no,Scopus export,Scopus,Letter to the Editor: Sexuality After Laparoscopic-Assisted Davydov's Neovaginoplasty in Mayer-Rokitansky-Küster-Hauser Syndrome,Habek D.,2023,Journal of Obstetrics and Gynaecology Canada,10.1016/j.jogc.2022.08.019,,Letter,,,45,2,112-113
R015,yes,Scopus export,Scopus,Urogynecological and sexual functions after vecchietti reconstructive surgery,Adamiak-Godlewska A.; Skorupska K.; Rechberger T.; Romanek-Piva K.; Miotła P.,2019,BioMed Research International,10.1155/2019/2360185,,Article,,,2019,,2360185
R035,yes,Scopus export,Scopus,Laparoscopic Sigmoid Vaginoplasty for the Treatment of Mayer–Rokitansky–Kuster–Hauser Syndrome in a Single Center: 20 years’ Experience,Yang L.; Xu G.; Tao K.; Lv G.; Wang Z.,2024,International Urogynecology Journal,10.1007/s00192-024-05829-w,,Article,,,35,7,1503-1510
R034,yes,Scopus export,Scopus,Treatment of the Mayer–Rokitansky–Küster–Hauser syndrome with autologous in vitro cultured vaginal tissue: descriptive study of long-term results and patient outcomes,Sabatucci I.; Palaia I.; Marchese C.; Muzii L.; Morte C.D.; Giorgini M.; Musella A.; Ceccarelli S.; Vescarelli E.; Panici P.B.,2019,BJOG: An International Journal of Obstetrics and Gynaecology,10.1111/1471-0528.15477,,Article,,,126,1,123-127
R241,no,Scopus export,Scopus,Innovation in Vaginoplasty: Integration of a Silicone Tissue Expander Prosthesis Into the McIndoe Technique—A Case Report,Díaz-Yamal I.J.; Rodríguez-Albarracín M.A.; Pinto D.; Bermúdez L.; Heredia A.M.,2026,Case Reports in Obstetrics and Gynecology,10.1155/crog/4140462,,Article,,,2026,1,4140462
R242,no,Scopus export,Scopus,Treatment for vaginal agenesis: A prospective and comparative study between vaginal dilation and surgical neovaginoplasty,Apfel V.R.; Takano C.C.; Marquini G.V.; de Jarmy di Bella Z.I.K.; Girão M.J.B.C.; Sartori M.G.F.,2022,International Journal of Gynecology and Obstetrics,10.1002/ijgo.13931,,Article,,,157,3,574-581
R037,yes,Scopus export,Scopus,Anatomical and Functional Evaluation of Modified Abbe-McIndoe Vaginoplasty at a Tertiary Care Hospital,Sinha A.; Amrita; Sinha M.; Biswas P.,2024,Nigerian Journal of Clinical Practice,10.4103/njcp.njcp_874_23,,Article,,,27,5,643-646
R173,yes,Scopus export,Scopus,The Troublesome Feminine: Significant Weight Gain in Young Women After a Diagnosis of Utero-Vaginal Agenesis; [Quand le féminin est mis à mal … À propos d'une prise de poids significative chez des jeunes femmes en post-annonce diagnostique d'une agénésie utéro-vaginale],Gueniche K.; Vibert S.; Guinard M.; Polak M.; Ouallouche C.; Nataf N.; Bidet M.; Cheikhelard A.; Paniel J.-B.; Louis-Sylvestre C.; Morcel K.; Viaud M.; Elie C.; Baptiste A.; Aigrain Y.; Darai E.; Rouzier R.; Descamps P.; Brun J.-L.; Ranke A.; Lopes P.; Pienkowski C.; Leguevaque P.,2020,Evolution Psychiatrique,10.1016/j.evopsy.2020.05.001,,Article,,,85,4,607-618
R026,yes,Scopus export,Scopus,"Sexual, relational, and psychological functioning in male partners of women with reported Mayer–Rokitansky–Kuster–Hauser syndrome—a case–control study",Bleijenberg F.; Weijenborg P.T.M.; Kluivers K.B.; Both S.,2025,Human Reproduction,10.1093/humrep/deae288,,Article,,,40,2,335-342
R057,yes,Scopus export,Scopus,Perception of having children through surrogacy in individuals with MRKH in Vietnam: a qualitative study,Le T.T.Q.; Le N.T.H.; Vu T.A.; Nguyen H.H.; Vuong L.N.,2024,Frontiers in Psychology,10.3389/fpsyg.2024.1372405,,Article,,,15,,1372405
R085,yes,Scopus export,Scopus,Sexual functional outcomes of vaginal dilation therapy for MRKH syndrome: a prospective study; [MRKH综合征患者顶压法人工阴道成形术的性功能评价],Duan J.; Chen N.; Gao Q.; Huang R.; Song S.; Kang J.; Liu X.; Gu X.; Deng S.; Zhu L.,2024,Chinese Journal of Obstetrics and Gynecology,10.3760/cma.j.cn112141-20240318-00159,,Article,,,59,7,540-547
R243,no,Scopus export,Scopus,Vaginal reconstruction with Singapore flaps in Mayer-Rokitansky-Küster-Hauser syndrome,Adamyan R.T.; Blbulyan A.K.; Startseva O.I.; Imanova K.Z.,2023,Plastic Surgery and Aesthetic Medicine,10.17116/plast.hirurgia202304127,,Article,,,2023,4,27-36
R244,no,Scopus export,Scopus,Psychological and personality assessment in patients candidates for Uterus Transplantation from deceased donor: preliminary results,Scollo P.; Pecorino B.; La Spina S.; Veroux P.; Giaquinta A.; Scibilia G.,2020,Italian Journal of Gynaecology and Obstetrics,10.36129/jog.32.04.08,,Article,,,32,4,287-292
R111,yes,Scopus export,Scopus,Syndrome Mayer-Rokitansky-Küster-Hauser - Uterine and vaginal agenesis: Current knowledge and therapeutic options; [Syndrom Mayer-Rokitansky-Küster- Hauser - Ageneze delohy a pochvy: Aktuální znalosti a terapeutické možnosti],"Chmel R., Jr.; Pastor Z.; Mužík M.; Brtnický T.; Nováčková M.",2019,Ceska Gynekologie,,,Article,,,84,5,386-392
R094,yes,Scopus export,Scopus,The Sexuality of Adolescents and Young Women With MRKH Syndrome: A Qualitative Study,Tsitoura A.; Michala L.,2021,Journal of Sexual Medicine,10.1016/j.jsxm.2021.09.006,,Article,,,18,12,2012-2019
R032,yes,Scopus export,Scopus,From Avoidance to Empowerment: Coping Strategies in Women With Müllerian agenesis (MRKH) After McIndoe Reconstruction: A Descriptive Phenomenological Study,Güner P.; Ulukaya T.,2025,Journal of Pediatric and Adolescent Gynecology,10.1016/j.jpag.2025.10.013,,Article,,,,,
R017,yes,Scopus export,Scopus,Understanding the impact of Mayer-Rokitansky-Küster-Hauser syndrome on sexual wellbeing—a qualitative study,Rajesh Z.; Marshall N.; Hunker K.E.; Merletti J.; Garas M.; Morton A.; Ball S.A.; Gibson M.E.S.; Pukall C.F.,2026,Journal of Sexual Medicine,10.1093/jsxmed/qdaf309,,Article,,,23,1,qdaf309
R115,yes,Scopus export,Scopus,Effects of different vaginal mould use approaches after vaginoplasty with artificial dermis in patients with Mayer–Rokitansky–Küster–Hauser syndrome,Wang W.; Chen F.; Cheng J.; Peng S.; Ye H.,2021,Journal of International Medical Research,10.1177/0300060521990519,,Article,,,49,2,
R010,yes,Scopus export,Scopus,Illness experience and (unmet) needs of women with Mayer-Rokitansky-Küster-Hauser Syndrome (MRKH): a qualitative analysis of an online forum,Di Mattei V.E.; Taranto P.; Perego G.; Caneva M.; Parma M.; Fontana E.; Candiani M.; Montali L.,2026,Psychology and Health,10.1080/08870446.2024.2390647,,Article,,,41,1,53-75
R082,yes,Scopus export,Scopus,A New Ten-Step Surgical Approach to Mayer–Rokitansky–Küster–Hauser Syndrome—A Preliminary Report of Three Cases,Varlas V.N.; Rhazi Y.; Varlas R.G.; Ouzaher H.; Rhazi B.,2025,Journal of Clinical Medicine,10.3390/jcm14041136,,Article,,,14,4,1136
R078,yes,Scopus export,Scopus,Sexuality in women with mayer-rokitansky-küster-hauser syndrome; [Sexualita žen se syndromem mayer-rokitansky-küster-hauser],"Chmel R., Jr.; Nováčková M.; Chubanovová N.; Pastor Z.",2021,Ceska Gynekologie,10.48095/cccg2021194,,Article,,,86,3,194-199
R245,no,Scopus export,Scopus,McIndoe neovagina creation for the management of vaginal agenesis,Linder B.J.; Gebhart J.B.,2021,International Urogynecology Journal,10.1007/s00192-020-04425-y,,Article,,,32,2,453-455
R065,yes,Scopus export,Scopus,Burden of Affected Persons with MRKH Syndrome: Effect of an Intervention to Support Surgical Neovaginal Placement; [Belastung von Betroffenen mit MRKH-Syndrom: Effekt einer Intervention zur Unterstützung bei Neovagina-Anlage],Schäffeler N.; Beckmann J.; Schenk B.; Schöller D.; Wallwiener D.; Enck P.; Teufel M.; Zipfel S.; Rall K.; Brucker S.,2022,PPmP Psychotherapie Psychosomatik Medizinische Psychologie,10.1055/a-1778-5194,,Article,,,72,11,473-480
R136,yes,Scopus export,Scopus,Mayer-Rokitansky-Küster-Hauser syndrome with pelvic organ prolapse: Case report.; [Síndrome Mayer-Rokitansky-Küster-Hauser con prolapso de órganos pélvicos: reporte de un caso],Ramírez-Isarraraz C.; Rodríguez-Colorado E.S.; Gorbea-Chávez V.; Granados-Martínez V.; Olvera-Delgado J.J.; Bravo-Canales G.R.,2020,Ginecologia y Obstetricia de Mexico,10.24245/gom.v88i1.3485,,Article,,,88,1,54-58
R118,yes,Scopus export,Scopus,Sexual satisfaction in patients with Mayer-Rokitansky-Küster-Hauser syndrome after surgical and non-surgical techniques: a systematic review,Dabaghi S.; Zandi M.; Ilkhani M.,2019,International Urogynecology Journal,10.1007/s00192-018-3854-5,,Review,,,30,3,353-362
R095,yes,Scopus export,Scopus,Comparison of two laparoscopic vaginoplasties using a single peritoneal flap in patients with Mayer-Rokitansky-Küster-Hauser syndrome,Zhao X.; Zhang Y.; Zhang M.; Zhang H.; Tian Y.; Kang S.,2022,International Urogynecology Journal,10.1007/s00192-021-04921-9,,Article,,,33,9,2543-2549
R128,yes,Scopus export,Scopus,Endometrial organoids derived from Mayer–Rokitansky–Küster–Hauser syndrome patients provide insights into disease-causing pathways,Brucker S.Y.; Hentrich T.; Schulze-Hentrich J.M.; Pietzsch M.; Wajngarten N.; Singh A.R.; Rall K.; Koch A.,2022,DMM Disease Models and Mechanisms,10.1242/dmm.049379,,Article,,,15,5,dmm049379
R246,no,Scopus export,Scopus,Case series report: Neovagina in patients with Mayer-Rokitansky-Küster-Hauser syndrome; [Reporte de serie de casos: Neovagina en pacientes con Síndrome Mayer-Rokitansky-Kuster-Hauser],Restrepo L.G.E.; Medina A.E.; Londoño M.G.; Torres L.F.L.; Mejía A.G.; López C.P.H.,2019,Revista Chilena de Obstetricia y Ginecologia,10.4067/s0717-75262019000300236,,Article,,,84,3,236-244
R052,yes,Scopus export,Scopus,Psychiatric Comorbidities in Women with Complete Androgen Insensitivity Syndrome or Müllerian Duct Aplasia/Agenesis,Sorouri Khorashad B.; Kaabi O.; Gardner M.D.; Getahun D.; Goodman M.; Lash T.L.; Lee P.A.; McCracken C.; May J.; Muzik M.; Vupputuri S.; Yacoub R.; Sandberg D.E.,2025,Journal of Clinical Endocrinology and Metabolism,10.1210/clinem/dgae720,,Article,,,110,7,1906-1914
R247,no,Scopus export,Scopus,Menstrual Disorders,Mat M.A.C.,2025,"Screen, Diagnose, Manage and Monitor: A GP Primer to Common Clinical Conditions",10.1007/978-981-97-7640-5_134,,Book chapter,,,,,1187-1194
R123,yes,Scopus export,Scopus,Mayer-Rokitansky-Küster-Hauser syndrome with rare findings of inferior crossed-fused renal ectopia and Gartner's duct cyst: a video case report,Liang G.; Xia W.; Liang Y.; Zhu Q.; Zou L.; Zhang J.; Jiang H.,2021,Fertility and Sterility,10.1016/j.fertnstert.2020.08.1433,,Article,,,115,2,525-527
R248,no,Scopus export,Scopus,Neovaginoplasty with tilapia fish skin: a series of eleven cases,Torres A.T.S.; Lopes B.B.; Silva A.M.; Dias M.T.P.M.; Bruno Z.V.; Nunes A.P.N.; Junior E.M.L.; de Moraes Filho M.O.; Paier C.R.K.; Rodrigues F.A.R.; Bezerra L.R.P.S.,2022,International Urogynecology Journal,10.1007/s00192-022-05150-4,,Article,,,33,8,2185-2193
R249,no,Scopus export,Scopus,Management of partial vaginal agenesis according to the Wharton-Sheares-George technique–a long-term follow-up,Zhang X.; Tang X.; Ding Y.; Hua K.,2020,Journal of Obstetrics and Gynaecology,10.1080/01443615.2019.1655721,,Article,,,40,5,715-717
R250,no,Scopus export,Scopus,Treatment of patients with mayer-rokitanskyküster-hauser syndrome in a tertiary hospital,Ng K.; Ip P.N.P.; Yiu K.W.; Chung J.P.W.; Chan S.S.C.,2020,Hong Kong Medical Journal,10.12809/hkmj208467,,Article,,,26,5,397-403
R036,yes,Scopus export,Scopus,MAYER–ROKITANSKY–KUSTER–HAUSER SYNDROME. LAPAROSCOPIC SIGMOID VAGINOPLASTY FOR THE TREATMENT OF VAGINAL AGENESIS - SINGLE CENTER EXPERIENCE IN GEORGIA-CASE REPORT,Elgandashvili D.; Kalantarov A.; Gugeshashvili T.,2024,Georgian Medical News,,,Article,,,354,9,129-138
R021,yes,Scopus export,Scopus,"Long term findings concerning the mental and physical condition, quality of life and sexuality after laparoscopically assisted creation of a neovagina (Modified vecchietti technique) in young mrkhs (mayer‐rokitansky‐küster‐hauser‐syndrome) patients",Rall K.; Schenk B.; Schäffeler N.; Schöller D.; Kölle A.; Schönfisch B.; Brucker S.Y.,2021,Journal of Clinical Medicine,10.3390/jcm10061269,,Article,,,10,6,1-33
R106,yes,Scopus export,Scopus,Laparoscopic proximal neovaginoplasty using autologous peritoneal graft to correct short vagina,Meutia A.P.; Kouwagam A.D.; Djusad S.; Hakim S.; Priyatini T.; Harzif A.K.,2023,International Journal of Surgery Case Reports,10.1016/j.ijscr.2023.108157,,Article,,,106,,108157
R251,no,Scopus export,Scopus,Holistic management of gynecological cases in cipto mangunkusumo hospital,Ocviyanti D.; Alda K.; Widjaya L.,2020,Obstetric and Gynecology Case Report,,,Book chapter,,,,,241-251
R075,yes,Scopus export,Scopus,Comparison of the modified laparoscopic Vecchietti and Davydov colpoplasty techniques in Mayer-Rokitansky-Küster-Hauser syndrome: A long-term follow-up analysis,Yang X.; Zhu L.; Wang Y.J.; Tong B.; Zhong S.; Yang C.; Liang J.; Jin H.; Xie Z.,2022,Journal of Obstetrics and Gynaecology Research,10.1111/jog.15262,,Article,,,48,7,1930-1937
R252,no,Scopus export,Scopus,Cadaveric case report of Mayer-Rokitansky-Küster-Hauser (MRKH) syndrome type II,Cobb A.; Fisher C.L.,2024,Translational Research in Anatomy,10.1016/j.tria.2024.100310,,Article,,,36,,100310
R029,yes,Scopus export,Scopus,Addressing complicated vesicovaginal fistula post-intercourse in MRKH: the critical imperative for comprehensive sex education and awareness,Shubhankar G.; Mittal A.; Panwar V.K.; Singh D.K.,2026,Sexual Medicine,10.1093/sexmed/qfae076,,Article,,,14,2,qfae076
R149,yes,Scopus export,Scopus,"The Missing Uterus, the Missed Diagnosis, and the Missing Care. Mayer-Rokitansky-Küster-Hauser Syndrome in the Lives of Women in Malaysia",Hatim H.; Zainuddin A.A.; Anizah A.; Kalok A.; Daud T.I.M.; Ismail A.; Nurazurah A.G.; Grover S.,2021,Journal of Pediatric and Adolescent Gynecology,10.1016/j.jpag.2020.11.009,,Conference paper,,,34,2,161-167
R169,yes,Scopus export,Scopus,Vaginal reconstruction using ileum segment and posterior sagittal anorectoplasty in a patient with Mayer–Rokitansky–Küster–Hauser syndrome with anorectal malformations: A case report,Rahayatri T.H.; Pramudito B.C.; Soedibyo S.,2021,International Journal of Surgery Case Reports,10.1016/j.ijscr.2020.12.085,,Article,,,79,,76-83
R090,yes,Scopus export,Scopus,Evaluation of the abdominopelvic region using MRI in patients with primary amenorrhea,Gündoğdu E.; Emekli E.; Oğuzman M.; Kebapçı M.,2019,Journal of Pediatric Endocrinology and Metabolism,10.1515/jpem-2019-0223,,Article,,,32,9,995-1003
R253,no,Scopus export,Scopus,"Exploring 17q12 Deletion Syndrome: A Case Report of Neurodevelopmental, Endocrine, and Genital Anomalies",Machado S.N.; Pereira C.G.; Tavares C.; Meireles C.; Aguiar M.I.,2024,Central European Journal of Paediatrics,10.5457/p2005-114.370,,Article,,,20,2,132-137
R016,yes,Scopus export,Scopus,Psychological impact and health-related quality-of-life outcomes of Mayer–Rokitansky–Küster–Hauser syndrome: A systematic review and narrative synthesis,Facchin F.; Francini F.; Ravani S.; Restelli E.; Gramegna M.G.; Vercellini P.; Aimi G.,2021,Journal of Health Psychology,10.1177/1359105319901308,,Review,,,26,1,26-39
R038,yes,Scopus export,Scopus,Psychological intervention in women with Mayer-Rokitansky-Küster-Hauser syndrome after artificial vaginoplasty: a prospective study,Shao S.; Wang X.; Lei X.; Hua K.; Zhang Y.,2022,International Urogynecology Journal,10.1007/s00192-022-05075-y,,Article,,,33,3,723-729
R084,yes,Scopus export,Scopus,Anxiety symptoms in patients with Mayer-Rokitansky-Küster-Hauser syndrome: A cross-sectional study,Song S.; Chen N.; Duan Y.-P.; Kang J.; Deng S.; Pan H.-X.; Zhu L.,2020,Chinese Medical Journal,10.1097/cm9.0000000000000648,,Article,,,133,4,388-394
R003,yes,Scopus export,Scopus,"Sexual functioning, sexual esteem, genital self-image and psychological and relational functioning in women with Mayer-Rokitansky-Küster-Hauser syndrome: A case-control study",Weijenborg P.T.M.; Kluivers K.B.; Dessens A.B.; Kate-Booij M.J.; Both S.,2019,Human Reproduction,10.1093/humrep/dez130,,Article,,,34,9,1661-1673
R001,yes,Scopus export,Scopus,Psychological well-being of women with uterine infertility before considering uterus transplantation as a treatment option,Pittman J.; Gerstl B.; Walch A.; Lotz M.; Deans R.; Morrison N.,2025,Australian and New Zealand Journal of Obstetrics and Gynaecology,10.1111/ajo.13895,,Article,,,65,2,263-268
R007,yes,Scopus export,Scopus,Sexuality and quality of life of patients operated for Rokitansky syndrome Mayer Kuster Hauser; [La sexualité et la qualité de vie des patientes opérées pour le syndrome de Rokitansky Mayer Kuster Hauser],Magdoud K.; Abouda H.S.; Jellouli A.; Ben Hmid R.; Chanoufi M.B.; Karoui A.,2024,Tunisie Medicale,10.62438/tunismed.v102i5.4738,,Article,,,102,5,310-314
R023,yes,Scopus export,Scopus,"Long-term outcomes in non-CAH 46,XX DSD",Grouthier V.; Bachelot A.,2024,Frontiers in Endocrinology,10.3389/fendo.2024.1372887,,Review,,,15,,1372887
R254,no,Scopus export,Scopus,Leiomyomas in a case of Mayer–Rokitansky–Kuster–Hauser syndrome: Case report,Albahlol I.A.; Elshamy M.; El-hady H.A.F.; Abd-Elwahab E.-S.M.,2020,European Journal of Obstetrics and Gynecology and Reproductive Biology,10.1016/j.ejogrb.2019.10.043,,Letter,,,244,,199-200
R018,yes,Scopus export,Scopus,A Case of Chromosome 17q12 Deletion Syndrome with Type 2 Mayer–Rokitansky–Küster–Hauser Syndrome and Maturity-Onset Diabetes of the Young Type 5,Lee R.; Choi J.E.; Mun E.; Kim K.H.; Choi S.A.; Kim H.S.,2024,Children,10.3390/children11040404,,Article,,,11,4,404
R255,no,Scopus export,Scopus,‘It was Supposed to be a Secret’: a study of disclosure and stigma as experienced by adults with differences of sex development,Mediå L.M.; Fauske L.; Sigurdardottir S.; Feragen K.J.B.; Heggeli C.; Wæhre A.,2022,Health Psychology and Behavioral Medicine,10.1080/21642850.2022.2102018,,Article,,,10,1,579-595
R256,no,Scopus export,Scopus,Mayer-Rokitansky-Küster-Hauser (MRKH) syndrome: A comprehensive update,Herlin M.K.; Petersen M.B.; Brännström M.,2020,Orphanet Journal of Rare Diseases,10.1186/s13023-020-01491-9,,Review,,,15,1,214
R257,no,PubMed export,PubMed,Mayer-Rokitansky-Kuster-Hauser syndrome,"Novoa CCT, Leite MTC, Sartori MGF",2025,Rev Bras Ginecol Obstet,10.61622/rbgo/2025fps4,40406045,,,,47,,e-FPS4
R058,yes,PubMed export,PubMed,Update on Mayer-Rokitansky-Küster-Hauser syndrome,"Chen N, Song S, Bao X, Zhu L",2022,Front Med,10.1007/s11684-022-0969-3,36562950,,,,16,6,859-872
R007,yes,PubMed export,PubMed,Sexuality and quality of life of patients operated for Rokitansky syndrome Mayer Kuster Hauser,"Magdoud K, Abouda HS, Jellouli A, Ben Hmid R, Chanoufi MB, Karoui A",2024,Tunis Med,10.62438/tunismed.v102i5.4738,38801290,,French,,102,5,310-314
R258,no,PubMed export,PubMed,Mayer- Rokitansky-Kuster-Hauser Syndrome: From Radiological Diagnosis to Further Challenges-Review and Update,"Schiau C, Csutak C, Ciurea AI, Pintican R, Dulgheriu IT, Manole S",2026,Diagnostics (Basel),10.3390/diagnostics16010138,41515635,,,,16,1,138
R259,no,PubMed export,PubMed,Mayer-Rokitansky-Küster-Hauser Syndrome: A Case Report,"Muthu Kumar A, Menon P, Mane S",2024,Cureus,10.7759/cureus.67606,39185296,,,,16,8,e67606
R008,yes,PubMed export,PubMed,"The impact of Mayer-Rokitansky-Küster-Hauser Syndrome on Psychology, Quality of Life, and Sexual Life of Patients: A Systematic Review","Tsarna E, Eleftheriades A, Eleftheriades M, Kalampokas E, Liakopoulou MK, Christopoulos P",2022,Children (Basel),10.3390/children9040484,35455528,,,,9,4,484
R238,yes,PubMed export,PubMed,Neovagina in Mayer- Rokitansky-Küster-Hauser (MRKH) Syndrome: Vaginoplasty Using Ileal Flap,"Serrano S, Pereira I, Henriques A, Valentim Lourenço A",2023,Acta Med Port,10.20344/amp.18563,36599171,,,,36,6,408-415
R046,yes,PubMed export,PubMed,Psychological impact of neovagina creation and uterus transplantation in the patients affected from Mayer-Rokitanski-Kuster-Hauser syndrome: A narrative review,"Pecorino B, Scibilia G, Ferrara M, Veroux P, Mereu L, Serretti A, Scollo P",2024,Eur J Obstet Gynecol Reprod Biol,10.1016/j.ejogrb.2024.09.041,39388911,,,,302,,356-361
R224,yes,PubMed export,PubMed,Laparoscopic Davydov vs,"Martens L, Tannenbaum L, Van Kuijk SMJ, Notten KJB, Kluivers KB",2024,laparoscopic Vecchietti neovaginoplasty in women with Mayer- Rokitansky-Küster-Hauser syndrome; a systematic review and meta-analysis. Fertil Steril,10.1016/j.fertnstert.2023.12.015,38104886,,,,121,4,679-692
R050,yes,PubMed export,PubMed,Effectiveness of non-surgical interventions to improve health and well-being in women living with Mayer-Rokitansky-Kuster- Hauser syndrome: A systematic review,"Baby A, Pallam MC, Hayter M",2024,J Adv Nurs,10.1111/jan.15976,37994266,,,,80,6,2167-2201
R232,yes,PubMed export,PubMed,Complexities of complete androgen insensitivity syndrome: insights from a case report and literature review,"Asanidze E, Kristesashvili J, Asanidze A, Jibladze A, Gaphrindashvili G, Asanidze B, Bhatia R",2024,J Int Med Res,10.1177/03000605241300058,39600030,,,,52,11,3000605241300058
R023,yes,PubMed export,PubMed,"Long-term outcomes in non-CAH 46,XX DSD","Grouthier V, Bachelot A",2024,Front Endocrinol (Lausanne),10.3389/fendo.2024.1372887,38752171,,,,15,,1372887
R211,yes,PubMed export,PubMed,Evaluation of Sexual Function Outcomes in Patients with Rokitansky Syndrome: A Systematic Review and Meta- analysis,"HadaviBavili P, İlçioğlu K, Hamlacı Başkaya Y",2023,J Minim Invasive Gynecol,10.1016/j.jmig.2023.05.014,37271411,,,,30,9,705-715
R128,yes,PubMed export,PubMed,Endometrial organoids derived from Mayer-Rokitansky-Küster- Hauser syndrome patients provide insights into disease-causing pathways,"Brucker SY, Hentrich T, Schulze-Hentrich JM, Pietzsch M, Wajngarten N, Singh AR, Rall K, Koch A",2022,Dis Model Mech,10.1242/dmm.049379,35394036,,,,15,5,dmm049379
R055,yes,PubMed export,PubMed,Mayer-Rokitansky-Küster-Hauser syndrome type II,Calle JJR,2025,Case report. JBRA Assist Reprod,10.5935/1518-0557.20250057,41165215,,,,29,4,827-833
R260,no,PubMed export,PubMed,A rare variant of mullerian agenesis: a case report and review of the literature,"Tayade SD, Mehdi N, Dube R, Bose V, Ameer A, Hakim ZT, Wattiez A",2024,J Med Case Rep,10.1186/s13256-024-04438-x,38523311,,,,18,1,126
R094,yes,PubMed export,PubMed,The Sexuality of Adolescents and Young Women With MRKH Syndrome: A Qualitative Study,"Tsitoura A, Michala L",2021,J Sex Med,10.1016/j.jsxm.2021.09.006,34649813,,,,18,12,2012-2019
R261,no,PubMed export,PubMed,Mayer-Rokitansky-Kuster-Hauser Syndrome: A rare case report from Nepal,"Ray U, Adhikari S, Dhital R, Shrestha S, Shah S, Poudel S, Sah SK, Gami R, Adhikari A, Gautam B",2022,Ann Med Surg (Lond),10.1016/j.amsu.2022.104725,36268332,,,,82,,104725
R085,yes,PubMed export,PubMed,[Sexual functional outcomes of vaginal dilation therapy for MRKH syndrome: a prospective study],"Duan JL, Chen N, Gao QQ, Huang RJ, Song S, Kang J, Liu X, Gu XY, Deng S, Zhu L",2024,Zhonghua Fu Chan Ke Za Zhi,10.3760/cma.j.cn112141-20240318-00159,39056131,,Chinese,,59,7,540-547
R262,no,PubMed export,PubMed,Mayer-Rokitansky- Küster-Hauser syndrome with idiopathic central precocious puberty: a case report,"Jin W, Gu C, Fei Z, Fei J, Wen G, Min Y, Chen D, Wu W",2023,Transl Pediatr,10.21037/tp-23-181,37305731,,,,12,5,1053-1058
R206,yes,PubMed export,PubMed,"Epidemiology, etiology and treatment of female vaginal injury","Zhang D, Li H",2025,Reprod Health,10.1186/s12978-025-02017-x,40329296,,,,22,1,65
R263,no,PubMed export,PubMed,Mayer-Rokitansky-Küster-Hauser syndrome managed with McIndoe's vaginoplasty: a case series and literature review,"Chaudhary A, Acharya S, Dahal A, Basnet R, Basnet A, Chaudhary A, Basnyat RS, Dongol A",2024,Ann Med Surg (Lond),10.1097/ms9.0000000000001877,38846829,,,,86,6,3206-3210
R264,no,PubMed export,PubMed,Study and evaluation of neovagina epithelium,Piazza MJ,2021,JBRA Assist Reprod,10.5935/1518-0557.20210016,34061487,,,,25,4,581-585
R038,yes,PubMed export,PubMed,Psychological intervention in women with Mayer-Rokitansky-Küster-Hauser syndrome after artificial vaginoplasty: a prospective study,"Shao S, Wang X, Lei X, Hua K, Zhang Y",2022,Int Urogynecol J,10.1007/s00192-022-05075-y,35029720,,,,33,3,723-729
R057,yes,PubMed export,PubMed,Perception of having children through surrogacy in individuals with MRKH in Vietnam: a qualitative study,"Le TTQ, Le NTH, Vu TA, Nguyen HH, Vuong LN",2024,Front Psychol,10.3389/fpsyg.2024.1372405,38770251,,,,15,,1372405
R091,yes,PubMed export,PubMed,Psychological correlates of sexual self-esteem in young women with Mayer-Rokitansky-Küster-Hauser syndrome,"Beisert MJ, Chodecka AM, Walczyk-Matyja K, Szymańska-Pytlińska ME, Kędzia W, Kapczuk K",2022,Curr Issues Personal Psychol,10.5114/cipp.2022.114044,38013735,,,,10,4,333-342
R265,no,PubMed export,PubMed,Aetiology And Management Of Primary Amenorrhoea,"Islam A, Zubair M, Wahid S, Noreen U",2021,J Ayub Med Coll Abbottabad,,34137542,,,,,,
R117,yes,PubMed export,PubMed,Long term sexual outcomes of Mayer Rokitansky Küster Hauser Syndrome patients after Uncu- modified Davydov procedure,"Aslan K, Gurbuz TB, Orhan A, Kasapoglu I, Ozerkan K, Uncu G",2023,Facts Views Vis Obgyn,10.52054/fvvo.15.3.091,37742200,,,,15,3,235-242
R266,no,PubMed export,PubMed,Davydov Vaginoplasty in Mayer-Rokitansky-Küster-Hauser Syndrome Patient Presenting With Urethral Dilatation,"Vitols J, Lidaka L",2024,Case Rep Obstet Gynecol,10.1155/2024/9498667,38962289,,,,2024,,9498667
R067,yes,PubMed export,PubMed,Comprehensive management of Mayer-Rokitansky-Küster-Hauser syndrome management: A case report,"Mishra S, Sapkale B, Singh S, Jha A, Chaudhari K",2024,Narra J,10.52225/narra.v4i2.755,39280286,,,,4,2,e755
R002,yes,PubMed export,PubMed,"Self-esteem, depression, anxiety and sexual function in Mayer-Rokitansky-Küster-Hauser syndrome with neovagina: A case series","Lei XH, Wang X, Shao SY, Hua KQ, Zhang Y",2024,Eur J Obstet Gynecol Reprod Biol,10.1016/j.ejogrb.2024.04.027,38733778,,,,298,,85-90
R143,yes,PubMed export,PubMed,"Prevalence of urinary, prolapse, and bowel symptoms in Mayer-Rokitansky-Küster-Hauser syndrome","Pennesi CM, English EM, Bell S, Lossie AC, Quint EH, Swenson CW",2021,Am J Obstet Gynecol,10.1016/j.ajog.2021.02.020,33621544,,,,225,1,70
R267,no,PubMed export,PubMed,Understanding the Diagnostic Odyssey of Women with Mayer-Rokitansky-Küster-Hauser (MRKH) Syndrome in Denmark: A Qualitative Interview Study,"Lou S, Jensen AH, Vogel I, Trolle B, Herlin MK",2024,J Pediatr Adolesc Gynecol,10.1016/j.jpag.2024.03.003,38494126,,,,37,4,412-418
R268,no,PubMed export,PubMed,Clinical features and management of women with Mayer-Rokitansky-Küster-Hauser syndrome in a Thai population,"Matemanosak P, Peeyananjarassri K, Klangsin S, Wattanakumtornkul S, Dhanaworavibul K, Choksuchat C, Getpook C",2024,Obstet Gynecol Sci,10.5468/ogs.23211,38461809,,,,67,3,314-322
R269,no,PubMed export,PubMed,"46,XX Differences of Sex Development outside congenital adrenal hyperplasia: pathogenesis, clinical aspects, puberty, sex hormone replacement therapy and fertility outcomes","Stancampiano MR, Meroni SLC, Bucolo C, Russo G",2024,Front Endocrinol (Lausanne),10.3389/fendo.2024.1402579,38841305,,,,15,,1402579
R087,yes,PubMed export,PubMed,Tissue Engineering Opportunities for Vaginal Replacement in a Pediatric Population,"Foster C, Daigle R, Rowe CK",2022,Tissue Eng Part B Rev,10.1089/ten.teb.2020.0376,33843276,,,,28,2,476-487
R270,no,PubMed export,PubMed,LIM Homeodomain (LIM-HD) Genes and Their Co- Regulators in Developing Reproductive System and Disorders of Sex Development,"Singh N, Singh D, Modi D",2022,Sex Dev,10.1159/000518323,34518474,,,,16,2-3,147-161
R271,no,PubMed export,PubMed,Disorders of sex development and female reproductive capacity: A literature review,"Hosseinirad H, Yadegari P, Mohanazadeh Falahieh F, Nouraei S, Paktinat S, Afsharzadeh N, Sadeghi Y",2021,Syst Biol Reprod Med,10.1080/19396368.2021.1937376,34196232,,,,67,5,323-336
R013,yes,PubMed export,PubMed,"Issues of identity, perceptions and isolation: An interpretative phenomenological analysis of women's experience of Mayer- Rokitansky-Küster-Hauser (MRKH) syndrome","Gilfillan R, Carter P",2024,J Health Psychol,10.1177/13591053231199253,37771134,,,,29,3,200-212
R272,no,PubMed export,PubMed,Mayer-Rokitansky-Kuster-Hauser syndrome type II with crossed fused renal ectopia: A rare case report,"Soekersi H, Trihadrian R",2023,Radiol Case Rep,10.1016/j.radcr.2023.01.107,36936804,,,,18,5,1877-1881
R273,no,PubMed export,PubMed,Le syndrome de Mayer-Rokitansky-Küster- Hauser comme cause d'aménorrhée primaire: à propos d'un cas [Mayer-Rokitansky- Küster-Hauser syndrome: a cause of primary amenorrhea: about a case],"Abdellaoui M, Fenni JE, Edderai M",2021,Pan Afr Med J,10.11604/pamj.2021.40.260.29181,35251454,,French,,40,,260
R040,yes,PubMed export,PubMed,Experiences of vaginal lengthening treatment and sexual well-being in women with Mayer-Rokitansky- Küster-Hauser (MRKH) syndrome: An interview study,"Jensen AH, Herlin MK, Trolle B, Vogel I, Lou S",2024,BJOG,10.1111/1471-0528.17916,39039723,,,,131,13,1841-1850
R065,yes,PubMed export,PubMed,Belastung von Betroffenen mit MRKH-Syndrom: Effekt einer Intervention zur Unterstützung bei Neovagina-Anlage [Burden of Affected Persons with MRKH Syndrome: Effect of an Intervention to Support Surgical Neovaginal Placement],"Schäffeler N, Beckmann J, Schenk B, Schöller D, Wallwiener D, Enck P, Teufel M, Zipfel S, Rall K, Brucker S",2022,Psychother Psychosom Med Psychol,10.1055/a-1778-5194,35504296,,German,,72,11,473-480
R274,no,PubMed export,PubMed,Vaginoplasty with Amnion Graft: Management of Mayer- Rokitansky-Kuster-Hauser Syndrome,"Bhandari S, Dangal G, Karki A, Pradhan H, Shrestha R, Bhattachan K, Tiwari KD, Bharati S, Maharjan S",2024,J Nepal Health Res Counc,10.33314/jnhrc.v21i3.4573,38615228,,,,21,3,530-533
R275,no,PubMed export,PubMed,MURCS Syndrome: Atypical form of Mayer- Rokitansky-Kuster-Hauser Syndrome,"Katam KK, Satapathy D, Arumulla M",2025,J Obstet Gynaecol India,10.1007/s13224-023-01916-y,40390943,,,,75,Suppl 1,517-519
R004,yes,PubMed export,PubMed,Prevalence of Anxiety and Depression in Women with Mayer-Rokitansky-Kϋster-Hauser (MRKH) Syndrome in Malaysia,"Khairudin KB, Nik Mhd Nor NS, Childs JF, Loh Sweet Yi E, Abdul Ghani NA, Shah SA, Mohd Daud TI, Zainuddin AA",2026,J Pediatr Adolesc Gynecol,10.1016/j.jpag.2025.11.005,41237853,,,,39,2,215-220
R081,yes,PubMed export,PubMed,Creation of neovagina in women with Müllerian agenesis (Mayer-Rokitansky-Küster- Hauser syndrome) using fresh human amnion,"Gari A, Baradwan S, Iskandarani R, Alkhiary AY, Abumohssin A, Abu-Zaid A",2024,Obstet Gynecol Sci,10.5468/ogs.24114,39318165,,,,67,6,541-549
R276,no,PubMed export,PubMed,Mayer-Rokitansky-Kuster-Hauser Syndrome Type II with Fused Kidneys in Pelvic Cavity: A Case Report,"Paudel S, Rokaha PS, Kafle P",2024,JNMA J Nepal Med Assoc,10.31729/jnma.8532,39356850,,,,62,272,279-281
R033,yes,PubMed export,PubMed,Davydov-Moore vaginoplasty in Mayer-Rokitansky-Küster-Hauser syndrome: sexual and surgical outcomes,"Piróg M, Bednarczyk M, Barabasz K, Kacalska-Janssen O, Jach R",2025,Arch Gynecol Obstet,10.1007/s00404-024-07830-6,39537847,,,,312,1,119-124
R125,yes,PubMed export,PubMed,"Comparison of modified McIndoe and Davydov vaginoplasty in patients with MRKH syndrome in terms of anatomical results, sexual performance and satisfaction","Deldar-Pesikhani M, Ghanbari Z, Shahrbabaki FS, Nassiri S, Raznahan M, Shokrpour M",2022,J Family Med Prim Care,10.4103/jfmpc.jfmpc_1939_21,36352939,,,,11,8,4614-4618
R072,yes,PubMed export,PubMed,Co-Occurrence of Sotos Syndrome and Mayer-Rokitansky-Küster-Hauser (MRKH) Syndrome in 2 Patients,"Mustafa M, Mitscher MK, Johnson NB, Fuqua JS",2025,JCEM Case Rep,10.1210/jcemcr/luaf009,39935497,,,,3,3,luaf009
R242,yes,PubMed export,PubMed,Treatment for vaginal agenesis: A prospective and comparative study between vaginal dilation and surgical neovaginoplasty,"Apfel VR, Takano CC, Marquini GV, de Jarmy di Bella ZIK, Girão MJBC, Sartori MGF",2022,Int J Gynaecol Obstet,10.1002/ijgo.13931,34534375,,,,157,3,574-581
R277,no,PubMed export,PubMed,Robotic-assisted neovaginal creation: stepwise approach to the Davydov technique in a patient with Mayer-Rokitansky-Küster-Hauser syndrome,"Tuncer H, Ege HV, Akgor U, Gultekin M, Tuncer ZS, Ozgul N, Basaran D",2025,Fertil Steril,10.1016/j.fertnstert.2025.01.011,39855419,,,,123,5,907-909
R278,no,PubMed export,PubMed,Wharton-Sheares-George vaginoplasty: a safe and efficient technique in patients with Mayer-Rokitansky- Küster-Hauser syndrome,"Rhazi I, Lukanović D, Blaganje M, Deval B",2024,Int Urogynecol J,10.1007/s00192-023-05632-z,37823899,,,,35,2,467-470
R083,yes,PubMed export,PubMed,Pioneering robotic-assisted Davydov vaginoplasty for Mayer-Rokitansky-Küster-Hauser syndrome,"Panwar VK, Heda A, Singh G, Bahadur A",2025,BMJ Case Rep,10.1136/bcr-2024-262794,39842904,,,,18,1,e262794
R086,yes,PubMed export,PubMed,Sexual and Psychosocial Outcome After Neovaginoplasty Using Interceed in Females with Mayer-Rokitansky-Küster-Hauser Syndrome: A Case- Control Study,"Jha S, Singh S",2022,J Obstet Gynaecol Can,10.1016/j.jogc.2022.03.018,35489673,,,,44,8,926-930
R279,no,PubMed export,PubMed,Mayer-Rokitansky-Kuster-Hauser syndrome with bilateral inguinal hernia of the adnexa - A rare coexisting anomaly,"Yedlapalli S, Pandey V, Nelson T, Kataria K, Thakur UK, Dhar A, Mahey R, Sachdeva K",2025,J Minim Access Surg,10.4103/jmas.jmas_37_25,40346934,,,,,,
R017,yes,PubMed export,PubMed,Understanding the impact of Mayer-Rokitansky-Küster- Hauser syndrome on sexual wellbeing-a qualitative study,"Rajesh Z, Marshall N, Hunker KE, Merletti J, Garas M, Morton A, Ball SA, Gibson MES, Pukall CF",2026,J Sex Med,10.1093/jsxmed/qdaf309,41189123,,,,23,1,qdaf309
R135,yes,PubMed export,PubMed,Retrospective comparative cohort study of neovagina creation by modified Vecchietti-laparoendoscopic single-site surgery for Mayer-Rokitansky-Küster-Hauser syndrome,"Zhang C, Zhang F, Wang X, Zhang S",2022,Ann Transl Med,10.21037/atm-22-4360,36330406,,,,10,19,1063
R095,yes,PubMed export,PubMed,Comparison of two laparoscopic vaginoplasties using a single peritoneal flap in patients with Mayer-Rokitansky-Küster-Hauser syndrome,"Zhao X, Zhang Y, Zhang M, Zhang H, Tian Y, Kang S",2022,Int Urogynecol J,10.1007/s00192-021-04921-9,34213603,,,,33,9,2543-2549
R280,no,PubMed export,PubMed,The Role of Laparoscopic Surgery in Gynecological Congenital Anomalies,"Tlais M, Khalil LM, Haddad K, Obeid N, El Fawal K, Hawi J, Nasreddine AS, El Hachem C, Seifeddine G, Bou Rizk R, Fassih I, Fakih G",2025,Maedica (Bucur),10.26574/maedica.2025.20.4.840,41537082,,,,20,4,840-850
R281,no,PubMed export,PubMed,"A rare case of 46,XX gonadal dysgenesis, Mayer-Rokitansky-Kuster-Hauser syndrome, pituitary and thyroid hypoplasia","Ambachew R, Gulilat A, Aberra T, Terefework Z, Bedilu W, Tarekegn G, Reja A",2022,Endocrinol Diabetes Metab Case Rep,10.1530/edm-21-0103,35142292,,,,2022,,21-0103
R282,no,PubMed export,PubMed,Unveiling the Unknown: Nicaragua's First Recorded Case of Mayer- Rokitansky-Küster-Hauser Syndrome,"Garcia MES, Rivera A, Vargas Salgado CM, Romero C, Aragón Conrado LE, Moreno Cabrera CS",2024,Cureus,10.7759/cureus.72895,39624529,,,,16,11,e72895
R283,no,PubMed export,PubMed,Clinical and Radiological Findings in Mayer-Rokitansky-Küster-Hauser Syndrome Type 2: Case report,"Odhaib SA, Mohammed MJ, Al-Ali AJH, Mansour AA",2021,Sultan Qaboos Univ Med J,10.18295/squmj.4.2021.036,34888086,,,,21,4,635-638
R049,yes,PubMed export,PubMed,Living donor uterus transplant research project in Singapore: Progress of the first case,"Tan HK, Kee TYS, Tan BK, Dahm-Kähler P, Kvarnström N, Nadarajah R, Chew KY, Tan BH, Ho TH, Tan LK, Tan YR, Thangaraju S, Wong LT, Lee JSE, Lim LEC, Wong SL, Ng LG, Law YM, Lim C, Jeyaraj PR, Poopalingam R, Brännström M",2025,Acta Obstet Gynecol Scand,10.1111/aogs.15048,39873148,,,,104,3,548-558
R035,yes,PubMed export,PubMed,Laparoscopic Sigmoid Vaginoplasty for the Treatment of Mayer-Rokitansky-Kuster-Hauser Syndrome in a Single Center: 20 years' Experience,"Yang L, Xu G, Tao K, Lv G, Wang Z",2024,Int Urogynecol J,10.1007/s00192-024-05829-w,38869514,,,,35,7,1503-1510
R284,no,PubMed export,PubMed,Variant phenotypic expression of mosaic Turner syndrome with type II MRKH (MURCS association),"Sinha S, Vidushi P, Agarwal M, Sinha U",2026,BMJ Case Rep,10.1136/bcr-2025-267760,41500704,,,,19,1,e267760
R285,no,PubMed export,PubMed,Human Sexual Polymorphism and Predicted Ranges of Morphological Variation in Human Skeletal Sex Indicators,Astorino CM,2025,Am J Biol Anthropol,10.1002/ajpa.70135,41064945,,,,188,2,e70135
R286,no,PubMed export,PubMed,Methods for neovagina creation in women with Mayer-Rokitansky-Küster-Hauser syndrome for subsequent uterus transplantation,"Chmel R, Pastor Z, Novackova M, Chubanovova N, Chmel R",2021,Biomed Pap Med Fac Univ Palacky Olomouc Czech Repub,10.5507/bp.2021.049,34446938,,,,165,4,360-366
R024,yes,PubMed export,PubMed,Vaginal agenesis in MRKH syndrome: integrating surgical technique with long-term psychosexual support,"Gattani P, Heda S, Parate S, Jahagirdar S",2025,BMJ Case Rep,10.1136/bcr-2025-268662,41173491,,,,18,10,e268662
R287,no,PubMed export,PubMed,Modified Vecchietti vaginoplasty using self-made single-port laparoscopy in Mayer-Rokitansky-Küster- Hauser syndrome,"Yang X, Liang J, Li W, Chen B, Sun X, Xie Z",2021,Fertil Steril,10.1016/j.fertnstert.2020.10.001,33461758,,,,116,1,266-268
R288,no,PubMed export,PubMed,The clinical features of patients who underwent bladder augmentation of cloacal exstrophy and their functional outcomes: the results of a nationwide survey in Japan,"Yano K, Sugita K, Kawano T, Murakami M, Harumatsu T, Onishi S, Yamada K, Muto M, Ieiri S, Kubota M",2023,Pediatr Surg Int,10.1007/s00383-023-05512-z,37436662,,,,39,1,232
R255,yes,PubMed export,PubMed,'It was Supposed to be a Secret': a study of disclosure and stigma as experienced by adults with differences of sex development,"Mediå LM, Fauske L, Sigurdardottir S, Feragen KJB, Heggeli C, Wæhre A",2022,Health Psychol Behav Med,10.1080/21642850.2022.2102018,35898596,,,,10,1,579-595
R075,yes,PubMed export,PubMed,Comparison of the modified laparoscopic Vecchietti and Davydov colpoplasty techniques in Mayer-Rokitansky-Küster-Hauser syndrome: A long-term follow-up analysis,"Yang X, Zhu L, Wang YJ, Tong B, Zhong S, Yang C, Liang J, Jin H, Xie Z",2022,J Obstet Gynaecol Res,10.1111/jog.15262,35460152,,,,48,7,1930-1937
R062,yes,PubMed export,PubMed,McIndoe Vaginoplasty in MRKHS: Case Report and Literature Review,"Shah NA, Yadav M, Verma S, Yadav D, Yadav AK, Ghimire A, Rijal H, Koirala P",2024,Clin Case Rep,10.1002/ccr3.70009,39687662,,,,12,12,e70009
R289,no,PubMed export,PubMed,Unanticipated diagnosis of Swyer syndrome: a case report,"Giri KP, Thapa S, Rawat R, Rouniyar S",2024,Ann Med Surg (Lond),10.1097/ms9.0000000000002535,39359820,,,,86,10,6293-6299
R005,yes,PubMed export,PubMed,Psychological and emotional profiles of Australian uterine transplant potential recipients: A comparison with international trials,"Gerstl B, Kehag E, Mallinder H, Baker T, Arulpragasam K, David C, Stone M, Fitzsimmons E, Hetherington K, Deans R",2025,Acta Obstet Gynecol Scand,10.1111/aogs.14974,39324432,,,,104,3,528-539
R043,yes,PubMed export,PubMed,Delayed presentation of Type I Mayer-Rokitansky-Küster-Hauser (MRKH) syndrome in a low- income setting: a case report,"Parajuli A, Upadhyay DR, Regmi P, Koirala RRP, Poudel B, Pandit C",2025,Ann Med Surg (Lond),10.1097/ms9.0000000000004472,41496995,,,,88,1,881-885
R290,no,PubMed export,PubMed,Case of mullerian agenesis presenting as bilateral inguinal hernia with left sided irreducibility in a 21 years old female: A rare case report,"Kumar A, Kumar A, Anwer M, Kumar D",2023,Int J Surg Case Rep,10.1016/j.ijscr.2023.107895,36680907,,,,103,,107895
R011,yes,PubMed export,PubMed,"""I felt like a woman"": A phenomenological qualitative study of disease-related experiences in Mayer- Rokitansky-Küster-Hauser syndrome (MRKH syndrome)","Güner P, Ulukaya T, Pehlivan Sarıbudak T",2025,J Health Psychol,10.1177/13591053241305941,40955819,,,,30,11,3137-3152
R119,yes,PubMed export,PubMed,Ischial Spinous Fascia Fixation for Dilated Neovaginal Prolapse in Mayer-Rokitansky-Küster-Hauser Syndrome-2 Case Reports,"Wang Y, Ren C, Bao X, Kang J, Ma Y, Zhu L",2022,J Pediatr Adolesc Gynecol,10.1016/j.jpag.2021.10.014,34742937,,,,35,3,396-399
R291,no,PubMed export,PubMed,Rectovaginal fistula in a patient with Mayer-Rokitansky-Kuster-Hauser syndrome,"Sandeep P, Shanthakumar S, Chalumuru VM, Ramesh D, Javali TD",2025,Urol Case Rep,10.1016/j.eucr.2025.103075,40502923,,,,61,,103075
R120,yes,PubMed export,PubMed,Postoperative outcomes of sigmoid colon vaginoplasty for vaginal agenesis: A randomized controlled trial,"Delshad S, Delshad B, Mogheimi P",2022,Ann Med Surg (Lond),10.1016/j.amsu.2022.103833,35734717,,,,78,,103833
R064,yes,PubMed export,PubMed,The long-term outcomes of vaginoplasty using acellular porcine small intestinal submucosa grafts in patients with Mayer-Rokitansky-Küster-Hauser syndrome: A case series,"Xu ZY, Li LX, Wang XG, Wang MX, Cao GJ, Chen BL, Liu SJ",2023,BJOG,10.1111/1471-0528.17388,36660801,,,,130,6,645-652
R292,no,PubMed export,PubMed,"Mayer-Rokitansky-Küster-Hauser syndrome with inguinal hernia, left renal fusion, and malrotation: a rare case","Li C, Yang H, Xiao H, Yan J",2025,Ther Adv Urol,10.1177/17562872251398912,41328177,,,,17,,17562872251398912
R293,no,PubMed export,PubMed,Clinical features of patients who underwent anoplasty for cloacal exstrophy and their functional outcomes: the results of a nationwide survey in Japan,"Sugita K, Harumatsu T, Kawano T, Muto M, Yano K, Onishi S, Ieiri S, Kubota M",2023,Pediatr Surg Int,10.1007/s00383-023-05403-3,36764963,,,,39,1,112
R037,yes,PubMed export,PubMed,Anatomical and Functional Evaluation of Modified Abbe-McIndoe Vaginoplasty at a Tertiary Care Hospital,"Sinha A, Amrita, Sinha M, Biswas P",2024,Niger J Clin Pract,10.4103/njcp.njcp_874_23,38842714,,,,27,5,643-646
R257,yes,PubMed export,PubMed,MAYER-ROKITANSKY-KUSTER- HAUSER SYNDROME,"Elgandashvili D, Kalantarov A, Gugeshashvili T",2024,LAPAROSCOPIC SIGMOID VAGINOPLASTY FOR THE TREATMENT OF VAGINAL AGENESIS - SINGLE CENTER EXPERIENCE IN GEORGIA. CASE REPORT. Georgian Med News,,39580840,,,,,,
R294,no,PubMed export,PubMed,"Unusual combination of acute aortic dissection, Mayer-Rokitansky-Küster-Hauser syndrome, and 46,XX gonadal dysgenesis: A case report","Zeng Y, Hu Y, Jiang B, Tan L, Tang H",2022,Front Cardiovasc Med,10.3389/fcvm.2022.1030160,36440024,,,,9,,1030160
R060,yes,PubMed export,PubMed,Long-term Results of Sexual Function and Body Image After Vaginoplasty With Acellular Dermal Matrix in Women With Mayer-Rokitansky-Küster-Hauser Syndrome,"Mao M, Zhang Y, Fu H, Wang Q, Bai J, Guo R",2024,J Minim Invasive Gynecol,10.1016/j.jmig.2023.10.003,37820829,,,,31,1,37-42
R208,yes,PubMed export,PubMed,Satisfactory Outcome of Various Novel Modified Laparoscopic Neovaginoplasty Using Autologous Peritoneal Graft,"Meutia AP, Ksyatria Y, Priyatini T, Hakim S, Djusad S, Moegni F, Hidayah GN, Harzif AK",2024,Gynecol Minim Invasive Ther,10.4103/gmit.gmit_33_23,38487607,,,,13,1,48-52
R295,no,PubMed export,PubMed,Vaginal Reconstruction in Patients with vaginal agenesis: Options and Outcome: A single-center experience,"Abrar S, Mohsin R, Zia-Ul-Islam",2023,Pak J Med Sci,10.12669/pjms.39.1.6356,36694730,,,,,,
R122,yes,PubMed export,PubMed,Comparing Anatomical and Functional Outcomes of Two Neovaginoplasty Techniques for Mayer-Rokitansky-Küster-Hauser Syndrome: A Ten-Year Retrospective Study with Swine Small Intestinal Submucosa and Homologous Skin Grafts,"Xu H, Hou S, Ruan Z, Liu J",2023,Ther Clin Risk Manag,10.2147/tcrm.s415672,37425345,,,,19,,557-565
R014,yes,PubMed export,PubMed,A life course perspective on Mayer- Rokitansky-Küster-Hauser syndrome: women's experiences and negotiations of living with an underdeveloped uterus and vagina,"Jensen AH, Herlin MK, Vogel I, Lou S",2024,Disabil Rehabil,10.1080/09638288.2023.2191014,36987844,,,,46,6,1130-1140
R089,yes,PubMed export,PubMed,"Comparison of Sheares vaginoplasty, vaginoplasty using acellular porcine small intestinal submucosa graft and laparoscopic peritoneal vaginoplasty in patients with Mayer-Rokitansky-Küster- Hauser syndrome","Zhou Q, Zhang X, Li Y, Hua K, Ding J",2023,Int Urogynecol J,10.1007/s00192-022-05163-z,35467139,,,,34,2,499-505
R296,no,PubMed export,PubMed,"Mutation analysis of WNT4 gene in SRY negative 46,XX DSD patients with Mullerian agenesis and/or gonadal dysgenesis- An Indian study","Ragitha TS, Sunish KS, Gilvaz S, Daniel S, Varghese PR, Raj S, Francis J, Suresh Kumar R",2023,Gene,10.1016/j.gene.2023.147236,36738897,,,,861,,147236
R020,yes,PubMed export,PubMed,Psychological evaluation of candidates for the uterus transplantation French trial,"Karpel L, Nicaise M, Carbonnel M, Le Marchand M, Racowsky C, Pirtea P, Ayoubi JM",2025,Acta Obstet Gynecol Scand,10.1111/aogs.15004,39737538,,,,104,3,522-527
R297,no,PubMed export,PubMed,'Distraction Vaginogenesis': Preliminary Results Using a Novel Method for Vaginal Canal Expansion in Rats,"Meyer H, Trosclair L, Clayton SD, O'Quin C, Connelly Z, Rieger R, Dao N, Alhaque A, Minagar A, White LA, Solitro G, Shah-Bruce M, Welch VL, Villalba S, Alexander JS, Sorrells D",2023,Bioengineering (Basel),10.3390/bioengineering10030351,36978742,,,,10,3,351
R032,yes,PubMed export,PubMed,From Avoidance to Empowerment: Coping Strategies in Women With Müllerian agenesis (MRKH) After McIndoe Reconstruction: A Descriptive Phenomenological Study,"Güner P, Ulukaya T",2026,J Pediatr Adolesc Gynecol,10.1016/j.jpag.2025.10.013,41151671,,,,39,1,101-108
R082,yes,PubMed export,PubMed,A New Ten-Step Surgical Approach to Mayer-Rokitansky-Küster-Hauser Syndrome-A Preliminary Report of Three Cases,"Varlas VN, Rhazi Y, Varlas RG, Ouzaher H, Rhazi B",2025,J Clin Med,10.3390/jcm14041136,40004667,,,,14,4,1136
R018,yes,PubMed export,PubMed,A Case of Chromosome 17q12 Deletion Syndrome with Type 2 Mayer-Rokitansky-Küster-Hauser Syndrome and Maturity-Onset Diabetes of the Young Type 5,"Lee R, Choi JE, Mun E, Kim KH, Choi SA, Kim HS",2024,Children (Basel),10.3390/children11040404,38671621,,,,11,4,404
R298,no,PubMed export,PubMed,An Atypical Cause of Primary Amenorrhea: A Case Report of Rare Vaginal Agenesis,"Petrykowski JP, Calise AC, Doyle RA, Hurd BJ",2023,Cureus,10.7759/cureus.34673,36909065,,,,15,2,e34673
R108,yes,PubMed export,PubMed,Neodymium Laser Treatment for Overactive Bladder and Vulvodynia in Mayer-Rokitansky-Küster-Hauser Syndrome Patient: A Case Report,"Okui N, Ikegami T, Erel CT",2024,Cureus,10.7759/cureus.53068,38283779,,,,16,1,e53068
R131,yes,PubMed export,PubMed,"The Effect of Psychosexual Education on Promoting Sexual Function, Genital Self-Image, and Sexual Distress among Women with Rokitansky Syndrome: A Randomized Controlled Clinical Trial","Vosoughi N, Maasoumi R, Haeri Mehrizi AA, Ghanbari Z",2022,J Pediatr Adolesc Gynecol,10.1016/j.jpag.2021.06.008,34271197,,,,35,1,73-81
R299,no,PubMed export,PubMed,"A Rare Case of Lung Hypoplasia, Cardiac Anomalies and Ovarian Tumour in a Patient with Mayer- Rokitansky-Küster-Hauser Syndrome","Upadhya P, Arpitha A, Sivaselvi C, Papa D, Vignesh K",2023,Sultan Qaboos Univ Med J,10.18295/squmj.1.2023.012,38090232,,,,23,4,556-559
R300,no,PubMed export,PubMed,Successful Use of Acellular Small Intestinal Submucosa Graft in Vaginal Reconstruction,"Papastefan ST, Collins SA, Mueller MG, Geynisman-Tan J, Reynolds M, Cheng EY, Yerkes EB, Grabowski JE",2024,J Pediatr Surg,10.1016/j.jpedsurg.2023.08.021,37802758,,,,59,1,124-128
R149,yes,PubMed export,PubMed,"The Missing Uterus, the Missed Diagnosis, and the Missing Care","Hatim H, Zainuddin AA, Anizah A, Kalok A, Daud TIM, Ismail A, Nurazurah AG, Grover S",2021,Mayer- Rokitansky-Küster-Hauser Syndrome in the Lives of Women in Malaysia. J Pediatr Adolesc Gynecol,10.1016/j.jpag.2020.11.009,33189898,,,,34,2,161-167
R010,yes,PubMed export,PubMed,Illness experience and (unmet) needs of women with Mayer- Rokitansky-Küster-Hauser Syndrome (MRKH): a qualitative analysis of an online forum,"Di Mattei VE, Taranto P, Perego G, Caneva M, Parma M, Fontana E, Candiani M, Montali L",2026,Psychol Health,10.1080/08870446.2024.2390647,39135440,,,,41,1,53-75
R052,yes,PubMed export,PubMed,Psychiatric Comorbidities in Women With Complete Androgen Insensitivity Syndrome or Müllerian Duct Aplasia/Agenesis,"Sorouri Khorashad B, Kaabi O, Gardner MD, Getahun D, Goodman M, Lash TL, Lee PA, McCracken C, May J, Muzik M, Vupputuri S, Yacoub R, Sandberg DE",2025,J Clin Endocrinol Metab,10.1210/clinem/dgae720,39391975,,,,110,7,1906-1914
R301,no,PubMed export,PubMed,New neovagina-creating technique on the basis of a fasciocutaneous flap for Müllerian agenesis,"Uccella S, Galli L, Vigato E, D'Alessio C, Di Paola R, Garzon S, Ercoli A",2024,Fertil Steril,10.1016/j.fertnstert.2024.03.022,38554765,,,,122,2,382-384
R302,no,PubMed export,PubMed,Modified Davydov Neovaginoplasty in Patients With Mayer-Rokitansky-Kuster-Hauser Syndrome: Outcomes From an Extensive Surgical Experience,"Benini V, Parma M, Grecchi G, Candotti G, Girardelli S, Ferrari S, Salvatore S, Candiani M",2026,J Minim Invasive Gynecol,10.1016/j.jmig.2026.01.022,41529741,,,,,,
R303,no,PubMed export,PubMed,Alternative Biological Material for Tissue Engineering of the Vagina: Porcine-Derived Acellular Vaginal Matrix,"Tian Y, Liu Y, Xiao Y, Li Z, Zhang M, Chen L, Li Z, Zhang W, Zhang Z, Kong D, Meng L, Du Y, Zhang J, Gao J, Huang X",2024,Tissue Eng Regen Med,10.1007/s13770-023-00604-2,37947984,,,,21,2,277-290
R026,yes,PubMed export,PubMed,"Sexual, relational, and psychological functioning in male partners of women with reported Mayer- Rokitansky-Küster-Hauser syndrome-a case-control study","Bleijenberg F, Weijenborg PTM, Kluivers KB, Both S",2025,Hum Reprod,10.1093/humrep/deae288,39731782,,,,40,2,335-342
R304,no,PubMed export,PubMed,A rare case of multiple leiomyomas on rudimentary uterus in a woman with Mayer Rokitansky Kuster Hauser (MRKH) syndrome: A challenging diagnosis and laparoscopic approach,"Harzif AK, Ambalagen S, Charilda FE, Mutia HD",2021,Int J Surg Case Rep,10.1016/j.ijscr.2021.105711,33714897,,,,81,,105711
R305,no,PubMed export,PubMed,A case of neovagina surgical creation using the uterine cervix remnant in a patient with Mayer-Rokitansky- Küster-Hauser syndrome,"Medvediev M, Spesyvtsev D, Pokrovenko D",2021,Fertil Steril,10.1016/j.fertnstert.2021.06.030,34330430,,,,116,5,1420-1422
R112,yes,PubMed export,PubMed,International Experiences with Vaginal Lengthening Treatment Among Individuals with Müllerian Agenesis: A Mixed-Methods Study,"Pennesi CM, Berkeley J, Lossie AC, Quint EH, Zieman KD, Carroll S",2023,J Pediatr Adolesc Gynecol,10.1016/j.jpag.2023.05.004,37182810,,,,36,5,476-483
R306,no,PubMed export,PubMed,Laparoscopic Vaginoplasty Procedure Using a Modified Peritoneal Pull-Down Technique with Uterine Strand Incision in Patients with Mayer-Rokitansky-Küster-Hauser Syndrome: Kisu Modification,"Kisu I, Iida M, Nakamura K, Banno K, Shiraishi T, Tokuoka A, Yamaguchi K, Tanaka K, Iijima M, Senba H, Matsuda K, Hirao N",2021,J Clin Med,10.3390/jcm10235510,34884214,,,,10,23,5510
R077,yes,PubMed export,PubMed,A rare case: Neovagina creation using McIndoe technique and total surgical approach in a patient with Mayer-Rokitansky-Küster- Hauser syndrome,"Sevinç K, Kulhan M, Çelik Ç",2024,Eur J Obstet Gynecol Reprod Biol,10.1016/j.ejogrb.2024.09.009,39288503,,,,302,,173-176
R240,yes,PubMed export,PubMed,Letter to the Editor: Sexuality After Laparoscopic-Assisted Davydov's Neovaginoplasty in Mayer-Rokitansky-Küster-Hauser Syndrome,Habek D,2023,J Obstet Gynaecol Can,10.1016/j.jogc.2022.08.019,36925222,,,,45,2,112-113
R307,no,PubMed export,PubMed,A rare case report of vaginoplasty using amnion graft in an Afghan woman with Mayer-Rokitansky-Küster- Hauser syndrome: A first report in Afghanistan,"Mohammady N, Wali F, Rezaie F, Haidary M, Mousavi SH",2023,Int J Surg Case Rep,10.1016/j.ijscr.2023.108206,37080149,,,,106,,108206
R106,yes,PubMed export,PubMed,Laparoscopic proximal neovaginoplasty using autologous peritoneal graft to correct short vagina,"Meutia AP, Kouwagam AD, Djusad S, Hakim S, Priyatini T, Harzif AK",2023,Int J Surg Case Rep,10.1016/j.ijscr.2023.108157,37099989,,,,106,,108157
R308,no,PubMed export,PubMed,Qualitative Assessment of Provider Approaches to Dilation after Vaginoplasty,"Spence C, Beauregard H, Boskey ER, Grimstad FW",2025,J Pediatr Adolesc Gynecol,10.1016/j.jpag.2024.11.006,39645142,,,,38,3,403-408
R042,yes,PubMed export,PubMed,An Overview of Vaginoplasty Techniques: Spotlight on the Efficacy of the Horseshoe Labia Minora Flap,"Begum R, Philip M, Kandasamy M, Shanmugam S, Muthachari S",2025,Indian J Plast Surg,10.1055/s-0045-1809412,41480303,,,,58,6,454-462
R309,no,PubMed export,PubMed,Urinary retention unveiling deeply embedded multiple leiomyomas in women with Mayer-Rokitansky- Kuster-Hauser syndrome and its successful laparoscopic management: a case-report and literature review,"Jain N, Kriplani I, Sharma S, Hanumantaiya S, Kriplani A",2022,J Surg Case Rep,10.1093/jscr/rjac291,35721263,,,,2022,6,rjac291
R310,no,PubMed export,PubMed,Vaginoplasty: modified McIndoe using xenograft and a tailored 3D-printer mold,"Pavan LI, Bourguignon GA, Ubertazzi EP",2021,Int Urogynecol J,10.1007/s00192-021-04689-y,33661320,,,,32,8,2283-2285
R069,yes,PubMed export,PubMed,Fabrication of Hollow Acrylic Vaginal Stents Using Frozen Coconut Oil for Vaginal Agenesis Management,"Gorripati JP, Dubey SA, Nimonkar S, Priya M",2024,Cureus,10.7759/cureus.60512,38883068,,,,16,5,e60512
R041,yes,PubMed export,PubMed,A rare case of Mayer-Rokitansky- Küster-Hauser syndrome presenting with primary amenorrhea and chronic headaches: a case report,"Shah AK, Jha A, Shah A, Shah A, Mandal S",2026,Int J Surg Case Rep,10.1097/rc9.0000000000000050,41815999,,,,138,1,79-85
R311,no,PubMed export,PubMed,The robotic-assisted free jejunal flap for neovaginal canal creation in gender-affirming vaginoplasties,"Del Corral GA, Chang BL, Lava CX, Li KR, Lisle DM",2024,Microsurgery,10.1002/micr.31202,38887138,,,,44,5,e31202
R001,yes,PubMed export,PubMed,Psychological well-being of women with uterine infertility before considering uterus transplantation as a treatment option,"Pittman J, Gerstl B, Walch A, Lotz M, Deans R, Morrison N",2025,Aust N Z J Obstet Gynaecol,10.1111/ajo.13895,39530245,,,,65,2,263-268
R312,no,PubMed export,PubMed,New Laparoscopic Vaginoplasty Procedure With a Modified Peritoneal Pull-Down Technique in Four Patients With Mayer-Rokitansky-Küster-Hauser Syndrome,"Kisu I, Ito M, Nakamura K, Shiraishi T, Iijima T, Senba H, Matsuda K, Hirao N",2021,J Pediatr Adolesc Gynecol,10.1016/j.jpag.2021.02.099,33607276,,,,34,4,569-572
R313,no,PubMed export,PubMed,Ovarian inguinal hernia - a possibility in MURCS syndrome,"Saini R, Bains L, Kaur T, Lal P, Pal V, Beg MY, Kaur D",2021,J Ovarian Res,10.1186/s13048-021-00869-y,34474687,,,,14,1,114
R314,no,PubMed export,PubMed,[Adolescent female reproductive system dysplasia: a clinical study of 356 cases],"Xu JL, Wang YP, Zhang X, Liu W, Huang XF, Li JQ",2024,Zhonghua Fu Chan Ke Za Zhi,10.3760/cma.j.cn112141-20240209-00089,38797565,,Chinese,,59,5,360-367
R315,no,PubMed export,PubMed,Ovotesticular Disorder of Sex Development in Korean Children: A Single-Center Analysis over a 30-Year Period,"Kim HI, Lee I, Kim SH, Lee YS, Han SW, Yun BH",2021,J Pediatr Adolesc Gynecol,10.1016/j.jpag.2021.02.105,33667640,,,,34,5,626-630
R029,yes,PubMed export,PubMed,Addressing complicated vesicovaginal fistula post-intercourse in MRKH: the critical imperative for comprehensive sex education and awareness,"Shubhankar G, Mittal A, Panwar VK, Singh DK",2026,Sex Med,10.1093/sexmed/qfae076,41836605,,,,14,2,qfae076
R316,no,PubMed export,PubMed,Varied presentation of female external genitalia - a record analysis,"Manjunath KN, Nagwani P, Sanmati P, Venkatesh MS, S SC",2025,Acta Chir Plast,10.48095/ccachp202599,40967892,,,,67,2,99-105
R317,no,PubMed export,PubMed,"Unraveling the etiology of primary amenorrhea: Insights from a tertiary care center in Peshawar, Pakistan","Samad A, Bangash AG, Naz T",2025,Pak J Med Sci,10.12669/pjms.41.3.11199,40103879,,,,41,3,872-875
R318,no,PubMed export,PubMed,Stenosis of Sigmoid Neovagina with Subsequent Pelvic Infection and Surgical Excision,"King T, Abam C, Trautner E, Trieu E, Ramirez-Caban L",2025,J Pediatr Adolesc Gynecol,10.1016/j.jpag.2025.04.008,40316006,,,,38,5,640-643
R319,no,PubMed export,PubMed,Surgical Video Tutorial: Treatment of Congenital Vaginal Agenesis: Laparoscopic Modified Davydov in 8 Steps,"Vermel M, Wehr M, Schwaab T, Lecointre L, Host A, Faller E, Akladios C, Garbin O",2021,J Minim Invasive Gynecol,10.1016/j.jmig.2021.02.003,33556582,,,,28,9,1564
R028,yes,PubMed export,PubMed,Long- term outcomes for women after dilator therapy with or without surgery in the creation of a neovagina,"Koh YY, Gerstl B, Sit A, Heller-Boersma J, Koch J, Juan YP, Deans R",2025,Aust N Z J Obstet Gynaecol,10.1111/ajo.13899,39582400,,,,65,2,277-286
R320,no,PubMed export,PubMed,"Prevalence, clinical profile, and associated anomalies with women with Mayer-Rokitansky-Küster-Hauser syndrome in a tertiary care center: A cross-sectional study","Vency B, Kumari M, Ebenezer ED, Varghese L, Kumari P",2026,Int J Gynaecol Obstet,10.1002/ijgo.70825,41636313,,,,,,
R321,no,PubMed export,PubMed,A Rare Cause of Primary Amenorrhea in Adolescence: A Case Report,"Rodrigues A, Torres L, Salgueiro R, González I, Oliveira RS",2025,Cureus,10.7759/cureus.89760,40937261,,,,17,8,e89760
R322,no,PubMed export,PubMed,Laparoscopic Management of Cervical Agenesis: A Rare Case Report,"Crofts VL, Moussaoui D, Yaron M, Dubuisson J",2026,J Minim Invasive Gynecol,10.1016/j.jmig.2025.08.008,40850641,,,,33,4,370-371
R044,yes,PubMed export,PubMed,Feasibility of Nurse Practitioner Led Vaginal Dilation Therapy: A Retrospective Brief Report,"Raffé-Devine J, Sachedina A, Ollivier R, Prodan-Bhalla N, Todd N",2026,J Pediatr Adolesc Gynecol,10.1016/j.jpag.2026.02.003,41672233,,,,,,
R323,no,PubMed export,PubMed,Unilateral Inguinal Swelling in a Young Female: An Unusual Presentation of MURCS,"Kaur N, Satija B, Mahal S, Arora S",2025,J Hum Reprod Sci,10.4103/jhrs.jhrs_190_24,40342880,,,,,,
R324,no,PubMed export,PubMed,Combined Vaginal and Laparoscopic Approach for the Creation of Neovagina in a Patient Affected by Mayer-Rokitansky-Küster-Hauser Syndrome: An Innovative Surgical Treatment,"Giampaolino P, Dell'Aquila M, Bifulco G, Schonauer F",2026,J Minim Invasive Gynecol,10.1016/j.jmig.2025.07.008,40683462,,,,33,3,256
R006,yes,PubMed export,PubMed,Case Report: From absolute uterine factor infertility (AUI) to motherhood: the crucial role of psychosocial assessment in the first Italian uterus transplantation case,"Pistorio ML, De Pasquale C, Veroux M, Giaquinta A, Giambra MM, Grasso A, Scollo P, Quattropani MCA, Veroux P",2026,Front Psychol,10.3389/fpsyg.2025.1713821,41602703,,,,16,,1713821
