"Authors","Author full names","Author(s) ID","Title","Year","Source title","Volume","Issue","Art. No.","Page start","Page end","Cited by","DOI","Link","Document Type","Publication Stage","Open Access","Source","EID"
"Pecorino B.; Scibilia G.; Ferrara M.; Veroux P.; Mereu L.; Serretti A.; Scollo P.","Pecorino, Basilio (57006602900); Scibilia, Giuseppe (7003621922); Ferrara, Martina (57218225441); Veroux, Pierfrancesco (7004372833); Mereu, Liliana (22835734600); Serretti, Alessandro (55141874600); Scollo, Paolo (57006505100)","57006602900; 7003621922; 57218225441; 7004372833; 22835734600; 55141874600; 57006505100","Psychological impact of neovagina creation and uterus transplantation in the patients affected from Mayer–Rokitanski–Kuster–Hauser syndrome: A narrative review","2024","European Journal of Obstetrics and Gynecology and Reproductive Biology","302","","","356","361","0","10.1016/j.ejogrb.2024.09.041","https://www.scopus.com/inward/record.uri?eid=2-s2.0-85205932720&doi=10.1016%2Fj.ejogrb.2024.09.041&partnerID=40&md5=44f8c94c4ef64d82289f8f89aefee3e0","Review","Final","","Scopus","2-s2.0-85205932720"
"Piróg M.; Bednarczyk M.; Barabasz K.; Kacalska-Janssen O.; Jach R.","Piróg, Magdalena (57189320610); Bednarczyk, Magdalena (57195520459); Barabasz, Katarzyna (59411206400); Kacalska-Janssen, Olga (52663783400); Jach, Robert (19835722000)","57189320610; 57195520459; 59411206400; 52663783400; 19835722000","Davydov-Moore vaginoplasty in Mayer-Rokitansky-Küster-Hauser syndrome: sexual and surgical outcomes","2025","Archives of Gynecology and Obstetrics","312","1","","119","124","1","10.1007/s00404-024-07830-6","https://www.scopus.com/inward/record.uri?eid=2-s2.0-85209126314&doi=10.1007%2Fs00404-024-07830-6&partnerID=40&md5=4a7d1f6bd683504e14a8ffaf76966769","Article","Final","All Open Access; Green Open Access; Hybrid Gold Open Access","Scopus","2-s2.0-85209126314"
"Gigante Gomes T.; Agostinho M.; Cardoso M.C.; Nunes da Costa J.; Matias J.","Gigante Gomes, Tatiana (57222624109); Agostinho, Mariana (57725808800); Cardoso, Mariana Conceição (57020875800); Nunes da Costa, João (56394370900); Matias, Júlio (7005134929)","57222624109; 57725808800; 57020875800; 56394370900; 7005134929","Xcm biologic tissue matrix xenograft and autologous micromucosa graft for vaginal reconstruction in mayer-rokitansky-küster-hauser syndrome","2022","Archives of Plastic Surgery","48","2","","185","188","7","10.5999/aps.2020.00556","https://www.scopus.com/inward/record.uri?eid=2-s2.0-85103498174&doi=10.5999%2Faps.2020.00556&partnerID=40&md5=3ff52488ef18e8601cb2a4f6d2b62e8a","Article","Final","All Open Access; Gold Open Access; Green Open Access","Scopus","2-s2.0-85103498174"
"Davoudian T.; Hills E.","Davoudian, Teni (57190184132); Hills, Emily (59756134400)","57190184132; 59756134400","The need to integrate mental health treatment into the care of Mayer–Rokitansky–Küster–Hauser","2025","F and S Reports","6","2","","116","119","0","10.1016/j.xfre.2025.03.008","https://www.scopus.com/inward/record.uri?eid=2-s2.0-105003675511&doi=10.1016%2Fj.xfre.2025.03.008&partnerID=40&md5=0e543e0e607104a61c6774f33bde6ac9","Short survey","Final","All Open Access; Gold Open Access; Green Open Access","Scopus","2-s2.0-105003675511"
"Wang Y.-Y.; Duan H.; Zhang X.-N.; Wang S.","Wang, Yi-yi (57212092711); Duan, Hua (7102630438); Zhang, Xiang-ning (35202710000); Wang, Sha (56294268400)","57212092711; 7102630438; 35202710000; 56294268400","Neovagina Creation: A Novel Improved Laparoscopic Vecchietti Procedure in Patients with Mayer-Rokitansky-Küster-Hauster Syndrome","2021","Journal of Minimally Invasive Gynecology","28","1","","82","92","10","10.1016/j.jmig.2020.04.006","https://www.scopus.com/inward/record.uri?eid=2-s2.0-85084241062&doi=10.1016%2Fj.jmig.2020.04.006&partnerID=40&md5=9db757c4eaac1f1fc33e46ffaf693248","Article","Final","","Scopus","2-s2.0-85084241062"
"Romo N.Y.U.; Escobar N.A.S.; Sánchez M.I.S.","Romo, Nancy Yolanda Urbina (58785437800); Escobar, Nicole Ahily Serrano (59012371300); Sánchez, María Ilusión Solís (59010034800)","58785437800; 59012371300; 59010034800","Interpretation of Mayer-Rokitansky-Küster-Hauser syndrome by systematic literature review; [Interpretación del síndrome de Mayer-Rokitansky-Küster-Hauser mediante revisión bibliográfica sistemática]","2024","Salud, Ciencia y Tecnologia","4","","930","","","0","10.56294/saludcyt2024930","https://www.scopus.com/inward/record.uri?eid=2-s2.0-85191970979&doi=10.56294%2Fsaludcyt2024930&partnerID=40&md5=c84fa072c61339f282810e68fd4d98db","Review","Final","All Open Access; Gold Open Access","Scopus","2-s2.0-85191970979"
"Pennesi C.M.; English E.M.; Bell S.; Lossie A.C.; Quint E.H.; Swenson C.W.","Pennesi, Christine M. (57203432510); English, Emily M. (57195929704); Bell, Sarah (57207107646); Lossie, Amy C. (60051756700); Quint, Elisabeth H. (35581554100); Swenson, Carolyn W. (56182895900)","57203432510; 57195929704; 57207107646; 60051756700; 35581554100; 56182895900","Prevalence of urinary, prolapse, and bowel symptoms in Mayer-Rokitansky-Küster-Hauser syndrome","2021","American Journal of Obstetrics and Gynecology","225","1","","70.e1","70.e12","10","10.1016/j.ajog.2021.02.020","https://www.scopus.com/inward/record.uri?eid=2-s2.0-85103308330&doi=10.1016%2Fj.ajog.2021.02.020&partnerID=40&md5=e6b44add3600c4416a4ed86b49256b34","Article","Final","","Scopus","2-s2.0-85103308330"
"Williams C.E.","Williams, Cara E. (7406216141)","7406216141","Primary amenorrhoea","2021","Obstetrics, Gynaecology and Reproductive Medicine","31","5","","144","149","0","10.1016/j.ogrm.2021.03.006","https://www.scopus.com/inward/record.uri?eid=2-s2.0-85105468548&doi=10.1016%2Fj.ogrm.2021.03.006&partnerID=40&md5=46a6fb94c25233d60dfa5d352253b39b","Review","Final","","Scopus","2-s2.0-85105468548"
"Pistorio M.L.; De Pasquale C.; Veroux M.; Giaquinta A.; Giambra M.M.; Grasso A.; Scollo P.; Quattropani M.C.A.; Veroux P.","Pistorio, Maria Luisa (36134794100); De Pasquale, Concetta (55358384100); Veroux, Massimiliano (7003920425); Giaquinta, Alessia (24478646300); Giambra, Martina Maria (58184592100); Grasso, Antonino (60264422300); Scollo, Paolo (57006505100); Quattropani, Maria Catena Ausilia (55294049100); Veroux, Pierfrancesco (7004372833)","36134794100; 55358384100; 7003920425; 24478646300; 58184592100; 60264422300; 57006505100; 55294049100; 7004372833","Case Report: From absolute uterine factor infertility (AUI) to motherhood: the crucial role of psychosocial assessment in the first Italian uterus transplantation case","2026","Frontiers in Psychology","16","","1713821","","","0","10.3389/fpsyg.2025.1713821","https://www.scopus.com/inward/record.uri?eid=2-s2.0-105028408921&doi=10.3389%2Ffpsyg.2025.1713821&partnerID=40&md5=0bd9a71c1c92edb8de80b4185a14c71f","Article","Final","All Open Access; Gold Open Access; Green Open Access","Scopus","2-s2.0-105028408921"
"Lei X.-H.; Wang X.; Shao S.-Y.; Hua K.-Q.; Zhang Y.","Lei, Xiao-hong (57226521710); Wang, Xiao (57828976900); Shao, Shu-yi (57226522612); Hua, Ke-qin (57203187482); Zhang, Ying (56843646900)","57226521710; 57828976900; 57226522612; 57203187482; 56843646900","Self-esteem, depression, anxiety and sexual function in Mayer-Rokitansky-Küster-Hauser syndrome with neovagina: A case series","2024","European Journal of Obstetrics and Gynecology and Reproductive Biology","298","","","85","90","3","10.1016/j.ejogrb.2024.04.027","https://www.scopus.com/inward/record.uri?eid=2-s2.0-85192503084&doi=10.1016%2Fj.ejogrb.2024.04.027&partnerID=40&md5=cf508941a9dca2474c60215ffae127c0","Article","Final","","Scopus","2-s2.0-85192503084"
"Beisert M.J.; Chodecka A.M.; Walczyk-Matyja K.; Szymańska-Pytlińska M.E.; Kȩdzia W.; Kapczuk K.","Beisert, Maria J. (36553977000); Chodecka, Aleksandra M. (24329487900); Walczyk-Matyja, Katarzyna (24391574800); Szymańska-Pytlińska, Marta E. (57035449600); Kȩdzia, Witold (19635531200); Kapczuk, Karina (6508236028)","36553977000; 24329487900; 24391574800; 57035449600; 19635531200; 6508236028","Psychological correlates of sexual self-esteem in young women with Mayer-Rokitansky-Küster-Hauser syndrome","2022","Current Issues in Personality Psychology","10","4","","333","342","4","10.5114/cipp.2022.114044","https://www.scopus.com/inward/record.uri?eid=2-s2.0-85145744993&doi=10.5114%2Fcipp.2022.114044&partnerID=40&md5=5736c02df3ba1ab4fa6cae0628f738f3","Article","Final","All Open Access; Gold Open Access; Green Open Access","Scopus","2-s2.0-85145744993"
"Panwar V.K.; Heda A.; Singh G.; Bahadur A.","Panwar, Vikas Kumar (57189224061); Heda, Ayush (57896283000); Singh, Gupchee (59532178200); Bahadur, Anupama (23491614900)","57189224061; 57896283000; 59532178200; 23491614900","Pioneering robotic-assisted Davydov vaginoplasty for Mayer-Rokitansky-Küster-Hauser syndrome","2025","BMJ Case Reports ","18","1","e262794","","","1","10.1136/bcr-2024-262794","https://www.scopus.com/inward/record.uri?eid=2-s2.0-85216233419&doi=10.1136%2Fbcr-2024-262794&partnerID=40&md5=fc818b03dbeb82825b593ddc542dbb6e","Article","Final","","Scopus","2-s2.0-85216233419"
"Zhang D.; Li H.","Zhang, Di (59774893000); Li, Hua (57847852300)","59774893000; 57847852300","Epidemiology, etiology and treatment of female vaginal injury","2025","Reproductive Health ","22","1","65","","","2","10.1186/s12978-025-02017-x","https://www.scopus.com/inward/record.uri?eid=2-s2.0-105004347592&doi=10.1186%2Fs12978-025-02017-x&partnerID=40&md5=66f45cd03217e7582976419602d8c264","Review","Final","All Open Access; Gold Open Access; Green Open Access","Scopus","2-s2.0-105004347592"
"Chmel R.; Novackova M.; Pastor Z.","Chmel, Roman (6602875181); Novackova, Marta (6602412989); Pastor, Zlatko (6508161045)","6602875181; 6602412989; 6508161045","Lessons learned from the Czech uterus transplant trial related to surgical technique that may affect reproductive success","2020","Australian and New Zealand Journal of Obstetrics and Gynaecology","60","4","","625","627","12","10.1111/ajo.13184","https://www.scopus.com/inward/record.uri?eid=2-s2.0-85087288544&doi=10.1111%2Fajo.13184&partnerID=40&md5=06664b2fb051ddc06053e24749ad582c","Article","Final","","Scopus","2-s2.0-85087288544"
"Chen N.; Song S.; Duan Y.; Kang J.; Deng S.; Pan H.; Zhu L.","Chen, Na (36866119600); Song, Shuang (57215384853); Duan, Yanping (57194330254); Kang, Jia (57200554906); Deng, Shan (56607690500); Pan, Hongxin (57188820108); Zhu, Lan (57207922929)","36866119600; 57215384853; 57194330254; 57200554906; 56607690500; 57188820108; 57207922929","Study on depressive symptoms in patients with Mayer-Rokitansky-Küster-Hauser syndrome: An analysis of 141 cases","2020","Orphanet Journal of Rare Diseases","15","1","121","","","27","10.1186/s13023-020-01405-9","https://www.scopus.com/inward/record.uri?eid=2-s2.0-85085460091&doi=10.1186%2Fs13023-020-01405-9&partnerID=40&md5=c22b51459c1168298a17d0557ced5318","Article","Final","All Open Access; Gold Open Access; Green Open Access","Scopus","2-s2.0-85085460091"
"Khairudin K.B.; Nik Mhd Nor N.S.; Childs J.F.; Loh Sweet Yi E.; Abdul Ghani N.A.; Shah S.A.; Mohd Daud T.I.; Zainuddin A.A.","Khairudin, Khailiyana Binti (60400311000); Nik Mhd Nor, Nik Sumayyah (57999136200); Childs, Jazebelle Faith (60400580800); Loh Sweet Yi, Esther (60400792400); Abdul Ghani, Nur Azurah (60389803400); Shah, Shamsul Azhar (15746600500); Mohd Daud, Tuti Iryani (57223908622); Zainuddin, Ani Amelia (26024565900)","60400311000; 57999136200; 60400580800; 60400792400; 60389803400; 15746600500; 57223908622; 26024565900","Prevalence of Anxiety and Depression in Women with Mayer-Rokitansky-Kϋster-Hauser (MRKH) Syndrome in Malaysia","2025","Journal of Pediatric and Adolescent Gynecology","","","","","","0","10.1016/j.jpag.2025.11.005","https://www.scopus.com/inward/record.uri?eid=2-s2.0-105030241676&doi=10.1016%2Fj.jpag.2025.11.005&partnerID=40&md5=fee24fd52874c24d800de3e5da6537c3","Article","Article in press","","Scopus","2-s2.0-105030241676"
"Meutia A.P.; Ksyatria Y.; Priyatini T.; Hakim S.; Djusad S.; Moegni F.; Hidayah G.N.; Harzif A.K.","Meutia, Alfa Putri (57203368133); Ksyatria, Yudhistya (58908734700); Priyatini, Tyas (57192265423); Hakim, Surahman (57192276095); Djusad, Suskhan (57192276788); Moegni, Fernandi (55450456100); Hidayah, Gita Nurul (57222671850); Harzif, Achmad Kemal (57191493435)","57203368133; 58908734700; 57192265423; 57192276095; 57192276788; 55450456100; 57222671850; 57191493435","Satisfactory Outcome of Various Novel Modified Laparoscopic Neovaginoplasty Using Autologous Peritoneal Graft","2024","Gynecology and Minimally Invasive Therapy","13","1","","48","52","2","10.4103/gmit.gmit_33_23","https://www.scopus.com/inward/record.uri?eid=2-s2.0-85186074574&doi=10.4103%2Fgmit.gmit_33_23&partnerID=40&md5=57615545e812b70a4d64845ffb65d8a3","Article","Final","All Open Access; Gold Open Access; Green Open Access","Scopus","2-s2.0-85186074574"
"Gattani P.; Heda S.; Parate S.; Jahagirdar S.","Gattani, Preeti (59415171800); Heda, Sakshi (59135833800); Parate, Smita (60168049700); Jahagirdar, Sameer (60168126600)","59415171800; 59135833800; 60168049700; 60168126600","Vaginal agenesis in MRKH syndrome: integrating surgical technique with long-term psychosexual support","2025","BMJ Case Reports ","18","10","e268662","","","0","10.1136/bcr-2025-268662","https://www.scopus.com/inward/record.uri?eid=2-s2.0-105020651665&doi=10.1136%2Fbcr-2025-268662&partnerID=40&md5=8ef02a616da7058d0ddfb54a780efab7","Article","Final","","Scopus","2-s2.0-105020651665"
"Athawale H.R.; Inayat L.; Bhatt V.; Tiwari A.; Mane S.; Reddy S.","Athawale, Hemangi Ramchandra (55884043100); Inayat, Lamia (60332973700); Bhatt, Viral (60332668000); Tiwari, Avantika (60332973800); Mane, Shivaji (14050493900); Reddy, Suyodhan (35100978600)","55884043100; 60332973700; 60332668000; 60332973800; 14050493900; 35100978600","Application of Yang-Monti’s Principle as Part of Reconstructive Procedures for Complex Pediatric Surgical Cases: A Single-center Study Case Series","2026","Journal of Indian Association of Pediatric Surgeons","31","1","","35","41","0","10.4103/jiaps.jiaps_92_25","https://www.scopus.com/inward/record.uri?eid=2-s2.0-105027460177&doi=10.4103%2Fjiaps.jiaps_92_25&partnerID=40&md5=16a824309ca993b3ffaf1e16513428c5","Article","Final","All Open Access; Gold Open Access; Green Open Access","Scopus","2-s2.0-105027460177"
"Kang J.; Chen N.; Song S.; Zhang Y.; Ma C.; Ma Y.; Zhu L.","Kang, Jia (57200554906); Chen, Na (36866119600); Song, Shuang (57215384853); Zhang, Ye (57200799343); Ma, Congcong (57216186236); Ma, Yidi (57205672165); Zhu, Lan (57207922929)","57200554906; 36866119600; 57215384853; 57200799343; 57216186236; 57205672165; 57207922929","Sexual function and quality of life after the creation of a neovagina in women with Mayer-Rokitansky-Küster-Hauser syndrome: comparison of vaginal dilation and surgical procedures","2020","Fertility and Sterility","113","5","","1024","1031","31","10.1016/j.fertnstert.2020.01.017","https://www.scopus.com/inward/record.uri?eid=2-s2.0-85084209053&doi=10.1016%2Fj.fertnstert.2020.01.017&partnerID=40&md5=b7d3870eeaad4d595f8b9f0ecf48ae22","Article","Final","","Scopus","2-s2.0-85084209053"
"Delshad S.; Delshad B.; Taheri S.; Yadegari K.; Khoshnam-Rad M.","Delshad, Salahedin (57729377200); Delshad, Balal (57729531300); Taheri, Soghra (59154745500); Yadegari, Kajal (59154745600); Khoshnam-Rad, Mahsa (57193327451)","57729377200; 57729531300; 59154745500; 59154745600; 57193327451","Examining the Results of Vaginoplasty Surgery Using Sigmoid Graft in the Treatment of Vaginal Agenesis, A Retrospective Cohort Study; [:بزرسی نتایج عمل جزاحی واصینوپلاستی با استفاده اس گزفت سیگموئید در درمان آصنشی واصن: یک مطالعه ی کوهورت گذشته نگز]","2024","Journal of Isfahan Medical School","42","755","","50","57","0","10.48305/jims.v42.i755.0050","https://www.scopus.com/inward/record.uri?eid=2-s2.0-85195047674&doi=10.48305%2Fjims.v42.i755.0050&partnerID=40&md5=42c1732d03b1c3ce43d2b4b24d8722e1","Article","Final","","Scopus","2-s2.0-85195047674"
"Schall K.; Parks M.; Nemivant S.; Hernandez J.; Weidler E.M.","Schall, Kathy (56843054200); Parks, Melissa (57211021415); Nemivant, Samantha (57211019964); Hernandez, Janett (57209283262); Weidler, Erica M. (26424158700)","56843054200; 57211021415; 57211019964; 57209283262; 26424158700","Pelvic pain in patients with complex mullerian anomalies including Mayer–Rokitansky–Kuster–Hauser syndrome (MRKH), obstructed hemi-vagina ipsilateral renal anomaly (OHVIRA), and complex cloaca","2019","Seminars in Pediatric Surgery","28","5","150842","","","9","10.1016/j.sempedsurg.2019.150842","https://www.scopus.com/inward/record.uri?eid=2-s2.0-85072296306&doi=10.1016%2Fj.sempedsurg.2019.150842&partnerID=40&md5=adcf5e3a05d9bf7448db116f64a0f4b5","Article","Final","","Scopus","2-s2.0-85072296306"
"Tan H.K.; Kee T.Y.S.; Tan B.K.; Dahm-Kähler P.; Kvarnström N.; Nadarajah R.; Chew K.Y.; Tan B.H.; Ho T.H.; Tan L.K.; Tan Y.R.; Thangaraju S.; Wong L.T.; Lee J.S.E.; Lim L.E.C.; Wong S.L.; Ng L.G.; Law Y.M.; Lim C.; Jeyaraj P.R.; Poopalingam R.; Brännström M.","Tan, Hak Koon (57226228961); Kee, Terence Y. S. (14321955600); Tan, Bien Keem (7402833843); Dahm-Kähler, Pernilla (6504057059); Kvarnström, Niclas (26421699500); Nadarajah, Ravinchandran (56144711700); Chew, Khong Yik (25421448200); Tan, Ban Hock (7402833831); Ho, Tew Hong (7402460578); Tan, Lay Kok (24446727800); Tan, Yin Ru (56424513600); Thangaraju, Sobhana (57192114135); Wong, Loong Tat (59885975300); Lee, John S. E. (57191891237); Lim, Leslie E. C. (55436153700); Wong, Shing Lih (57194434170); Ng, Lay Guat (7201477925); Law, Yan Mee (56559638400); Lim, Crystal (57208698817); Jeyaraj, Prema Raj (57076511000); Poopalingam, Ruban (59533218500); Brännström, Mats (7102373924)","57226228961; 14321955600; 7402833843; 6504057059; 26421699500; 56144711700; 25421448200; 7402833831; 7402460578; 24446727800; 56424513600; 57192114135; 59885975300; 57191891237; 55436153700; 57194434170; 7201477925; 56559638400; 57208698817; 57076511000; 59533218500; 7102373924","Living donor uterus transplant research project in Singapore: Progress of the first case","2025","Acta Obstetricia et Gynecologica Scandinavica","104","3","","548","558","3","10.1111/aogs.15048","https://www.scopus.com/inward/record.uri?eid=2-s2.0-85216373214&doi=10.1111%2Faogs.15048&partnerID=40&md5=e7132877b1e35e18c7d3774f07ed1b5c","Article","Final","All Open Access; Gold Open Access; Green Open Access","Scopus","2-s2.0-85216373214"
"Dear J.; Creighton S.M.; Conway G.S.; Williams L.; Liao L.-M.","Dear, Joanna (57162842500); Creighton, Sarah M. (7006425955); Conway, Gerard S. (35475924300); Williams, Louise (57161815600); Liao, Lih-Mei (7202542438)","57162842500; 7006425955; 35475924300; 57161815600; 7202542438","Sexual Experience before Treatment for Vaginal Agenesis: A Retrospective Review of 137 Women","2019","Journal of Pediatric and Adolescent Gynecology","32","3","","300","304","18","10.1016/j.jpag.2018.12.005","https://www.scopus.com/inward/record.uri?eid=2-s2.0-85065243566&doi=10.1016%2Fj.jpag.2018.12.005&partnerID=40&md5=0e428218edc80c1198c17fe814687b45","Article","Final","","Scopus","2-s2.0-85065243566"
"Williams C.E.","Williams, Cara E. (7406216141)","7406216141","Primary amenorrhoea","2024","Obstetrics, Gynaecology and Reproductive Medicine","34","6","","147","152","0","10.1016/j.ogrm.2024.03.001","https://www.scopus.com/inward/record.uri?eid=2-s2.0-85191457839&doi=10.1016%2Fj.ogrm.2024.03.001&partnerID=40&md5=31a082ad6f89aeba14f5299fb6b926ac","Review","Final","","Scopus","2-s2.0-85191457839"
"HadaviBavili P.; İlçioğlu K.; Hamlacı Başkaya Y.","HadaviBavili, Parisa (58192628500); İlçioğlu, Kevser (58192422300); Hamlacı Başkaya, Yasemin (57984992100)","58192628500; 58192422300; 57984992100","Evaluation of Sexual Function Outcomes in Patients with Rokitansky Syndrome: A Systematic Review and Meta-analysis","2023","Journal of Minimally Invasive Gynecology","30","9","","705","715","2","10.1016/j.jmig.2023.05.014","https://www.scopus.com/inward/record.uri?eid=2-s2.0-85162171371&doi=10.1016%2Fj.jmig.2023.05.014&partnerID=40&md5=b3ce4590efb6290253e9c1c7cc1b3215","Review","Final","","Scopus","2-s2.0-85162171371"
"Jakubowska W.; Chabaud S.; Saba I.; Galbraith T.; Berthod F.; Bolduc S.","Jakubowska, Weronika (57201858636); Chabaud, Stephane (26662195200); Saba, Ingrid (57194758596); Galbraith, Todd (36876186800); Berthod, Francois (6701812258); Bolduc, Stephane (6701654628)","57201858636; 26662195200; 57194758596; 36876186800; 6701812258; 6701654628","Prevascularized Tissue-Engineered Human Vaginal Mucosa: In Vitro Optimization and in Vivo Validation","2020","Tissue Engineering - Part A","26","13-14","","811","822","23","10.1089/ten.tea.2020.0036","https://www.scopus.com/inward/record.uri?eid=2-s2.0-85088474991&doi=10.1089%2Ften.tea.2020.0036&partnerID=40&md5=ead33990f8622cf5f08e79c8ed67b98e","Article","Final","","Scopus","2-s2.0-85088474991"
"Jha S.; Singh S.","Jha, Sangam (57215813244); Singh, Shalini (58843055600)","57215813244; 58843055600","Sexual and Psychosocial Outcome After Neovaginoplasty Using Interceed in Females with Mayer-Rokitansky-Küster-Hauser Syndrome: A Case-Control Study","2022","Journal of Obstetrics and Gynaecology Canada","44","8","","926","930","2","10.1016/j.jogc.2022.03.018","https://www.scopus.com/inward/record.uri?eid=2-s2.0-85132528954&doi=10.1016%2Fj.jogc.2022.03.018&partnerID=40&md5=e76c9b90ae787c794cb74b78e2353cc2","Note","Final","","Scopus","2-s2.0-85132528954"
"Yadav K.; Kumar R.; Chawla H.; Singh M.; Khan M.; Yadav R.","Yadav, Kapil (57214251882); Kumar, Rajeev (57216257238); Chawla, Hitesh (42761093600); Singh, Manpreet (59033292700); Khan, Mustafa (58994524400); Yadav, Renu (59062655400)","57214251882; 57216257238; 42761093600; 59033292700; 58994524400; 59062655400","MAYER-ROKITANSKY-KÜSTER-HAUSER SYNDROME-AN INCIDENTAL FINDING DURING AUTOPSY: A CASE REPORT","2023","Journal of Forensic Medicine and Toxicology ","40","2","","137","139","0","10.5958/0974-4568.2023.00057.1","https://www.scopus.com/inward/record.uri?eid=2-s2.0-85190850122&doi=10.5958%2F0974-4568.2023.00057.1&partnerID=40&md5=20572737180de9ddcac2713ad1737d9f","Article","Final","All Open Access; Hybrid Gold Open Access","Scopus","2-s2.0-85190850122"
"Xu Z.-Y.; Li L.-X.; Wang X.-G.; Wang M.-X.; Cao G.-J.; Chen B.-L.; Liu S.-J.","Xu, Zhi-yang (58093248300); Li, Ling-xia (59058904000); Wang, Xing-guo (58092916300); Wang, Meng-xin (57209808720); Cao, Gai-jing (58093440900); Chen, Bi-liang (7408611178); Liu, Shu-juan (35109380400)","58093248300; 59058904000; 58092916300; 57209808720; 58093440900; 7408611178; 35109380400","The long-term outcomes of vaginoplasty using acellular porcine small intestinal submucosa grafts in patients with Mayer–Rokitansky–Küster–Hauser syndrome: A case series","2023","BJOG: An International Journal of Obstetrics and Gynaecology","130","6","","645","652","3","10.1111/1471-0528.17388","https://www.scopus.com/inward/record.uri?eid=2-s2.0-85147521472&doi=10.1111%2F1471-0528.17388&partnerID=40&md5=d30911f631c01f898253be6e450d71b6","Article","Final","All Open Access; Hybrid Gold Open Access","Scopus","2-s2.0-85147521472"
"Gerstl B.; Kehag E.; Mallinder H.; Baker T.; Arulpragasam K.; David C.; Stone M.; Fitzsimmons E.; Hetherington K.; Deans R.","Gerstl, Brigitte (57192201389); Kehag, Eva (8098432600); Mallinder, Hayley (59316344500); Baker, Tamika (59348833500); Arulpragasam, Kaushalya (57204561098); David, Catherine (57230194800); Stone, Meredith (57457650500); Fitzsimmons, Elizabeth (59348523000); Hetherington, Kate (6602119280); Deans, Rebecca (14028063600)","57192201389; 8098432600; 59316344500; 59348833500; 57204561098; 57230194800; 57457650500; 59348523000; 6602119280; 14028063600","Psychological and emotional profiles of Australian uterine transplant potential recipients: A comparison with international trials","2025","Acta Obstetricia et Gynecologica Scandinavica","104","3","","528","539","3","10.1111/aogs.14974","https://www.scopus.com/inward/record.uri?eid=2-s2.0-85205296617&doi=10.1111%2Faogs.14974&partnerID=40&md5=b1dcfcc342d26b5e499ffa66629021a9","Article","Final","All Open Access; Gold Open Access; Green Open Access","Scopus","2-s2.0-85205296617"
"Dai Y.; Zhu L.; Qin C.; Yang X.; Li X.","Dai, Yifei (58096426000); Zhu, Linling (57208388544); Qin, Chenglu (56653005900); Yang, Xinyun (57195724232); Li, Xiangjuan (57217849162)","58096426000; 57208388544; 56653005900; 57195724232; 57217849162","Laparoscopic peritoneal vaginoplasty with rudimentary uterus resection for Mayer-Rokitansky-Küster-Hauser syndrome: Technical details with video","2026","Asian Journal of Surgery","","","","","","0","10.1016/j.asjsur.2025.12.101","https://www.scopus.com/inward/record.uri?eid=2-s2.0-105029117272&doi=10.1016%2Fj.asjsur.2025.12.101&partnerID=40&md5=9be6b6ddb1c61c7e1256b5d20bc94837","Article","Article in press","All Open Access; Gold Open Access","Scopus","2-s2.0-105029117272"
"Koh Y.Y.; Gerstl B.; Sit A.; Heller-Boersma J.; Koch J.; Juan Y.-P.; Deans R.","Koh, Yi Ying (57223042535); Gerstl, Brigitte (57192201389); Sit, Andrea (58080298800); Heller-Boersma, Jacoline (18436859300); Koch, Jana (57546842500); Juan, Yi-Ping (59449425500); Deans, Rebecca (14028063600)","57223042535; 57192201389; 58080298800; 18436859300; 57546842500; 59449425500; 14028063600","Long-term outcomes for women after dilator therapy with or without surgery in the creation of a neovagina","2025","Australian and New Zealand Journal of Obstetrics and Gynaecology","65","2","","277","286","1","10.1111/ajo.13899","https://www.scopus.com/inward/record.uri?eid=2-s2.0-85210571704&doi=10.1111%2Fajo.13899&partnerID=40&md5=153e157edf814fd12d9d467d9424b2e8","Article","Final","","Scopus","2-s2.0-85210571704"
"Tariq A.; Shamsi N.I.","Tariq, Asfia (58122543100); Shamsi, Nida Ilyas (57193109742)","58122543100; 57193109742","Mayer-Rokitansky-Kuster-Hauser syndrome in a young female: diagnosis and treatment: a case report","2023","Journal of the Pakistan Medical Association","73","3","","697","699","0","10.47391/JPMA.6355","https://www.scopus.com/inward/record.uri?eid=2-s2.0-85149144465&doi=10.47391%2FJPMA.6355&partnerID=40&md5=7294075a774ef5078cc13f1f3c8cc686","Article","Final","All Open Access; Gold Open Access; Green Open Access","Scopus","2-s2.0-85149144465"
"Brander E.P.A.; Dietrich J.E.","Brander, E.P.A. (57225258673); Dietrich, J.E. (7102567636)","57225258673; 7102567636","Implications of Ehlers-Danlos Syndrome in a Patient With Mayer-Rokitansky-Küster-Hauser Syndrome","2021","Journal of Pediatric and Adolescent Gynecology","34","6","","890","892","0","10.1016/j.jpag.2021.06.002","https://www.scopus.com/inward/record.uri?eid=2-s2.0-85110535311&doi=10.1016%2Fj.jpag.2021.06.002&partnerID=40&md5=186dad5d0e6584ca27350409950ec72e","Article","Final","","Scopus","2-s2.0-85110535311"
"Foster C.; Daigle R.; Rowe C.K.","Foster, Christopher (57193844247); Daigle, Ryan (57419774400); Rowe, Courtney K. (55208461600)","57193844247; 57419774400; 55208461600","Tissue Engineering Opportunities for Vaginal Replacement in a Pediatric Population","2022","Tissue Engineering - Part B: Reviews","28","2","","476","487","6","10.1089/ten.teb.2020.0376","https://www.scopus.com/inward/record.uri?eid=2-s2.0-85129134817&doi=10.1089%2Ften.teb.2020.0376&partnerID=40&md5=ce90a4993a94b6577e114ad176a0baf2","Review","Final","","Scopus","2-s2.0-85129134817"
"van Leeuwen K.","van Leeuwen, Kathleen (57194326696)","57194326696","Disorders/Differences of sex development (DSD)","2020","Pearls and Tricks in Pediatric Surgery","","","","367","372","0","10.1007/978-3-030-51067-1_52","https://www.scopus.com/inward/record.uri?eid=2-s2.0-85148408218&doi=10.1007%2F978-3-030-51067-1_52&partnerID=40&md5=a6faa8fcf4093be97c2a92db2dcb7809","Book chapter","Final","","Scopus","2-s2.0-85148408218"
"Ishii T.","Ishii, Tomohiro (7404052158)","7404052158","Psychiatric Aspects of Differences of Sex Development: Uncertainty in Our Knowledge","2025","Journal of Clinical Endocrinology and Metabolism","110","10","","e3526","e3527","0","10.1210/clinem/dgae811","https://www.scopus.com/inward/record.uri?eid=2-s2.0-105016681537&doi=10.1210%2Fclinem%2Fdgae811&partnerID=40&md5=fd14fd0055154fb490ddd07b80db55d0","Note","Final","","Scopus","2-s2.0-105016681537"
"Xu H.; Hou S.; Ruan Z.; Liu J.","Xu, Hui (58493160900); Hou, Shuhui (57214329096); Ruan, Zhengyi (57205305156); Liu, Jianhua (55430725600)","58493160900; 57214329096; 57205305156; 55430725600","Comparing Anatomical and Functional Outcomes of Two Neovaginoplasty Techniques for Mayer-Rokitansky-Küster-Hauser Syndrome: A Ten-Year Retrospective Study with Swine Small Intestinal Submucosa and Homologous Skin Grafts","2023","Therapeutics and Clinical Risk Management","19","","","557","565","5","10.2147/TCRM.S415672","https://www.scopus.com/inward/record.uri?eid=2-s2.0-85165170069&doi=10.2147%2FTCRM.S415672&partnerID=40&md5=4a49f2eca2b34b11f7a5ae359128bd17","Article","Final","All Open Access; Gold Open Access; Green Open Access","Scopus","2-s2.0-85165170069"
"Delshad S.; Delshad B.; Mogheimi P.","Delshad, Salahedin (57729377200); Delshad, Balal (57729531300); Mogheimi, Parisa (57729223200)","57729377200; 57729531300; 57729223200","Postoperative outcomes of sigmoid colon vaginoplasty for vaginal agenesis: A randomized controlled trial","2022","Annals of Medicine and Surgery","78","","103833","","","8","10.1016/j.amsu.2022.103833","https://www.scopus.com/inward/record.uri?eid=2-s2.0-85131417575&doi=10.1016%2Fj.amsu.2022.103833&partnerID=40&md5=3d4e439af7c3822f7648cb1ff1ca871c","Article","Final","All Open Access; Gold Open Access; Green Open Access","Scopus","2-s2.0-85131417575"
"Mao M.; Zhang Y.; Fu H.; Wang Q.; Bai J.; Guo R.","Mao, Meng (59097036900); Zhang, Ye (57200799343); Fu, Hanlin (57223904710); Wang, Qian (59729017000); Bai, Jing (57225953638); Guo, Ruixia (9746034400)","59097036900; 57200799343; 57223904710; 59729017000; 57225953638; 9746034400","Long-term Results of Sexual Function and Body Image After Vaginoplasty With Acellular Dermal Matrix in Women With Mayer-Rokitansky-Küster-Hauser Syndrome","2024","Journal of Minimally Invasive Gynecology","31","1","","37","42","3","10.1016/j.jmig.2023.10.003","https://www.scopus.com/inward/record.uri?eid=2-s2.0-85175445400&doi=10.1016%2Fj.jmig.2023.10.003&partnerID=40&md5=b3877f00e8b4ef57c8a93d4ca4af954e","Article","Final","","Scopus","2-s2.0-85175445400"
"Pennesi C.M.; Berkeley J.; Lossie A.C.; Quint E.H.; Zieman K.D.; Carroll S.","Pennesi, Christine M. (57203432510); Berkeley, Jane (58309182100); Lossie, Amy C. (60051756700); Quint, Elisabeth H. (35581554100); Zieman, Kristy D. (58309956600); Carroll, Susan (57125535300)","57203432510; 58309182100; 60051756700; 35581554100; 58309956600; 57125535300","International Experiences with Vaginal Lengthening Treatment Among Individuals with Müllerian Agenesis: A Mixed-Methods Study","2023","Journal of Pediatric and Adolescent Gynecology","36","5","","476","483","2","10.1016/j.jpag.2023.05.004","https://www.scopus.com/inward/record.uri?eid=2-s2.0-85161610828&doi=10.1016%2Fj.jpag.2023.05.004&partnerID=40&md5=7fd595ea7995d8e62800e3ba0046757c","Article","Final","","Scopus","2-s2.0-85161610828"
"Marshall N.; Rajesh Z.; Hunker K.; Merletti J.; Garas M.; Clark A.; Ball S.A.; Gibson M.E.S.; Pukall C.F.","Marshall, Nisha (59131895300); Rajesh, Zwetlana (59212432700); Hunker, Kate (58913103500); Merletti, Jessica (58735657600); Garas, Melody (59538098200); Clark, Ashley (59537673300); Ball, Sunni Anne (59538098300); Gibson, M.E. Sophie (57214932361); Pukall, Caroline F. (6602518216)","59131895300; 59212432700; 58913103500; 58735657600; 59538098200; 59537673300; 59538098300; 57214932361; 6602518216","“Don't Give Up, Advocate for Yourself”: A Pilot Study Examining Healthcare Experiences of People with Mayer Rokitansky Küster Hauser Syndrome","2025","Journal of Pediatric and Adolescent Gynecology","38","2","","167","173","2","10.1016/j.jpag.2024.12.001","https://www.scopus.com/inward/record.uri?eid=2-s2.0-85216678184&doi=10.1016%2Fj.jpag.2024.12.001&partnerID=40&md5=02707b112a360e2c188b56813d383576","Article","Final","All Open Access; Bronze Open Access","Scopus","2-s2.0-85216678184"
"Bleach C.C.; Vogt K.S.","Bleach, Cortney C. (57218857673); Vogt, Karen S. (55993040500)","57218857673; 55993040500","A Case of Mayer-Rokitansky-Küster-Hauser Syndrome Diagnosed in Infancy after Evaluation of Palpable Gonads","2020","Journal of Pediatric and Adolescent Gynecology","33","6","","733","734","3","10.1016/j.jpag.2020.07.013","https://www.scopus.com/inward/record.uri?eid=2-s2.0-85090489877&doi=10.1016%2Fj.jpag.2020.07.013&partnerID=40&md5=01f8c338ad65d0d99dcddcbd834dd227","Article","Final","","Scopus","2-s2.0-85090489877"
"Joshi S.; Bhandari A.R.; Shrestha P.; Shakya R.","Joshi, Sulochana (57198881051); Bhandari, Anup Raj (57404468000); Shrestha, Prashant (57405451300); Shakya, Rabi (57222467697)","57198881051; 57404468000; 57405451300; 57222467697","Dissociative disorder in Mayer Rokitansky Küster Hauser syndrome with pulmonary agenesis: a case report","2022","Egyptian Journal of Neurology, Psychiatry and Neurosurgery","58","1","3","","","1","10.1186/s41983-021-00440-y","https://www.scopus.com/inward/record.uri?eid=2-s2.0-85122494453&doi=10.1186%2Fs41983-021-00440-y&partnerID=40&md5=5d046ac3c76331b211408a0e76e74ab1","Article","Final","All Open Access; Gold Open Access; Green Open Access","Scopus","2-s2.0-85122494453"
"Hatami-Pourdehno S.; Bastani P.; Mallah F.; Pourmehr H.S.; Hajebrahimi S.","Hatami-Pourdehno, Safura (59011821200); Bastani, Parvin (12807505700); Mallah, Fatemeh (55241648400); Pourmehr, Hanieh Salehi (59187752100); Hajebrahimi, Sakineh (57216949536)","59011821200; 12807505700; 55241648400; 59187752100; 57216949536","Long-term Outcomes and Sexual Satisfaction of Vaginoplasty Using Peritoneal Graft in Mayer-Rokitansky-Küster-Hauser Syndrome","2025","International Journal of Women's Health and Reproduction Sciences","13","4","","189","194","0","10.15296/ijwhr.2025.6060","https://www.scopus.com/inward/record.uri?eid=2-s2.0-105022791377&doi=10.15296%2Fijwhr.2025.6060&partnerID=40&md5=ac5a1bf7a81567a2891200e0f1029f9b","Article","Final","","Scopus","2-s2.0-105022791377"
"Bortoletto P.; Romanski P.A.; Pfeifer S.M.","Bortoletto, Pietro (6508184006); Romanski, Phillip A. (57191279969); Pfeifer, Samantha M. (57195269801)","6508184006; 57191279969; 57195269801","Müllerian Anomalies: Presentation, Diagnosis, and Counseling","2024","Obstetrics and Gynecology","143","3","","369","377","12","10.1097/AOG.0000000000005469","https://www.scopus.com/inward/record.uri?eid=2-s2.0-85185217733&doi=10.1097%2FAOG.0000000000005469&partnerID=40&md5=7b847bcd5563c6b1cab602dee08a10de","Article","Final","","Scopus","2-s2.0-85185217733"
"Sfar K.; Imrani K.; Chait F.; Essetti S.; Maslouhi K.; Moatassim Billah N.; Nassar I.","Sfar, Kaouthar (58179557500); Imrani, Kaoutar (57220181503); Chait, Fatima (58399852100); Essetti, Sara (58832322500); Maslouhi, Kaoutar (58983470600); Moatassim Billah, Nabil (55511373200); Nassar, Ittimade (56058426700)","58179557500; 57220181503; 58399852100; 58832322500; 58983470600; 55511373200; 56058426700","Mayer-Rokitansky-Küster-Hauser syndrome type II: A rare case report","2024","SAGE Open Medical Case Reports","12","","","","","1","10.1177/2050313X241265047","https://www.scopus.com/inward/record.uri?eid=2-s2.0-85199890561&doi=10.1177%2F2050313X241265047&partnerID=40&md5=767ed710dc89de0f014ff6c1f81cd567","Article","Final","All Open Access; Gold Open Access; Green Open Access","Scopus","2-s2.0-85199890561"
"Aslan K.; Gurbuz T.B.; Orhan A.; Kasapoglu I.; Ozerkan K.; Uncu G.","Aslan, Kiper (56740498500); Gurbuz, T.B. (59733342900); Orhan, A. (56671094200); Kasapoglu, I. (55800494800); Ozerkan, K. (6603345841); Uncu, Gürkan (6603716169)","56740498500; 59733342900; 56671094200; 55800494800; 6603345841; 6603716169","Long term sexual outcomes of Mayer Rokitansky Küster Hauser Syndrome patients after Uncu-modified Davydov procedure","2023","Facts Views and Vision in ObGyn","15","3","","235","242","3","10.52054/FVVO.15.3.091","https://www.scopus.com/inward/record.uri?eid=2-s2.0-105019538085&doi=10.52054%2FFVVO.15.3.091&partnerID=40&md5=a8add237970df3ab2f4e266744cfad90","Article","Final","All Open Access; Bronze Open Access; Green Open Access","Scopus","2-s2.0-105019538085"
"","","","Erratum: Abstracts of the 9th International Symposium in Disorders/Differences of Sex Development, Bern, Switzerland (Sex Dev. (2022) 16 (suppl 1): (1-91) DOI: 10.1159/000525564)","2023","Sexual Development","16","4","","295","298","0","10.1159/000525934","https://www.scopus.com/inward/record.uri?eid=2-s2.0-85148747479&doi=10.1159%2F000525934&partnerID=40&md5=e92db8145724841ba0f619d0347b6459","Erratum","Final","All Open Access; Bronze Open Access","Scopus","2-s2.0-85148747479"
"Gari A.; Baradwan S.; Iskandarani R.; Alkhiary A.Y.; Abumohssin A.; Abu-Zaid A.","Gari, Abdulrahim (25951307300); Baradwan, Saeed (57200653028); Iskandarani, Radiah (57224832127); Alkhiary, Ammar Y. (58208362200); Abumohssin, Abdulmalik (57203303071); Abu-Zaid, Ahmed (45861125100)","25951307300; 57200653028; 57224832127; 58208362200; 57203303071; 45861125100","Creation of neovagina in women with Müllerian agenesis (Mayer-Rokitansky-Küster-Hauser syndrome) using fresh human amnion","2024","Obstetrics and Gynecology Science","67","6","","541","549","3","10.5468/OGS.24114","https://www.scopus.com/inward/record.uri?eid=2-s2.0-85210541367&doi=10.5468%2FOGS.24114&partnerID=40&md5=85431513d0e04a4de7fdc119db6b1cea","Article","Final","All Open Access; Gold Open Access; Green Open Access","Scopus","2-s2.0-85210541367"
"Blanc S.; Brun A.","Blanc, Stéphanie (57210705296); Brun, Anne (36055602600)","57210705296; 36055602600","The absence of internal female organs among women: Issues and consequences for sexual identity; [Absence des organes génitaux internes chez la femme : enjeux et répercussions sur l'identité sexuelle]","2019","Evolution Psychiatrique","84","4","","591","603","0","10.1016/j.evopsy.2019.07.006","https://www.scopus.com/inward/record.uri?eid=2-s2.0-85071269746&doi=10.1016%2Fj.evopsy.2019.07.006&partnerID=40&md5=34389a88a1a0339deac204790ea7578d","Article","Final","","Scopus","2-s2.0-85071269746"
"Ngoumou R.-D.","Ngoumou, Rose-Danielle (57224544030)","57224544030","How does the experience of the medical encounter with Mayer-Rokitansky-Küster-Hauser (MRKH) Syndrome impact women in Africa?","2022","Pan African Medical Journal","42","","314","","","4","10.11604/pamj.2022.42.314.32830","https://www.scopus.com/inward/record.uri?eid=2-s2.0-85140311559&doi=10.11604%2Fpamj.2022.42.314.32830&partnerID=40&md5=248182b81dbf7d36e5354ac5a217fa54","Article","Final","All Open Access; Gold Open Access; Green Open Access","Scopus","2-s2.0-85140311559"
"Martens L.; Tannenbaum L.; Van Kuijk S.M.J.; Notten K.J.B.; Kluivers K.B.","Martens, Lisanne (57204835611); Tannenbaum, Linde (58908218200); Van Kuijk, Sander M.J. (36612373500); Notten, Kim J.B. (41461671800); Kluivers, Kirsten B. (16039968600)","57204835611; 58908218200; 36612373500; 41461671800; 16039968600","Laparoscopic Davydov vs. laparoscopic Vecchietti neovaginoplasty in women with Mayer-Rokitansky-Küster-Hauser syndrome; a systematic review and meta-analysis","2024","Fertility and Sterility","121","4","","679","692","14","10.1016/j.fertnstert.2023.12.015","https://www.scopus.com/inward/record.uri?eid=2-s2.0-85186076390&doi=10.1016%2Fj.fertnstert.2023.12.015&partnerID=40&md5=b1e03dc3da7050458905d646f5b5326c","Review","Final","All Open Access; Bronze Open Access; Green Open Access","Scopus","2-s2.0-85186076390"
"Kubota M.; Osuga Y.; Kato K.; Ishikura K.; Kaneko K.; Akazawa K.; Yonekura T.; Tazuke Y.; Ieiri S.; Fujino A.; Ueno S.; Hayashi Y.; Yoshino K.; Yanai T.; Iwai J.; Yamaguchi T.; Amae S.; Yamazaki Y.; Sugita Y.; Kohno M.; Kanamori Y.; Bitoh Y.; Shinkai M.; Ohno Y.; Kinoshita Y.","Kubota, Masayuki (7401665148); Osuga, Yutaka (7006001229); Kato, Kiyoko (55550166600); Ishikura, Kenji (55251523000); Kaneko, Kazunari (55179063400); Akazawa, Kohhei (58438289800); Yonekura, Takeo (7004067342); Tazuke, Yuko (7006109798); Ieiri, Satoshi (6602126561); Fujino, Akihiko (59859445400); Ueno, Shigeru (7402327523); Hayashi, Yutaro (7406208568); Yoshino, Kaoru (7401650679); Yanai, Toshihiro (7102539151); Iwai, Jun (7005548974); Yamaguchi, Takanori (36112239200); Amae, Shintaro (6602678624); Yamazaki, Yuichiro (35407809500); Sugita, Yoshifumi (7202641232); Kohno, Miyuki (9337209600); Kanamori, Yutaka (7005620266); Bitoh, Yuko (15720331100); Shinkai, Masato (7006350864); Ohno, Yasuharu (59598850300); Kinoshita, Yoshiaki (7401487556)","7401665148; 7006001229; 55550166600; 55251523000; 55179063400; 58438289800; 7004067342; 7006109798; 6602126561; 59859445400; 7402327523; 7406208568; 7401650679; 7102539151; 7005548974; 36112239200; 6602678624; 35407809500; 7202641232; 9337209600; 7005620266; 15720331100; 7006350864; 59598850300; 7401487556","Treatment guidelines for persistent cloaca, cloacal exstrophy, and Mayer–Rokitansky–Küster–Häuser syndrome for the appropriate transitional care of patients","2019","Surgery Today","49","12","","985","1002","8","10.1007/s00595-019-01810-z","https://www.scopus.com/inward/record.uri?eid=2-s2.0-85064759014&doi=10.1007%2Fs00595-019-01810-z&partnerID=40&md5=dd2039735299e764bb8a8597ead848a1","Review","Final","","Scopus","2-s2.0-85064759014"
"Wang L.; Cheng L.C.; Chen Y.; Zhai H.; Chen Z.; Ren T.; Xu L.; Ding J.; Qiu J.; Hua K.; Yu L.","Wang, Liyang (59244859600); Cheng, Leong Chi (59245471100); Chen, Yu (59516629100); Zhai, Huajuan (58673022600); Chen, Zhiyong (57605193600); Ren, Tingting (58514295500); Xu, Leimei (58149014600); Ding, Jiandong (7402608164); Qiu, Junjun (36675543400); Hua, Keqin (57203187482); Yu, Lin (36447249400)","59244859600; 59245471100; 59516629100; 58673022600; 57605193600; 58514295500; 58149014600; 7402608164; 36675543400; 57203187482; 36447249400","Dual-Crosslinked Bioactive Hydrogel Scaffold for Accelerated Repair of Genital Tract Defect","2024","Advanced Functional Materials","34","41","2405966","","","15","10.1002/adfm.202405966","https://www.scopus.com/inward/record.uri?eid=2-s2.0-85200355435&doi=10.1002%2Fadfm.202405966&partnerID=40&md5=57f36ecf8bc4b586b0ebeb11f76e3b46","Article","Final","","Scopus","2-s2.0-85200355435"
"Tsarna E.; Eleftheriades A.; Eleftheriades M.; Kalampokas E.; Liakopoulou M.-K.; Christopoulos P.","Tsarna, Ermioni (57209990620); Eleftheriades, Anna (57250673400); Eleftheriades, Makarios (17342090000); Kalampokas, Emmanouil (6506720146); Liakopoulou, Maria-Konstantina (57490935900); Christopoulos, Panagiotis (59263635200)","57209990620; 57250673400; 17342090000; 6506720146; 57490935900; 59263635200","The impact of Mayer–Rokitansky–Küster–Hauser Syndrome on Psychology, Quality of Life, and Sexual Life of Patients: A Systematic Review","2022","Children","9","4","484","","","21","10.3390/children9040484","https://www.scopus.com/inward/record.uri?eid=2-s2.0-85128292546&doi=10.3390%2Fchildren9040484&partnerID=40&md5=ed734c192b3c8d03ca7e5147b6d3a2db","Review","Final","All Open Access; Gold Open Access; Green Open Access","Scopus","2-s2.0-85128292546"
"Jensen A.H.; Herlin M.K.; Trolle B.; Vogel I.; Lou S.","Jensen, Amalie Hahn (57222762946); Herlin, Morten Krogh (56222485900); Trolle, Birgitta (6508349292); Vogel, Ida (7005630657); Lou, Stina (16039746100)","57222762946; 56222485900; 6508349292; 7005630657; 16039746100","Experiences of vaginal lengthening treatment and sexual well-being in women with Mayer–Rokitansky–Küster–Hauser (MRKH) syndrome: An interview study","2024","BJOG: An International Journal of Obstetrics and Gynaecology","131","13","","1841","1850","2","10.1111/1471-0528.17916","https://www.scopus.com/inward/record.uri?eid=2-s2.0-85199178405&doi=10.1111%2F1471-0528.17916&partnerID=40&md5=4302e35e36c37adcae1d2a28b34e0767","Article","Final","All Open Access; Green Open Access; Hybrid Gold Open Access","Scopus","2-s2.0-85199178405"
"Sueters J.; Groenman F.A.; Bouman M.-B.; Roovers J.P.W.R.; de Vries R.; Smit T.H.; Huirne J.A.F.","Sueters, Jayson (58100295300); Groenman, Freek A. (13409954100); Bouman, Mark-Bram (55371454300); Roovers, Jan Paul W.R. (57199450837); de Vries, Ralph (57201342966); Smit, Theo H. (35567374600); Huirne, Judith A.F. (6507356903)","58100295300; 13409954100; 55371454300; 57199450837; 57201342966; 35567374600; 6507356903","Vaginoplasty for gender dysphoria and Mayer–Rokitansky–Küster–Hauser syndrome: a systematic review","2023","F and S Reviews","4","4","","219","236","4","10.1016/j.xfnr.2023.10.002","https://www.scopus.com/inward/record.uri?eid=2-s2.0-85178328467&doi=10.1016%2Fj.xfnr.2023.10.002&partnerID=40&md5=963635b05a73b2448a12685757a28486","Review","Final","All Open Access; Green Open Access; Hybrid Gold Open Access","Scopus","2-s2.0-85178328467"
"Arsy G.R.; Ratnawati R.; Rachmawati S.D.","Arsy, Gardha Rias (57211394005); Ratnawati, Retty (8595360700); Rachmawati, Septi Dewi (57203984670)","57211394005; 8595360700; 57203984670","Low self-esteem of women suffering Mayer Rokitansky Kuster Hauser Syndrome","2019","Indian Journal of Public Health Research and Development","10","8","","2042","2045","0","10.5958/0976-5506.2019.02155.7","https://www.scopus.com/inward/record.uri?eid=2-s2.0-85073755881&doi=10.5958%2F0976-5506.2019.02155.7&partnerID=40&md5=737d3e86bf948c98e8408fd807f540bc","Article","Final","All Open Access; Hybrid Gold Open Access","Scopus","2-s2.0-85073755881"
"Miyake A.; Kobayashi Y.; Imaeda K.; Yoshihama T.; Nakamura K.; Yokota M.; Hayashi S.; Yamagami W.; Banno K.; Aoki D.","Miyake, Atsuko (58122089000); Kobayashi, Yusuke (36079665900); Imaeda, Keiyo (57323068000); Yoshihama, Tomoko (57192755205); Nakamura, Kanako (56088383100); Yokota, Megumi (55916285400); Hayashi, Shigenori (35463858200); Yamagami, Wataru (9246359600); Banno, Kouji (7005368641); Aoki, Daisuke (7006828419)","58122089000; 36079665900; 57323068000; 57192755205; 56088383100; 55916285400; 35463858200; 9246359600; 7005368641; 7006828419","Case Series of Mayer–Rokitansky–Küster–Hauser Syndrome: Analysis of 17 Cases","2023","Clinical and Experimental Obstetrics and Gynecology","50","1","1","","","2","10.31083/j.ceog5001001","https://www.scopus.com/inward/record.uri?eid=2-s2.0-85149114299&doi=10.31083%2Fj.ceog5001001&partnerID=40&md5=8ce38cdf951ec53cb3a65d6881360a2b","Article","Final","All Open Access; Gold Open Access; Green Open Access","Scopus","2-s2.0-85149114299"
"Kirschen G.W.; Semenyuk N.","Kirschen, Gregory W. (57189303985); Semenyuk, Natalie (57216334285)","57189303985; 57216334285","Primary Amenorrhea, Aplastic Uterus, and a Functional Vagina: A Rare Case of Mayer-Rokitansky-Küster-Hauser Syndrome","2019","Case Reports in Obstetrics and Gynecology","2019","","3409548","","","1","10.1155/2019/3409548","https://www.scopus.com/inward/record.uri?eid=2-s2.0-85083331537&doi=10.1155%2F2019%2F3409548&partnerID=40&md5=6969ed349fe8d126149e900d7be7f224","Article","Final","All Open Access; Gold Open Access; Green Open Access","Scopus","2-s2.0-85083331537"
"Malcom C.A.; Imudia A.N.; Romanski P.A.","Malcom, Carrie A. (57222396137); Imudia, Anthony N. (23392623600); Romanski, Phillip A. (57191279969)","57222396137; 23392623600; 57191279969","The future of neovaginoplasty: robots to save the Davydov","2025","Fertility and Sterility","123","5","","802","803","0","10.1016/j.fertnstert.2025.02.029","https://www.scopus.com/inward/record.uri?eid=2-s2.0-105000734126&doi=10.1016%2Fj.fertnstert.2025.02.029&partnerID=40&md5=dba38a31737fb8c8e16046e88e4e6b04","Editorial","Final","All Open Access; Bronze Open Access","Scopus","2-s2.0-105000734126"
"Vosoughi N.; Maasoumi R.; Haeri Mehrizi A.A.; Ghanbari Z.","Vosoughi, Nafiseh (57226784475); Maasoumi, Raziyeh (55672334400); Haeri Mehrizi, Ali Asghar (55923017200); Ghanbari, Zinat (56152686500)","57226784475; 55672334400; 55923017200; 56152686500","The Effect of Psychosexual Education on Promoting Sexual Function, Genital Self-Image, and Sexual Distress among Women with Rokitansky Syndrome: A Randomized Controlled Clinical Trial","2022","Journal of Pediatric and Adolescent Gynecology","35","1","","73","81","15","10.1016/j.jpag.2021.06.008","https://www.scopus.com/inward/record.uri?eid=2-s2.0-85112645381&doi=10.1016%2Fj.jpag.2021.06.008&partnerID=40&md5=b0bf14d06f9f9d9844327f7458342cf1","Article","Final","","Scopus","2-s2.0-85112645381"
"Ramires R.B.M.; Visick A.","Ramires, Rose Bijoux Makiese (59903279400); Visick, Amanda (58767502500)","59903279400; 58767502500","Does religiosity influence women's use of vaginal dilators for the treatment of sexual pain syndromes?","2025","Advancements in Sexology","","","","159","181","0","","https://www.scopus.com/inward/record.uri?eid=2-s2.0-105005476664&partnerID=40&md5=1f1dbfb437bffd0f3e0a76d0635508cb","Book chapter","Final","","Scopus","2-s2.0-105005476664"
"Jensen A.H.; Herlin M.K.; Vogel I.; Lou S.","Jensen, Amalie Hahn (57222762946); Herlin, Morten Krogh (56222485900); Vogel, Ida (7005630657); Lou, Stina (16039746100)","57222762946; 56222485900; 7005630657; 16039746100","A life course perspective on Mayer-Rokitansky-Küster-Hauser syndrome: women’s experiences and negotiations of living with an underdeveloped uterus and vagina","2024","Disability and Rehabilitation","46","6","","1130","1140","8","10.1080/09638288.2023.2191014","https://www.scopus.com/inward/record.uri?eid=2-s2.0-85151922337&doi=10.1080%2F09638288.2023.2191014&partnerID=40&md5=d0cf9f912dfa8558857a96dc258da6fb","Article","Final","","Scopus","2-s2.0-85151922337"
"Lorenz J.","Lorenz, Judith (57194690477)","57194690477","Mayer-Rokitansky-Küster-Hauser syndrome: Vaginal dilation versus plastic surgery; [Mayer-Rokitansky-Küster-Hauser-Syndrom: Vaginaldilatation versus plastische OP]","2020","Geburtshilfe und Frauenheilkunde","80","8","","781","782","0","10.1055/a-1183-1265","https://www.scopus.com/inward/record.uri?eid=2-s2.0-85090381807&doi=10.1055%2Fa-1183-1265&partnerID=40&md5=ed1c3a272f9fc185a63c0a83b5999d76","Note","Final","","Scopus","2-s2.0-85090381807"
"Wang Y.; Ren C.; Bao X.; Kang J.; Ma Y.; Zhu L.","Wang, Yuan (57219388988); Ren, Chang (36104513200); Bao, Xinmiao (57414601500); Kang, Jia (57200554906); Ma, Yidi (57205672165); Zhu, Lan (57207922929)","57219388988; 36104513200; 57414601500; 57200554906; 57205672165; 57207922929","Ischial Spinous Fascia Fixation for Dilated Neovaginal Prolapse in Mayer-Rokitansky-Küster-Hauser Syndrome—2 Case Reports","2022","Journal of Pediatric and Adolescent Gynecology","35","3","","396","399","0","10.1016/j.jpag.2021.10.014","https://www.scopus.com/inward/record.uri?eid=2-s2.0-85122921978&doi=10.1016%2Fj.jpag.2021.10.014&partnerID=40&md5=a4c1e26730c5364a14ebd16dc1220252","Article","Final","","Scopus","2-s2.0-85122921978"
"Sevinç K.; Kulhan M.; Çelik Ç.","Sevinç, Kübra (59325125100); Kulhan, Mehmet (37034294800); Çelik, Çetin (36338971800)","59325125100; 37034294800; 36338971800","A rare case: Neovagina creation using McIndoe technique and total surgical approach in a patient with Mayer-Rokitansky-Küster-Hauser syndrome","2024","European Journal of Obstetrics and Gynecology and Reproductive Biology","302","","","173","176","0","10.1016/j.ejogrb.2024.09.009","https://www.scopus.com/inward/record.uri?eid=2-s2.0-85203808344&doi=10.1016%2Fj.ejogrb.2024.09.009&partnerID=40&md5=4d8ecdbd14c3b2c1c0735fbf9857d5e0","Article","Final","","Scopus","2-s2.0-85203808344"
"Calle J.J.R.","Calle, Juan José Reinoso (60237916300)","60237916300","Mayer-Rokitansky-Küster-Hauser syndrome type II. Case report","2025","Jornal Brasileiro de Reproducao Assistida","29","4","","827","833","0","10.5935/1518-0557.20250057","https://www.scopus.com/inward/record.uri?eid=2-s2.0-105024727457&doi=10.5935%2F1518-0557.20250057&partnerID=40&md5=e0cb2b04135906341cf79b1e4332f4a7","Article","Final","All Open Access; Green Open Access","Scopus","2-s2.0-105024727457"
"Asanidze E.; Kristesashvili J.; Asanidze A.; Jibladze A.; Gaphrindashvili G.; Asanidze B.; Bhatia R.","Asanidze, Elene (57205373026); Kristesashvili, Jenaro (55210366500); Asanidze, Aleksandre (58136081300); Jibladze, Ana (58914907000); Gaphrindashvili, Giorgi (59455868600); Asanidze, Besik (59456352900); Bhatia, Ritika (59457335600)","57205373026; 55210366500; 58136081300; 58914907000; 59455868600; 59456352900; 59457335600","Complexities of complete androgen insensitivity syndrome: insights from a case report and literature review","2024","Journal of International Medical Research","52","11","","","","3","10.1177/03000605241300058","https://www.scopus.com/inward/record.uri?eid=2-s2.0-85210933799&doi=10.1177%2F03000605241300058&partnerID=40&md5=113cac9ebebf0af0ab88a8333c17e75b","Article","Final","All Open Access; Gold Open Access; Green Open Access","Scopus","2-s2.0-85210933799"
"Vali S.; Jones B.P.; Sheikh S.; Saso S.; Quiroga I.; Smith J.R.","Vali, Saaliha (57215808014); Jones, Benjamin P. (57188666074); Sheikh, Sairah (58585422900); Saso, Srdjan (34979284200); Quiroga, Isabel (6602177041); Smith, J. Richard (7410180208)","57215808014; 57188666074; 58585422900; 34979284200; 6602177041; 7410180208","Attitudes, knowledge, and perceptions among women toward uterus transplantation and donation in the United Kingdom","2023","Frontiers in Medicine","10","","1223228","","","6","10.3389/fmed.2023.1223228","https://www.scopus.com/inward/record.uri?eid=2-s2.0-85169621480&doi=10.3389%2Ffmed.2023.1223228&partnerID=40&md5=92666ab2a40ff9d0d82c7bd7725b2c64","Article","Final","All Open Access; Gold Open Access; Green Open Access","Scopus","2-s2.0-85169621480"
"Järvholm S.; Enskog A.; Hammarling C.; Dahm-Kähler P.; Brännström M.","Järvholm, Stina (55944818700); Enskog, Anders (35571921300); Hammarling, Catrina (57218407222); Dahm-Kähler, Pernilla (6504057059); Brännström, Mats (7102373924)","55944818700; 35571921300; 57218407222; 6504057059; 7102373924","Uterus transplantation: Joys and frustrations of becoming a 'complete' woman-a qualitative study regarding self-image in the 5-year period after transplantation","2020","Human Reproduction","35","8","","1855","1863","27","10.1093/humrep/deaa143","https://www.scopus.com/inward/record.uri?eid=2-s2.0-85089124896&doi=10.1093%2Fhumrep%2Fdeaa143&partnerID=40&md5=7e203fea4e3afe8165bc5a529854d22c","Article","Final","All Open Access; Bronze Open Access","Scopus","2-s2.0-85089124896"
"Rall K.K.; Schöller D.; Kölle A.; Brucker S.","Rall, K.K. (6602149927); Schöller, D. (57191665839); Kölle, A. (57210450713); Brucker, S. (6505786944)","6602149927; 57191665839; 57210450713; 6505786944","Female genital malformations and surgical treatment; [Fehlbildungen des weiblichen Genitales und operative Therapie]","2021","Gynakologische Endokrinologie","19","1","","19","29","1","10.1007/s10304-020-00364-5","https://www.scopus.com/inward/record.uri?eid=2-s2.0-85098881964&doi=10.1007%2Fs10304-020-00364-5&partnerID=40&md5=3d949d0bdadef4cb5efe49a6875c44c5","Review","Final","","Scopus","2-s2.0-85098881964"
"Zhang X.; Qiu J.; Ding J.; Hua K.","Zhang, Xuyin (7410278131); Qiu, Junjun (36675543400); Ding, Jingxin (7402608261); Hua, Keqin (57203187482)","7410278131; 36675543400; 7402608261; 57203187482","Comparison of neovaginoplasty using acellular porcine small intestinal submucosa graft or Interceed in patients with Mayer–Rokitansky–Küster–Hauser syndrome","2019","Archives of Gynecology and Obstetrics","300","6","","1633","1636","14","10.1007/s00404-019-05352-0","https://www.scopus.com/inward/record.uri?eid=2-s2.0-85074681982&doi=10.1007%2Fs00404-019-05352-0&partnerID=40&md5=7657d037e91a83c9396609ce97ca9009","Article","Final","","Scopus","2-s2.0-85074681982"
"Gilfillan R.; Carter P.","Gilfillan, Rebecca (58635514200); Carter, Pelham (57216917348)","58635514200; 57216917348","Issues of identity, perceptions and isolation: An interpretative phenomenological analysis of women’s experience of Mayer-Rokitansky-Küster-Hauser (MRKH) syndrome","2024","Journal of Health Psychology","29","3","","200","212","11","10.1177/13591053231199253","https://www.scopus.com/inward/record.uri?eid=2-s2.0-85173432494&doi=10.1177%2F13591053231199253&partnerID=40&md5=f33aa548f44d9c6b2f5d610e0e590664","Article","Final","All Open Access; Green Open Access; Hybrid Gold Open Access","Scopus","2-s2.0-85173432494"
"Zhou Q.; Zhang X.; Li Y.; Hua K.; Ding J.","Zhou, Qi (58404714800); Zhang, Xuyin (7410278131); Li, Yanyun (57192521948); Hua, Keqin (57203187482); Ding, Jingxin (7402608261)","58404714800; 7410278131; 57192521948; 57203187482; 7402608261","Comparison of Sheares vaginoplasty, vaginoplasty using acellular porcine small intestinal submucosa graft and laparoscopic peritoneal vaginoplasty in patients with Mayer-Rokitansky-Küster-Hauser syndrome","2023","International Urogynecology Journal","34","2","","499","505","8","10.1007/s00192-022-05163-z","https://www.scopus.com/inward/record.uri?eid=2-s2.0-85128853708&doi=10.1007%2Fs00192-022-05163-z&partnerID=40&md5=d573b6c0663e5c16f91bef4e59821562","Article","Final","","Scopus","2-s2.0-85128853708"
"Karpel L.; Nicaise M.; Carbonnel M.; Le Marchand M.; Racowsky C.; Pirtea P.; Ayoubi J.-M.","Karpel, Léa (8873133400); Nicaise, Margaux (59495482900); Carbonnel, Marie (55987226400); Le Marchand, Mathilde (57219656459); Racowsky, Catherine (7004209868); Pirtea, Paul (56737504800); Ayoubi, Jean-Marc (7004229314)","8873133400; 59495482900; 55987226400; 57219656459; 7004209868; 56737504800; 7004229314","Psychological evaluation of candidates for the uterus transplantation French trial","2025","Acta Obstetricia et Gynecologica Scandinavica","104","3","","522","527","2","10.1111/aogs.15004","https://www.scopus.com/inward/record.uri?eid=2-s2.0-85213726728&doi=10.1111%2Faogs.15004&partnerID=40&md5=3eeb205ddd1f0f0230bbf08535eb5604","Article","Final","All Open Access; Gold Open Access; Green Open Access","Scopus","2-s2.0-85213726728"
"Baby A.; Pallam M.C.; Hayter M.","Baby, Anu (58706563100); Pallam, Manju C. (58706417800); Hayter, Mark (57207512091)","58706563100; 58706417800; 57207512091","Effectiveness of non-surgical interventions to improve health and well-being in women living with Mayer–Rokitansky–Kuster–Hauser syndrome: A systematic review","2024","Journal of Advanced Nursing","80","6","","2167","2201","2","10.1111/jan.15976","https://www.scopus.com/inward/record.uri?eid=2-s2.0-85177603105&doi=10.1111%2Fjan.15976&partnerID=40&md5=8cb2aaf13a2279262bb20d5694ec30d3","Review","Final","All Open Access; Bronze Open Access","Scopus","2-s2.0-85177603105"
"Chen N.; Song S.; Bao X.; Zhu L.","Chen, Na (36866119600); Song, Shuang (57215384853); Bao, Xinmiao (57414601500); Zhu, Lan (57207922929)","36866119600; 57215384853; 57414601500; 57207922929","Update on Mayer—Rokitansky—Küster—Hauser syndrome","2022","Frontiers of Medicine","16","6","","859","872","21","10.1007/s11684-022-0969-3","https://www.scopus.com/inward/record.uri?eid=2-s2.0-85144706757&doi=10.1007%2Fs11684-022-0969-3&partnerID=40&md5=c93d6eb692897358fd5c760789a021fb","Review","Final","","Scopus","2-s2.0-85144706757"
"Güner P.; Ulukaya T.; Pehlivan Sarıbudak T.","Güner, Perihan (8882430000); Ulukaya, Tuğba (59505282600); Pehlivan Sarıbudak, Tuğba (57215576160)","8882430000; 59505282600; 57215576160","“I felt like a woman”: A phenomenological qualitative study of disease-related experiences in Mayer-Rokitansky-Küster-Hauser syndrome (MRKH syndrome)","2025","Journal of Health Psychology","30","11","","3137","3152","1","10.1177/13591053241305941","https://www.scopus.com/inward/record.uri?eid=2-s2.0-85214405136&doi=10.1177%2F13591053241305941&partnerID=40&md5=fb5f44786c5549a333415d41d9c23c0a","Article","Final","","Scopus","2-s2.0-85214405136"
"Meutia A.P.; Harzif A.K.; Priyatini T.; Moegni F.; Hakim S.; Djusad S.","Meutia, Alfa P. (57203368133); Harzif, Achmad Kemal (57191493435); Priyatini, Tyas (57192265423); Moegni, Fernandi (55450456100); Hakim, Surahman (57192276095); Djusad, Suskhan (57192276788)","57203368133; 57191493435; 57192265423; 55450456100; 57192276095; 57192276788","Introducing Modified Technique of Combined Vaginal and Laparoscopic Approach for Creation of Neovagina","2023","International Journal of Surgery Case Reports","106","","108164","","","1","10.1016/j.ijscr.2023.108164","https://www.scopus.com/inward/record.uri?eid=2-s2.0-85152965280&doi=10.1016%2Fj.ijscr.2023.108164&partnerID=40&md5=8c5b412027bbfebba9747c9202d87b93","Article","Final","All Open Access; Gold Open Access; Green Open Access","Scopus","2-s2.0-85152965280"
"Cheikhelard A.; Bidet M.; Baptiste A.; Viaud M.; Fagot C.; Khen-Dunlop N.; Louis-Sylvestre C.; Sarnacki S.; Touraine P.; Elie C.; Aigrain Y.; Polak M.","Cheikhelard, Alaa (6507360335); Bidet, Maud (25935881200); Baptiste, Amandine (57191368973); Viaud, Magali (26026500400); Fagot, Christine (57203636030); Khen-Dunlop, Naziha (15839353700); Louis-Sylvestre, Christine (6603436346); Sarnacki, Sabine (55121369800); Touraine, Philippe (7004533894); Elie, Caroline (7004398553); Aigrain, Yves (7005187236); Polak, Michel (7202563576)","6507360335; 25935881200; 57191368973; 26026500400; 57203636030; 15839353700; 6603436346; 55121369800; 7004533894; 7004398553; 7005187236; 7202563576","Surgery Is Not Superior to Dilation for the Management of Vaginal Agenesis in Mayer-Rokitansky-Küster-Hauser Syndrome: A Multicenter Comparative Observational Study in 131 Patients","2019","Obstetrical and Gynecological Survey","74","2","","79","80","1","10.1097/OGX.0000000000000644","https://www.scopus.com/inward/record.uri?eid=2-s2.0-85061174859&doi=10.1097%2FOGX.0000000000000644&partnerID=40&md5=3d29c4402eb4580231ec1af1304c6fff","Note","Final","","Scopus","2-s2.0-85061174859"
"Carroll S.; Laufer M.R.; Thomas-Kowal P.; Lossie A.C.; Moss-Morris R.","Carroll, Susan (57125535300); Laufer, Marc R. (7102979268); Thomas-Kowal, Phaedra (57218568196); Lossie, Amy C. (60051756700); Moss-Morris, Rona (55883806600)","57125535300; 7102979268; 57218568196; 60051756700; 55883806600","From Engulfment to Enrichment: Associations Between Illness Representations, Self-Concept, and Psychological Adjustment in Mayer-Rokitansky-Küster-Hauser Syndrome","2020","Journal of Pediatric and Adolescent Gynecology","33","6","","639","648","9","10.1016/j.jpag.2020.07.006","https://www.scopus.com/inward/record.uri?eid=2-s2.0-85089589236&doi=10.1016%2Fj.jpag.2020.07.006&partnerID=40&md5=77acfdad3bdcedcb54e8abe8e8cb9a79","Article","Final","","Scopus","2-s2.0-85089589236"
"Mishra S.; Sapkale B.; Singh S.; Jha A.; Chaudhari K.","Mishra, Sanskar (59313249900); Sapkale, Bhagyesh (59155526700); Singh, Shreya (59312631600); Jha, Asha (55627694900); Chaudhari, Kamlesh (58749800100)","59313249900; 59155526700; 59312631600; 55627694900; 58749800100","Comprehensive management of MayerRokitansky-Küster-Hauser syndrome management: A case report","2024","Narra J","4","2","e755","","","1","10.52225/narra.v4i2.755","https://www.scopus.com/inward/record.uri?eid=2-s2.0-85203082622&doi=10.52225%2Fnarra.v4i2.755&partnerID=40&md5=79f478fb702eb4e4bb5384a5e9c32a47","Article","Final","All Open Access; Gold Open Access; Green Open Access","Scopus","2-s2.0-85203082622"
"Serrano S.; Pereira I.; Henriques A.; Valentim-Lourenço A.","Serrano, Sílvia (57960883100); Pereira, Inês (56835230600); Henriques, Alexandra (23034310900); Valentim-Lourenço, Alexandre (55951344000)","57960883100; 56835230600; 23034310900; 55951344000","Neovagina in Mayer-Rokitansky-Küster-Hauser (MRKH) Syndrome: Vaginoplasty Using Ileal Flap","2023","Acta Medica Portuguesa","36","6","","408","415","1","10.20344/amp.18563","https://www.scopus.com/inward/record.uri?eid=2-s2.0-85163238186&doi=10.20344%2Famp.18563&partnerID=40&md5=416f52584158ebd27680f1085cd686ed","Article","Final","All Open Access; Gold Open Access; Green Open Access","Scopus","2-s2.0-85163238186"
"De Kort L.M.O.; Brits T.; Brucker S.; Polm P.; Rall K.; Stein R.; Steinmacher S.; Tyler K.; Younsi N.","De Kort, Laetitia M.O. (6603405038); Brits, Tim (56136551700); Brucker, Sara (6505786944); Polm, Pepijn (57195774518); Rall, Katharina (6602149927); Stein, Raimund (7402952710); Steinmacher, Sahra (56163396200); Tyler, Kate (58973083900); Younsi, Nina (57214666302)","6603405038; 56136551700; 6505786944; 57195774518; 6602149927; 7402952710; 56163396200; 58973083900; 57214666302","Expertise Area 2.6: Adult urogenital reconstructive surgery","2024","Rare and Complex Urology","","","","245","251","0","10.1016/B978-0-323-99934-2.00025-5","https://www.scopus.com/inward/record.uri?eid=2-s2.0-85189583033&doi=10.1016%2FB978-0-323-99934-2.00025-5&partnerID=40&md5=b4022ee4327813821ac061812f080491","Book chapter","Final","","Scopus","2-s2.0-85189583033"
"Habek D.","Habek, Dubravko (36977659900)","36977659900","Letter to the Editor: Sexuality After Laparoscopic-Assisted Davydov's Neovaginoplasty in Mayer-Rokitansky-Küster-Hauser Syndrome","2023","Journal of Obstetrics and Gynaecology Canada","45","2","","112","113","0","10.1016/j.jogc.2022.08.019","https://www.scopus.com/inward/record.uri?eid=2-s2.0-85150062035&doi=10.1016%2Fj.jogc.2022.08.019&partnerID=40&md5=263c26e41c0a14a557a91a2beedade00","Letter","Final","","Scopus","2-s2.0-85150062035"
"Adamiak-Godlewska A.; Skorupska K.; Rechberger T.; Romanek-Piva K.; Miotła P.","Adamiak-Godlewska, Aneta (6602470486); Skorupska, Katarzyna (56835528400); Rechberger, Tomasz (7006080439); Romanek-Piva, Katarzyna (55763432200); Miotła, Paweł (14039600800)","6602470486; 56835528400; 7006080439; 55763432200; 14039600800","Urogynecological and sexual functions after vecchietti reconstructive surgery","2019","BioMed Research International","2019","","2360185","","","15","10.1155/2019/2360185","https://www.scopus.com/inward/record.uri?eid=2-s2.0-85062888532&doi=10.1155%2F2019%2F2360185&partnerID=40&md5=4de02dde37cb0f3b947f55013fee8a6a","Article","Final","All Open Access; Green Open Access; Hybrid Gold Open Access","Scopus","2-s2.0-85062888532"
"Yang L.; Xu G.; Tao K.; Lv G.; Wang Z.","Yang, Lu (56174525600); Xu, Guanghua (59169599700); Tao, Kaixiong (57213077144); Lv, Gang (57208686090); Wang, Zehua (12242955600)","56174525600; 59169599700; 57213077144; 57208686090; 12242955600","Laparoscopic Sigmoid Vaginoplasty for the Treatment of Mayer–Rokitansky–Kuster–Hauser Syndrome in a Single Center: 20 years’ Experience","2024","International Urogynecology Journal","35","7","","1503","1510","2","10.1007/s00192-024-05829-w","https://www.scopus.com/inward/record.uri?eid=2-s2.0-85195809165&doi=10.1007%2Fs00192-024-05829-w&partnerID=40&md5=de24fd118e1b3535f60574a7516c0618","Article","Final","All Open Access; Green Open Access; Hybrid Gold Open Access","Scopus","2-s2.0-85195809165"
"Sabatucci I.; Palaia I.; Marchese C.; Muzii L.; Morte C.D.; Giorgini M.; Musella A.; Ceccarelli S.; Vescarelli E.; Panici P.B.","Sabatucci, I. (55839493500); Palaia, I. (6506296005); Marchese, C. (7003899981); Muzii, L. (7003609012); Morte, C Della (57204427429); Giorgini, M. (25925813000); Musella, A. (22035776700); Ceccarelli, S. (7004821760); Vescarelli, E. (55651402900); Panici, P.B. (36970743000)","55839493500; 6506296005; 7003899981; 7003609012; 57204427429; 25925813000; 22035776700; 7004821760; 55651402900; 36970743000","Treatment of the Mayer–Rokitansky–Küster–Hauser syndrome with autologous in vitro cultured vaginal tissue: descriptive study of long-term results and patient outcomes","2019","BJOG: An International Journal of Obstetrics and Gynaecology","126","1","","123","127","16","10.1111/1471-0528.15477","https://www.scopus.com/inward/record.uri?eid=2-s2.0-85055486389&doi=10.1111%2F1471-0528.15477&partnerID=40&md5=ffc7d3ba06fd272df03b591ea684c485","Article","Final","All Open Access; Bronze Open Access; Green Open Access","Scopus","2-s2.0-85055486389"
"Díaz-Yamal I.J.; Rodríguez-Albarracín M.A.; Pinto D.; Bermúdez L.; Heredia A.M.","Díaz-Yamal, Ivonne Jeannette (24502791900); Rodríguez-Albarracín, Mario Andrés (59693604000); Pinto, Daniela (60508731700); Bermúdez, Luis (8602820000); Heredia, Ana María (60507703700)","24502791900; 59693604000; 60508731700; 8602820000; 60507703700","Innovation in Vaginoplasty: Integration of a Silicone Tissue Expander Prosthesis Into the McIndoe Technique—A Case Report","2026","Case Reports in Obstetrics and Gynecology","2026","1","4140462","","","0","10.1155/crog/4140462","https://www.scopus.com/inward/record.uri?eid=2-s2.0-105032823623&doi=10.1155%2Fcrog%2F4140462&partnerID=40&md5=3445de450e7eb527049f9a65ff739a08","Article","Final","All Open Access; Gold Open Access","Scopus","2-s2.0-105032823623"
"Apfel V.R.; Takano C.C.; Marquini G.V.; de Jarmy di Bella Z.I.K.; Girão M.J.B.C.; Sartori M.G.F.","Apfel, Vanessa R. (57214538749); Takano, Claudia C. (7003606538); Marquini, Gisele V. (56400944200); de Jarmy di Bella, Zsuzsanna I. K. (57224157289); Girão, Manoel J. B. C. (7003592064); Sartori, Marair G. F. (7102592635)","57214538749; 7003606538; 56400944200; 57224157289; 7003592064; 7102592635","Treatment for vaginal agenesis: A prospective and comparative study between vaginal dilation and surgical neovaginoplasty","2022","International Journal of Gynecology and Obstetrics","157","3","","574","581","15","10.1002/ijgo.13931","https://www.scopus.com/inward/record.uri?eid=2-s2.0-85116412862&doi=10.1002%2Fijgo.13931&partnerID=40&md5=3987a368cbc7a0dd67246075006fda10","Article","Final","","Scopus","2-s2.0-85116412862"
"Sinha A.; Amrita; Sinha M.; Biswas P.","Sinha, A. (16065257000); Amrita (59013371200); Sinha, M. (59155002900); Biswas, P. (57212156817)","16065257000; 59013371200; 59155002900; 57212156817","Anatomical and Functional Evaluation of Modified Abbe-McIndoe Vaginoplasty at a Tertiary Care Hospital","2024","Nigerian Journal of Clinical Practice","27","5","","643","646","1","10.4103/njcp.njcp_874_23","https://www.scopus.com/inward/record.uri?eid=2-s2.0-85195073368&doi=10.4103%2Fnjcp.njcp_874_23&partnerID=40&md5=afe4ffd86b1f7899eea7450242ac634a","Article","Final","All Open Access; Gold Open Access","Scopus","2-s2.0-85195073368"
"Gueniche K.; Vibert S.; Guinard M.; Polak M.; Ouallouche C.; Nataf N.; Bidet M.; Cheikhelard A.; Paniel J.-B.; Louis-Sylvestre C.; Morcel K.; Viaud M.; Elie C.; Baptiste A.; Aigrain Y.; Darai E.; Rouzier R.; Descamps P.; Brun J.-L.; Ranke A.; Lopes P.; Pienkowski C.; Leguevaque P.","Gueniche, Karinne (6507635168); Vibert, Sarah (23979057900); Guinard, Maïa (15062893200); Polak, Michel (7202563576); Ouallouche, Chloé (57203638416); Nataf, Nicole (56079923500); Bidet, Maud (25935881200); Cheikhelard, Alaa (6507360335); Paniel, Jean-Bertrand (57218420143); Louis-Sylvestre, Christine (6603436346); Morcel, Karine (16234150900); Viaud, Magali (26026500400); Elie, Caroline (7004398553); Baptiste, Amandine (57191368973); Aigrain, Yves (7005187236); Darai, Emile (7006576300); Rouzier, Roman (56045643400); Descamps, Philippe (35548971000); Brun, Jean-Luc (7202513888); Ranke, Aline (6508230128); Lopes, Patrice (7103176091); Pienkowski, Catherine (7003561024); Leguevaque, Pierre (24385627100)","6507635168; 23979057900; 15062893200; 7202563576; 57203638416; 56079923500; 25935881200; 6507360335; 57218420143; 6603436346; 16234150900; 26026500400; 7004398553; 57191368973; 7005187236; 7006576300; 56045643400; 35548971000; 7202513888; 6508230128; 7103176091; 7003561024; 24385627100","The Troublesome Feminine: Significant Weight Gain in Young Women After a Diagnosis of Utero-Vaginal Agenesis; [Quand le féminin est mis à mal … À propos d'une prise de poids significative chez des jeunes femmes en post-annonce diagnostique d'une agénésie utéro-vaginale]","2020","Evolution Psychiatrique","85","4","","607","618","0","10.1016/j.evopsy.2020.05.001","https://www.scopus.com/inward/record.uri?eid=2-s2.0-85089147823&doi=10.1016%2Fj.evopsy.2020.05.001&partnerID=40&md5=737ebfb33724a37a744c5c0df9526e0d","Article","Final","","Scopus","2-s2.0-85089147823"
"Bleijenberg F.; Weijenborg P.T.M.; Kluivers K.B.; Both S.","Bleijenberg, F. (59548309700); Weijenborg, P.T.M. (15836030100); Kluivers, K.B. (16039968600); Both, S. (6603372629)","59548309700; 15836030100; 16039968600; 6603372629","Sexual, relational, and psychological functioning in male partners of women with reported Mayer–Rokitansky–Kuster–Hauser syndrome—a case–control study","2025","Human Reproduction","40","2","","335","342","0","10.1093/humrep/deae288","https://www.scopus.com/inward/record.uri?eid=2-s2.0-85217220504&doi=10.1093%2Fhumrep%2Fdeae288&partnerID=40&md5=23c385805018cacc1bda0b7974470607","Article","Final","All Open Access; Bronze Open Access; Green Open Access","Scopus","2-s2.0-85217220504"
"Le T.T.Q.; Le N.T.H.; Vu T.A.; Nguyen H.H.; Vuong L.N.","Le, Thanh T. Q. (59135795800); Le, Nhung T. H. (59136753000); Vu, Tuan A. (59136210000); Nguyen, Hoa H. (59136348400); Vuong, Lan N. (57200291454)","59135795800; 59136753000; 59136210000; 59136348400; 57200291454","Perception of having children through surrogacy in individuals with MRKH in Vietnam: a qualitative study","2024","Frontiers in Psychology","15","","1372405","","","1","10.3389/fpsyg.2024.1372405","https://www.scopus.com/inward/record.uri?eid=2-s2.0-85193710094&doi=10.3389%2Ffpsyg.2024.1372405&partnerID=40&md5=489641f44976a8d31e375230b1943345","Article","Final","All Open Access; Gold Open Access; Green Open Access","Scopus","2-s2.0-85193710094"
"Duan J.; Chen N.; Gao Q.; Huang R.; Song S.; Kang J.; Liu X.; Gu X.; Deng S.; Zhu L.","Duan, Jiali (57409374200); Chen, Na (36866119600); Gao, Qianqian (57428999400); Huang, Roujie (57249478800); Song, Shuang (57215384853); Kang, Jia (57200554906); Liu, Xia (57216352625); Gu, Xiangyu (59274620300); Deng, Shan (56607690500); Zhu, Lan (57207922929)","57409374200; 36866119600; 57428999400; 57249478800; 57215384853; 57200554906; 57216352625; 59274620300; 56607690500; 57207922929","Sexual functional outcomes of vaginal dilation therapy for MRKH syndrome: a prospective study; [MRKH综合征患者顶压法人工阴道成形术的性功能评价]","2024","Chinese Journal of Obstetrics and Gynecology","59","7","","540","547","0","10.3760/cma.j.cn112141-20240318-00159","https://www.scopus.com/inward/record.uri?eid=2-s2.0-85200206756&doi=10.3760%2Fcma.j.cn112141-20240318-00159&partnerID=40&md5=43701e3f84f9882a21a99d198d974d44","Article","Final","","Scopus","2-s2.0-85200206756"
"Adamyan R.T.; Blbulyan A.K.; Startseva O.I.; Imanova K.Z.","Adamyan, R.T. (55292123600); Blbulyan, A.K. (55891037900); Startseva, O.I. (15849227200); Imanova, Kh Z. (58722204100)","55292123600; 55891037900; 15849227200; 58722204100","Vaginal reconstruction with Singapore flaps in Mayer-Rokitansky-Küster-Hauser syndrome","2023","Plastic Surgery and Aesthetic Medicine","2023","4","","27","36","0","10.17116/plast.hirurgia202304127","https://www.scopus.com/inward/record.uri?eid=2-s2.0-85177885464&doi=10.17116%2Fplast.hirurgia202304127&partnerID=40&md5=58c0f1462b0f21bfaabcc8802d10ca1e","Article","Final","","Scopus","2-s2.0-85177885464"
"Scollo P.; Pecorino B.; La Spina S.; Veroux P.; Giaquinta A.; Scibilia G.","Scollo, P. (57006505100); Pecorino, Basilio (57006602900); La Spina, S. (57208035314); Veroux, P. (7004372833); Giaquinta, A. (24478646300); Scibilia, G. (7003621922)","57006505100; 57006602900; 57208035314; 7004372833; 24478646300; 7003621922","Psychological and personality assessment in patients candidates for Uterus Transplantation from deceased donor: preliminary results","2020","Italian Journal of Gynaecology and Obstetrics","32","4","","287","292","4","10.36129/jog.32.04.08","https://www.scopus.com/inward/record.uri?eid=2-s2.0-85126288685&doi=10.36129%2Fjog.32.04.08&partnerID=40&md5=d3d25eb62f1cc2f4fa464dca1ec19dd3","Article","Final","All Open Access; Bronze Open Access; Green Open Access","Scopus","2-s2.0-85126288685"
"Chmel R., Jr.; Pastor Z.; Mužík M.; Brtnický T.; Nováčková M.","Chmel, Roman (6602875181); Pastor, Z. (6508161045); Mužík, M. (57212340645); Brtnický, T. (36496587800); Nováčková, M. (6602412989)","6602875181; 6508161045; 57212340645; 36496587800; 6602412989","Syndrome Mayer-Rokitansky-Küster-Hauser - Uterine and vaginal agenesis: Current knowledge and therapeutic options; [Syndrom Mayer-Rokitansky-Küster- Hauser - Ageneze delohy a pochvy: Aktuální znalosti a terapeutické možnosti]","2019","Ceska Gynekologie","84","5","","386","392","14","","https://www.scopus.com/inward/record.uri?eid=2-s2.0-85076500009&partnerID=40&md5=d0ebf333ad90208bf3d7c92ffbbb592e","Article","Final","","Scopus","2-s2.0-85076500009"
"Tsitoura A.; Michala L.","Tsitoura, Anastasia (6504663783); Michala, Lina (22958176800)","6504663783; 22958176800","The Sexuality of Adolescents and Young Women With MRKH Syndrome: A Qualitative Study","2021","Journal of Sexual Medicine","18","12","","2012","2019","11","10.1016/j.jsxm.2021.09.006","https://www.scopus.com/inward/record.uri?eid=2-s2.0-85116913102&doi=10.1016%2Fj.jsxm.2021.09.006&partnerID=40&md5=d76704415046bff603a2bf11befaf724","Article","Final","","Scopus","2-s2.0-85116913102"
"Güner P.; Ulukaya T.","Güner, Perihan (8882430000); Ulukaya, Tuğba (59505282600)","8882430000; 59505282600","From Avoidance to Empowerment: Coping Strategies in Women With Müllerian agenesis (MRKH) After McIndoe Reconstruction: A Descriptive Phenomenological Study","2025","Journal of Pediatric and Adolescent Gynecology","","","","","","0","10.1016/j.jpag.2025.10.013","https://www.scopus.com/inward/record.uri?eid=2-s2.0-105025207579&doi=10.1016%2Fj.jpag.2025.10.013&partnerID=40&md5=6e062cc6a10d4db77ddf30296703c226","Article","Article in press","","Scopus","2-s2.0-105025207579"
"Rajesh Z.; Marshall N.; Hunker K.E.; Merletti J.; Garas M.; Morton A.; Ball S.A.; Gibson M.E.S.; Pukall C.F.","Rajesh, Zwetlana (59212432700); Marshall, Nisha (59131895300); Hunker, Kate E. (58913103500); Merletti, Jessica (58735657600); Garas, Melody (59538098200); Morton, Ashley (60285145800); Ball, Sunni Anne (59538098300); Gibson, M. E. Sophie (57214932361); Pukall, Caroline F. (6602518216)","59212432700; 59131895300; 58913103500; 58735657600; 59538098200; 60285145800; 59538098300; 57214932361; 6602518216","Understanding the impact of Mayer-Rokitansky-Küster-Hauser syndrome on sexual wellbeing—a qualitative study","2026","Journal of Sexual Medicine","23","1","qdaf309","","","0","10.1093/jsxmed/qdaf309","https://www.scopus.com/inward/record.uri?eid=2-s2.0-105026709135&doi=10.1093%2Fjsxmed%2Fqdaf309&partnerID=40&md5=918d9157749e29c45c897447f6340817","Article","Final","All Open Access; Hybrid Gold Open Access","Scopus","2-s2.0-105026709135"
"Wang W.; Chen F.; Cheng J.; Peng S.; Ye H.","Wang, Wenli (57216854747); Chen, Fang (59039591700); Cheng, Jiumei (9746768400); Peng, Shuyan (57221860660); Ye, Hong (56810175100)","57216854747; 59039591700; 9746768400; 57221860660; 56810175100","Effects of different vaginal mould use approaches after vaginoplasty with artificial dermis in patients with Mayer–Rokitansky–Küster–Hauser syndrome","2021","Journal of International Medical Research","49","2","","","","1","10.1177/0300060521990519","https://www.scopus.com/inward/record.uri?eid=2-s2.0-85100494183&doi=10.1177%2F0300060521990519&partnerID=40&md5=2d75f69096e005267ef4d1c1e1967589","Article","Final","All Open Access; Gold Open Access; Green Open Access","Scopus","2-s2.0-85100494183"
"Di Mattei V.E.; Taranto P.; Perego G.; Caneva M.; Parma M.; Fontana E.; Candiani M.; Montali L.","Di Mattei, Valentina Elisabetta (6504721672); Taranto, Paola (57195735577); Perego, Gaia (57215651542); Caneva, Margherita (59258026500); Parma, Marta (44361489500); Fontana, Eleonora (12446794000); Candiani, Massimo (7003321868); Montali, Lorenzo (6504231980)","6504721672; 57195735577; 57215651542; 59258026500; 44361489500; 12446794000; 7003321868; 6504231980","Illness experience and (unmet) needs of women with Mayer-Rokitansky-Küster-Hauser Syndrome (MRKH): a qualitative analysis of an online forum","2026","Psychology and Health","41","1","","53","75","3","10.1080/08870446.2024.2390647","https://www.scopus.com/inward/record.uri?eid=2-s2.0-85201064554&doi=10.1080%2F08870446.2024.2390647&partnerID=40&md5=4c214155c258d6f04f17262e60ac3163","Article","Final","","Scopus","2-s2.0-85201064554"
"Varlas V.N.; Rhazi Y.; Varlas R.G.; Ouzaher H.; Rhazi B.","Varlas, Valentin Nicolae (6504535031); Rhazi, Yassin (57209293400); Varlas, Roxana Georgiana (58798654500); Ouzaher, Hamza (59654124500); Rhazi, Benyounes (59655992600)","6504535031; 57209293400; 58798654500; 59654124500; 59655992600","A New Ten-Step Surgical Approach to Mayer–Rokitansky–Küster–Hauser Syndrome—A Preliminary Report of Three Cases","2025","Journal of Clinical Medicine","14","4","1136","","","0","10.3390/jcm14041136","https://www.scopus.com/inward/record.uri?eid=2-s2.0-85218896202&doi=10.3390%2Fjcm14041136&partnerID=40&md5=ee3806992d24eba0dbb6c3ae41eca5e0","Article","Final","All Open Access; Gold Open Access; Green Open Access","Scopus","2-s2.0-85218896202"
"Chmel R., Jr.; Nováčková M.; Chubanovová N.; Pastor Z.","Chmel, Roman (6602875181); Nováčková, M. (6602412989); Chubanovová, N. (57226088737); Pastor, Z. (6508161045)","6602875181; 6602412989; 57226088737; 6508161045","Sexuality in women with mayer-rokitansky-küster-hauser syndrome; [Sexualita žen se syndromem mayer-rokitansky-küster-hauser]","2021","Ceska Gynekologie","86","3","","194","199","3","10.48095/cccg2021194","https://www.scopus.com/inward/record.uri?eid=2-s2.0-85109421636&doi=10.48095%2Fcccg2021194&partnerID=40&md5=f52efeaa3a106cd3a70ac2a2b541b154","Article","Final","","Scopus","2-s2.0-85109421636"
"Linder B.J.; Gebhart J.B.","Linder, Brian J. (55533704000); Gebhart, John B. (7005209953)","55533704000; 7005209953","McIndoe neovagina creation for the management of vaginal agenesis","2021","International Urogynecology Journal","32","2","","453","455","9","10.1007/s00192-020-04425-y","https://www.scopus.com/inward/record.uri?eid=2-s2.0-85087870109&doi=10.1007%2Fs00192-020-04425-y&partnerID=40&md5=b46c4154d9e806631047cb7bc34a41ae","Article","Final","","Scopus","2-s2.0-85087870109"
"Schäffeler N.; Beckmann J.; Schenk B.; Schöller D.; Wallwiener D.; Enck P.; Teufel M.; Zipfel S.; Rall K.; Brucker S.","Schäffeler, Norbert (36140744600); Beckmann, Julia (57760510300); Schenk, Bernadette (57242453500); Schöller, Dorit (57191665839); Wallwiener, Diethelm (57207906062); Enck, Paul (7005585406); Teufel, Martin (7003545300); Zipfel, Stephan (7004510924); Rall, Katharina (6602149927); Brucker, Sara (6505786944)","36140744600; 57760510300; 57242453500; 57191665839; 57207906062; 7005585406; 7003545300; 7004510924; 6602149927; 6505786944","Burden of Affected Persons with MRKH Syndrome: Effect of an Intervention to Support Surgical Neovaginal Placement; [Belastung von Betroffenen mit MRKH-Syndrom: Effekt einer Intervention zur Unterstützung bei Neovagina-Anlage]","2022","PPmP Psychotherapie Psychosomatik Medizinische Psychologie","72","11","","473","480","0","10.1055/a-1778-5194","https://www.scopus.com/inward/record.uri?eid=2-s2.0-85132615014&doi=10.1055%2Fa-1778-5194&partnerID=40&md5=a4a9b9b2399cc3545b7525a73356c937","Article","Final","","Scopus","2-s2.0-85132615014"
"Ramírez-Isarraraz C.; Rodríguez-Colorado E.S.; Gorbea-Chávez V.; Granados-Martínez V.; Olvera-Delgado J.J.; Bravo-Canales G.R.","Ramírez-Isarraraz, Carlos (17135740300); Rodríguez-Colorado, Esther Silvia (18438010200); Gorbea-Chávez, Viridiana (8338866200); Granados-Martínez, Verónica (57195610893); Olvera-Delgado, José Jonatán (57210112757); Bravo-Canales, Germán Román (57210114358)","17135740300; 18438010200; 8338866200; 57195610893; 57210112757; 57210114358","Mayer-Rokitansky-Küster-Hauser syndrome with pelvic organ prolapse: Case report.; [Síndrome Mayer-Rokitansky-Küster-Hauser con prolapso de órganos pélvicos: reporte de un caso]","2020","Ginecologia y Obstetricia de Mexico","88","1","","54","58","0","10.24245/gom.v88i1.3485","https://www.scopus.com/inward/record.uri?eid=2-s2.0-85090911271&doi=10.24245%2Fgom.v88i1.3485&partnerID=40&md5=b5194013a17acdab45fc23301efd22a3","Article","Final","","Scopus","2-s2.0-85090911271"
"Dabaghi S.; Zandi M.; Ilkhani M.","Dabaghi, Sahar (57205322525); Zandi, Mitra (8845110200); Ilkhani, Mahnaz (56730792000)","57205322525; 8845110200; 56730792000","Sexual satisfaction in patients with Mayer-Rokitansky-Küster-Hauser syndrome after surgical and non-surgical techniques: a systematic review","2019","International Urogynecology Journal","30","3","","353","362","23","10.1007/s00192-018-3854-5","https://www.scopus.com/inward/record.uri?eid=2-s2.0-85059505824&doi=10.1007%2Fs00192-018-3854-5&partnerID=40&md5=ac841e219d52f38e9bdbc5d30804dde7","Review","Final","","Scopus","2-s2.0-85059505824"
"Zhao X.; Zhang Y.; Zhang M.; Zhang H.; Tian Y.; Kang S.","Zhao, Xiwa (23098713800); Zhang, Yanan (59647493800); Zhang, Mengmeng (57225096791); Zhang, Haibo (57029472300); Tian, Yunjie (57221397486); Kang, Shan (12753505300)","23098713800; 59647493800; 57225096791; 57029472300; 57221397486; 12753505300","Comparison of two laparoscopic vaginoplasties using a single peritoneal flap in patients with Mayer-Rokitansky-Küster-Hauser syndrome","2022","International Urogynecology Journal","33","9","","2543","2549","3","10.1007/s00192-021-04921-9","https://www.scopus.com/inward/record.uri?eid=2-s2.0-85109165480&doi=10.1007%2Fs00192-021-04921-9&partnerID=40&md5=f9a01fa3249ef4fe3257cadca045c229","Article","Final","","Scopus","2-s2.0-85109165480"
"Brucker S.Y.; Hentrich T.; Schulze-Hentrich J.M.; Pietzsch M.; Wajngarten N.; Singh A.R.; Rall K.; Koch A.","Brucker, Sara Y. (6505786944); Hentrich, Thomas (6504327770); Schulze-Hentrich, Julia M. (26531707000); Pietzsch, Martin (57351619200); Wajngarten, Noel (57352522100); Singh, Anjali Ralhan (57352068400); Rall, Katharina (6602149927); Koch, André (57196815501)","6505786944; 6504327770; 26531707000; 57351619200; 57352522100; 57352068400; 6602149927; 57196815501","Endometrial organoids derived from Mayer–Rokitansky–Küster–Hauser syndrome patients provide insights into disease-causing pathways","2022","DMM Disease Models and Mechanisms","15","5","dmm049379","","","13","10.1242/dmm.049379","https://www.scopus.com/inward/record.uri?eid=2-s2.0-85130000219&doi=10.1242%2Fdmm.049379&partnerID=40&md5=93cafe43f2c6b93eaf4c1ad8a77733f4","Article","Final","All Open Access; Gold Open Access; Green Open Access","Scopus","2-s2.0-85130000219"
"Restrepo L.G.E.; Medina A.E.; Londoño M.G.; Torres L.F.L.; Mejía A.G.; López C.P.H.","Restrepo, Luis Guillermo Echavarría (57210342003); Medina, Adriana Echavarría (57195719482); Londoño, Mauricio Gómez (57210346286); Torres, Luisa Fernanda López (57210343827); Mejía, Angélica Gallego (57210345989); López, Claudia Patricia Henao (57075667900)","57210342003; 57195719482; 57210346286; 57210343827; 57210345989; 57075667900","Case series report: Neovagina in patients with Mayer-Rokitansky-Küster-Hauser syndrome; [Reporte de serie de casos: Neovagina en pacientes con Síndrome Mayer-Rokitansky-Kuster-Hauser]","2019","Revista Chilena de Obstetricia y Ginecologia","84","3","","236","244","0","10.4067/s0717-75262019000300236","https://www.scopus.com/inward/record.uri?eid=2-s2.0-85070364126&doi=10.4067%2Fs0717-75262019000300236&partnerID=40&md5=291ad8111053ddd47cae3047222fdd59","Article","Final","All Open Access; Hybrid Gold Open Access","Scopus","2-s2.0-85070364126"
"Sorouri Khorashad B.; Kaabi O.; Gardner M.D.; Getahun D.; Goodman M.; Lash T.L.; Lee P.A.; McCracken C.; May J.; Muzik M.; Vupputuri S.; Yacoub R.; Sandberg D.E.","Sorouri Khorashad, Behzad (57217065860); Kaabi, Oumaima (57205332524); Gardner, Melissa D (53263529200); Getahun, Darios (57203057112); Goodman, Michael (7401997496); Lash, Timothy L (7005928940); Lee, Peter A (7406119319); McCracken, Courtney (17835427900); May, Joshua (59967080200); Muzik, Maria (6701312009); Vupputuri, Suma (57203897559); Yacoub, Rami (26029270000); Sandberg, David E (57205523996)","57217065860; 57205332524; 53263529200; 57203057112; 7401997496; 7005928940; 7406119319; 17835427900; 59967080200; 6701312009; 57203897559; 26029270000; 57205523996","Psychiatric Comorbidities in Women with Complete Androgen Insensitivity Syndrome or Müllerian Duct Aplasia/Agenesis","2025","Journal of Clinical Endocrinology and Metabolism","110","7","","1906","1914","2","10.1210/clinem/dgae720","https://www.scopus.com/inward/record.uri?eid=2-s2.0-105009262736&doi=10.1210%2Fclinem%2Fdgae720&partnerID=40&md5=e25ece09d3f7b89b3ba7efd1ffc5c29f","Article","Final","All Open Access; Green Open Access","Scopus","2-s2.0-105009262736"
"Mat M.A.C.","Mat, Mohammad Azmi Che (57215532398)","57215532398","Menstrual Disorders","2025","Screen, Diagnose, Manage and Monitor: A GP Primer to Common Clinical Conditions","","","","1187","1194","0","10.1007/978-981-97-7640-5_134","https://www.scopus.com/inward/record.uri?eid=2-s2.0-105025617831&doi=10.1007%2F978-981-97-7640-5_134&partnerID=40&md5=bc344121c5fe8f075263a271466c24fc","Book chapter","Final","","Scopus","2-s2.0-105025617831"
"Liang G.; Xia W.; Liang Y.; Zhu Q.; Zou L.; Zhang J.; Jiang H.","Liang, Guiling (57202006950); Xia, Wei (59858202300); Liang, Yan (57202415560); Zhu, Qian (56447548600); Zou, Lujia (55845645900); Zhang, Jian (59072047600); Jiang, Haowen (24724620000)","57202006950; 59858202300; 57202415560; 56447548600; 55845645900; 59072047600; 24724620000","Mayer-Rokitansky-Küster-Hauser syndrome with rare findings of inferior crossed-fused renal ectopia and Gartner's duct cyst: a video case report","2021","Fertility and Sterility","115","2","","525","527","3","10.1016/j.fertnstert.2020.08.1433","https://www.scopus.com/inward/record.uri?eid=2-s2.0-85092634111&doi=10.1016%2Fj.fertnstert.2020.08.1433&partnerID=40&md5=142752cd85517599f2700d2d0a8fdf6e","Article","Final","","Scopus","2-s2.0-85092634111"
"Torres A.T.S.; Lopes B.B.; Silva A.M.; Dias M.T.P.M.; Bruno Z.V.; Nunes A.P.N.; Junior E.M.L.; de Moraes Filho M.O.; Paier C.R.K.; Rodrigues F.A.R.; Bezerra L.R.P.S.","Torres, Ana Talya Soares (57540422200); Lopes, Barbara Bezerra (57541385200); Silva, Amanda Madureira (57540423500); Dias, Maria Tereza Pinto Medeiros (57211550048); Bruno, Zenilda Vieira (6506893890); Nunes, Ana Paula Negreiros (57316281800); Junior, Edmar Maciel Lima (57219464626); de Moraes Filho, Manoel Odorico (7103205179); Paier, Carlos Roberto Koscky (57198497519); Rodrigues, Felipe Augusto Rocha (59270430200); Bezerra, Leonardo Robson Pinheiro Sobreira (57210681137)","57540422200; 57541385200; 57540423500; 57211550048; 6506893890; 57316281800; 57219464626; 7103205179; 57198497519; 59270430200; 57210681137","Neovaginoplasty with tilapia fish skin: a series of eleven cases","2022","International Urogynecology Journal","33","8","","2185","2193","8","10.1007/s00192-022-05150-4","https://www.scopus.com/inward/record.uri?eid=2-s2.0-85126766454&doi=10.1007%2Fs00192-022-05150-4&partnerID=40&md5=370d42b5bcb91b5efee57bc871094101","Article","Final","","Scopus","2-s2.0-85126766454"
"Zhang X.; Tang X.; Ding Y.; Hua K.","Zhang, Xuyin (7410278131); Tang, Xiaoyan (57194725585); Ding, Yan (57197175925); Hua, Keqin (57203187482)","7410278131; 57194725585; 57197175925; 57203187482","Management of partial vaginal agenesis according to the Wharton-Sheares-George technique–a long-term follow-up","2020","Journal of Obstetrics and Gynaecology","40","5","","715","717","3","10.1080/01443615.2019.1655721","https://www.scopus.com/inward/record.uri?eid=2-s2.0-85074320272&doi=10.1080%2F01443615.2019.1655721&partnerID=40&md5=f9c2e31dc718f736433baa1cb25794ed","Article","Final","","Scopus","2-s2.0-85074320272"
"Ng K.; Ip P.N.P.; Yiu K.W.; Chung J.P.W.; Chan S.S.C.","Ng, Karen (57193313755); Ip, Patricia N. P. (58173776300); Yiu, K.W. (35202543100); Chung, Jacqueline P. W. (55350714400); Chan, Symphorosa S. C. (55552650000)","57193313755; 58173776300; 35202543100; 55350714400; 55552650000","Treatment of patients with mayer-rokitanskyküster-hauser syndrome in a tertiary hospital","2020","Hong Kong Medical Journal","26","5","","397","403","1","10.12809/hkmj208467","https://www.scopus.com/inward/record.uri?eid=2-s2.0-85093656592&doi=10.12809%2Fhkmj208467&partnerID=40&md5=2245ee99eee8edcab28bb42431c226ab","Article","Final","All Open Access; Gold Open Access","Scopus","2-s2.0-85093656592"
"Elgandashvili D.; Kalantarov A.; Gugeshashvili T.","Elgandashvili, D. (56589161000); Kalantarov, A. (22635163200); Gugeshashvili, T. (59440273400)","56589161000; 22635163200; 59440273400","MAYER–ROKITANSKY–KUSTER–HAUSER SYNDROME. LAPAROSCOPIC SIGMOID VAGINOPLASTY FOR THE TREATMENT OF VAGINAL AGENESIS - SINGLE CENTER EXPERIENCE IN GEORGIA-CASE REPORT","2024","Georgian Medical News","354","9","","129","138","0","","https://www.scopus.com/inward/record.uri?eid=2-s2.0-85210392912&partnerID=40&md5=2c839dea89e6bf5dba16b321fc7f9620","Article","Final","","Scopus","2-s2.0-85210392912"
"Rall K.; Schenk B.; Schäffeler N.; Schöller D.; Kölle A.; Schönfisch B.; Brucker S.Y.","Rall, Katharina (6602149927); Schenk, Bernadette (57242453500); Schäffeler, Norbert (36140744600); Schöller, Dorit (57191665839); Kölle, Andrina (57210450713); Schönfisch, Birgitt (6603954559); Brucker, Sara Y. (6505786944)","6602149927; 57242453500; 36140744600; 57191665839; 57210450713; 6603954559; 6505786944","Long term findings concerning the mental and physical condition, quality of life and sexuality after laparoscopically assisted creation of a neovagina (Modified vecchietti technique) in young mrkhs (mayer‐rokitansky‐küster‐hauser‐syndrome) patients","2021","Journal of Clinical Medicine","10","6","1269","1","33","14","10.3390/jcm10061269","https://www.scopus.com/inward/record.uri?eid=2-s2.0-85114071097&doi=10.3390%2Fjcm10061269&partnerID=40&md5=1e1ab2f785f4f4a72feb5dcb84179604","Article","Final","All Open Access; Gold Open Access; Green Open Access","Scopus","2-s2.0-85114071097"
"Meutia A.P.; Kouwagam A.D.; Djusad S.; Hakim S.; Priyatini T.; Harzif A.K.","Meutia, Alfa Putri (57203368133); Kouwagam, Anggrainy Dwifitriana (57225978823); Djusad, Suskhan (57192276788); Hakim, Surahman (57192276095); Priyatini, Tyas (57192265423); Harzif, Achmad Kemal (57191493435)","57203368133; 57225978823; 57192276788; 57192276095; 57192265423; 57191493435","Laparoscopic proximal neovaginoplasty using autologous peritoneal graft to correct short vagina","2023","International Journal of Surgery Case Reports","106","","108157","","","0","10.1016/j.ijscr.2023.108157","https://www.scopus.com/inward/record.uri?eid=2-s2.0-85153106521&doi=10.1016%2Fj.ijscr.2023.108157&partnerID=40&md5=ca027af1355dc6ad81a83357377a0186","Article","Final","All Open Access; Gold Open Access; Green Open Access","Scopus","2-s2.0-85153106521"
"Ocviyanti D.; Alda K.; Widjaya L.","Ocviyanti, Dwiana (57189661230); Alda, Kristian (57218391373); Widjaya, Lili (57218392189)","57189661230; 57218391373; 57218392189","Holistic management of gynecological cases in cipto mangunkusumo hospital","2020","Obstetric and Gynecology Case Report","","","","241","251","0","","https://www.scopus.com/inward/record.uri?eid=2-s2.0-85089041885&partnerID=40&md5=21ab244dc639a5742e143819bfcdef56","Book chapter","Final","","Scopus","2-s2.0-85089041885"
"Yang X.; Zhu L.; Wang Y.J.; Tong B.; Zhong S.; Yang C.; Liang J.; Jin H.; Xie Z.","Yang, Xinyun (57195724232); Zhu, Linling (57208388544); Wang, Yan Jing (57208410318); Tong, Baoqin (57205313010); Zhong, Shuangshuang (57613455500); Yang, Chunbo (56176185500); Liang, Junxiao (57221528217); Jin, Hangmei (21834229300); Xie, Zhenwei (24605467300)","57195724232; 57208388544; 57208410318; 57205313010; 57613455500; 56176185500; 57221528217; 21834229300; 24605467300","Comparison of the modified laparoscopic Vecchietti and Davydov colpoplasty techniques in Mayer-Rokitansky-Küster-Hauser syndrome: A long-term follow-up analysis","2022","Journal of Obstetrics and Gynaecology Research","48","7","","1930","1937","8","10.1111/jog.15262","https://www.scopus.com/inward/record.uri?eid=2-s2.0-85128785558&doi=10.1111%2Fjog.15262&partnerID=40&md5=c845d4b23cd04725e16a47a52254c24d","Article","Final","","Scopus","2-s2.0-85128785558"
"Cobb A.; Fisher C.L.","Cobb, Amanda (59139313700); Fisher, Cara L. (56215264600)","59139313700; 56215264600","Cadaveric case report of Mayer-Rokitansky-Küster-Hauser (MRKH) syndrome type II","2024","Translational Research in Anatomy","36","","100310","","","0","10.1016/j.tria.2024.100310","https://www.scopus.com/inward/record.uri?eid=2-s2.0-85193959718&doi=10.1016%2Fj.tria.2024.100310&partnerID=40&md5=77e3c741aea6744ac86bb41bfab3339a","Article","Final","All Open Access; Gold Open Access; Green Open Access","Scopus","2-s2.0-85193959718"
"Shubhankar G.; Mittal A.; Panwar V.K.; Singh D.K.","Shubhankar, Gautam (58967726300); Mittal, Ankur (57211074170); Panwar, Vikas Kumar (57189224061); Singh, Deelip Kumar (58275098800)","58967726300; 57211074170; 57189224061; 58275098800","Addressing complicated vesicovaginal fistula post-intercourse in MRKH: the critical imperative for comprehensive sex education and awareness","2026","Sexual Medicine","14","2","qfae076","","","0","10.1093/sexmed/qfae076","https://www.scopus.com/inward/record.uri?eid=2-s2.0-105032778391&doi=10.1093%2Fsexmed%2Fqfae076&partnerID=40&md5=acd6dd1cd10a1c8f6bda5d4556a9d3dc","Article","Final","All Open Access; Gold Open Access; Green Open Access","Scopus","2-s2.0-105032778391"
"Hatim H.; Zainuddin A.A.; Anizah A.; Kalok A.; Daud T.I.M.; Ismail A.; Nurazurah A.G.; Grover S.","Hatim, H. (57220596278); Zainuddin, A.A. (26024565900); Anizah, A. (57220603980); Kalok, A. (56562998900); Daud, T.I. Mohd (18633463800); Ismail, A. (57211596554); Nurazurah, A.G. (57220600184); Grover, S. (55555113400)","57220596278; 26024565900; 57220603980; 56562998900; 18633463800; 57211596554; 57220600184; 55555113400","The Missing Uterus, the Missed Diagnosis, and the Missing Care. Mayer-Rokitansky-Küster-Hauser Syndrome in the Lives of Women in Malaysia","2021","Journal of Pediatric and Adolescent Gynecology","34","2","","161","167","19","10.1016/j.jpag.2020.11.009","https://www.scopus.com/inward/record.uri?eid=2-s2.0-85097455949&doi=10.1016%2Fj.jpag.2020.11.009&partnerID=40&md5=f98e50a6a3daeac78e6b6b2961141d9b","Conference paper","Final","","Scopus","2-s2.0-85097455949"
"Rahayatri T.H.; Pramudito B.C.; Soedibyo S.","Rahayatri, Tri Hening (57188549965); Pramudito, Baskoro Cahyo (57221381023); Soedibyo, Sastiono (57216931706)","57188549965; 57221381023; 57216931706","Vaginal reconstruction using ileum segment and posterior sagittal anorectoplasty in a patient with Mayer–Rokitansky–Küster–Hauser syndrome with anorectal malformations: A case report","2021","International Journal of Surgery Case Reports","79","","","76","83","5","10.1016/j.ijscr.2020.12.085","https://www.scopus.com/inward/record.uri?eid=2-s2.0-85098963856&doi=10.1016%2Fj.ijscr.2020.12.085&partnerID=40&md5=92056b81539e7f1cfd2e0efd1e7373a7","Article","Final","All Open Access; Gold Open Access; Green Open Access","Scopus","2-s2.0-85098963856"
"Gündoğdu E.; Emekli E.; Oğuzman M.; Kebapçı M.","Gündoğdu, Elif (57202828961); Emekli, Emre (57210341432); Oğuzman, Mehmet (57210339471); Kebapçı, Mahmut (6602500884)","57202828961; 57210341432; 57210339471; 6602500884","Evaluation of the abdominopelvic region using MRI in patients with primary amenorrhea","2019","Journal of Pediatric Endocrinology and Metabolism","32","9","","995","1003","3","10.1515/jpem-2019-0223","https://www.scopus.com/inward/record.uri?eid=2-s2.0-85070404376&doi=10.1515%2Fjpem-2019-0223&partnerID=40&md5=b9a7bc56bb00508ebec7b7ef595e996b","Article","Final","","Scopus","2-s2.0-85070404376"
"Machado S.N.; Pereira C.G.; Tavares C.; Meireles C.; Aguiar M.I.","Machado, Sara Nogueira (57723551000); Pereira, Cecília Gomes (57722445900); Tavares, Cláudia (57205060434); Meireles, Carla (57193677844); Aguiar, Maria Isolina (59425256700)","57723551000; 57722445900; 57205060434; 57193677844; 59425256700","Exploring 17q12 Deletion Syndrome: A Case Report of Neurodevelopmental, Endocrine, and Genital Anomalies","2024","Central European Journal of Paediatrics","20","2","","132","137","0","10.5457/p2005-114.370","https://www.scopus.com/inward/record.uri?eid=2-s2.0-85210264542&doi=10.5457%2Fp2005-114.370&partnerID=40&md5=d4356921d8bf4857d222363ecea275d4","Article","Final","All Open Access; Gold Open Access","Scopus","2-s2.0-85210264542"
"Facchin F.; Francini F.; Ravani S.; Restelli E.; Gramegna M.G.; Vercellini P.; Aimi G.","Facchin, Federica (36909788200); Francini, Federica (57211350425); Ravani, Silvia (34979372500); Restelli, Elisa (23480307700); Gramegna, Maria Giada (57214073023); Vercellini, Paolo (35396853100); Aimi, Giorgio (6603127591)","36909788200; 57211350425; 34979372500; 23480307700; 57214073023; 35396853100; 6603127591","Psychological impact and health-related quality-of-life outcomes of Mayer–Rokitansky–Küster–Hauser syndrome: A systematic review and narrative synthesis","2021","Journal of Health Psychology","26","1","","26","39","13","10.1177/1359105319901308","https://www.scopus.com/inward/record.uri?eid=2-s2.0-85078176778&doi=10.1177%2F1359105319901308&partnerID=40&md5=148c8fb4772be932576568f013e48277","Review","Final","All Open Access; Green Open Access","Scopus","2-s2.0-85078176778"
"Shao S.; Wang X.; Lei X.; Hua K.; Zhang Y.","Shao, Shuyi (57226522612); Wang, Xiao (57828976900); Lei, Xiaohong (57226521710); Hua, Keqin (57203187482); Zhang, Ying (56843646900)","57226522612; 57828976900; 57226521710; 57203187482; 56843646900","Psychological intervention in women with Mayer-Rokitansky-Küster-Hauser syndrome after artificial vaginoplasty: a prospective study","2022","International Urogynecology Journal","33","3","","723","729","11","10.1007/s00192-022-05075-y","https://www.scopus.com/inward/record.uri?eid=2-s2.0-85123109544&doi=10.1007%2Fs00192-022-05075-y&partnerID=40&md5=774dc6f1805b153425a34400ffc88129","Article","Final","All Open Access; Bronze Open Access; Green Open Access","Scopus","2-s2.0-85123109544"
"Song S.; Chen N.; Duan Y.-P.; Kang J.; Deng S.; Pan H.-X.; Zhu L.","Song, Shuang (57215384853); Chen, Na (36866119600); Duan, Yan-Ping (57194330254); Kang, Jia (57200554906); Deng, Shan (56607690500); Pan, Hong-Xin (57188820108); Zhu, Lan (57207922929)","57215384853; 36866119600; 57194330254; 57200554906; 56607690500; 57188820108; 57207922929","Anxiety symptoms in patients with Mayer-Rokitansky-Küster-Hauser syndrome: A cross-sectional study","2020","Chinese Medical Journal","133","4","","388","394","21","10.1097/CM9.0000000000000648","https://www.scopus.com/inward/record.uri?eid=2-s2.0-85080842046&doi=10.1097%2FCM9.0000000000000648&partnerID=40&md5=6ba779bad1a5dfb14083ade2932eb809","Article","Final","All Open Access; Gold Open Access; Green Open Access","Scopus","2-s2.0-85080842046"
"Weijenborg P.T.M.; Kluivers K.B.; Dessens A.B.; Kate-Booij M.J.; Both S.","Weijenborg, P.T.M. (15836030100); Kluivers, K.B. (16039968600); Dessens, A.B. (6602620961); Kate-Booij, M.J. (14048323600); Both, S. (6603372629)","15836030100; 16039968600; 6602620961; 14048323600; 6603372629","Sexual functioning, sexual esteem, genital self-image and psychological and relational functioning in women with Mayer-Rokitansky-Küster-Hauser syndrome: A case-control study","2019","Human Reproduction","34","9","","1661","1673","56","10.1093/humrep/dez130","https://www.scopus.com/inward/record.uri?eid=2-s2.0-85072058745&doi=10.1093%2Fhumrep%2Fdez130&partnerID=40&md5=5524b3c9af78182b3b74918e64ef5e28","Article","Final","All Open Access; Bronze Open Access; Green Open Access","Scopus","2-s2.0-85072058745"
"Pittman J.; Gerstl B.; Walch A.; Lotz M.; Deans R.; Morrison N.","Pittman, Jana (57211666526); Gerstl, Brigitte (57192201389); Walch, Anna (57211795796); Lotz, Mianna (8212384400); Deans, Rebecca (14028063600); Morrison, Natalie (58283453200)","57211666526; 57192201389; 57211795796; 8212384400; 14028063600; 58283453200","Psychological well-being of women with uterine infertility before considering uterus transplantation as a treatment option","2025","Australian and New Zealand Journal of Obstetrics and Gynaecology","65","2","","263","268","1","10.1111/ajo.13895","https://www.scopus.com/inward/record.uri?eid=2-s2.0-85208801396&doi=10.1111%2Fajo.13895&partnerID=40&md5=1198f7ab1967506016ea57dc30e3c618","Article","Final","All Open Access; Bronze Open Access","Scopus","2-s2.0-85208801396"
"Magdoud K.; Abouda H.S.; Jellouli A.; Ben Hmid R.; Chanoufi M.B.; Karoui A.","Magdoud, Khaoula (57192697084); Abouda, Hassine Sabeur (56152113700); Jellouli, Asma (59130002100); Ben Hmid, Rim (6602662639); Chanoufi, Mohamed Badis (6505982330); Karoui, Abir (57418662200)","57192697084; 56152113700; 59130002100; 6602662639; 6505982330; 57418662200","Sexuality and quality of life of patients operated for Rokitansky syndrome Mayer Kuster Hauser; [La sexualité et la qualité de vie des patientes opérées pour le syndrome de Rokitansky Mayer Kuster Hauser]","2024","Tunisie Medicale ","102","5","","310","314","1","10.62438/tunismed.v102i5.4738","https://www.scopus.com/inward/record.uri?eid=2-s2.0-85193288963&doi=10.62438%2Ftunismed.v102i5.4738&partnerID=40&md5=f9455860e67e19d4a2a814decd84ff98","Article","Final","All Open Access; Gold Open Access; Green Open Access","Scopus","2-s2.0-85193288963"
"Grouthier V.; Bachelot A.","Grouthier, Virginie (57191926555); Bachelot, Anne (7004335275)","57191926555; 7004335275","Long-term outcomes in non-CAH 46,XX DSD","2024","Frontiers in Endocrinology","15","","1372887","","","4","10.3389/fendo.2024.1372887","https://www.scopus.com/inward/record.uri?eid=2-s2.0-85192988798&doi=10.3389%2Ffendo.2024.1372887&partnerID=40&md5=89a6d3bcc08cd8c744732aefec8ffb53","Review","Final","All Open Access; Gold Open Access; Green Open Access","Scopus","2-s2.0-85192988798"
"Albahlol I.A.; Elshamy M.; El-hady H.A.F.; Abd-Elwahab E.-S.M.","Albahlol, Ibrahim A. (36970291700); Elshamy, Maged (56400844700); El-hady, Hany Abdel Fatah (57982927600); Abd-Elwahab, El-Sayed Mahmoud (57212562533)","36970291700; 56400844700; 57982927600; 57212562533","Leiomyomas in a case of Mayer–Rokitansky–Kuster–Hauser syndrome: Case report","2020","European Journal of Obstetrics and Gynecology and Reproductive Biology","244","","","199","200","2","10.1016/j.ejogrb.2019.10.043","https://www.scopus.com/inward/record.uri?eid=2-s2.0-85077054446&doi=10.1016%2Fj.ejogrb.2019.10.043&partnerID=40&md5=351958379aea8d9fa127c20d9ab9c2f1","Letter","Final","","Scopus","2-s2.0-85077054446"
"Lee R.; Choi J.E.; Mun E.; Kim K.H.; Choi S.A.; Kim H.S.","Lee, Rosie (58740218800); Choi, Jung Eun (57200341391); Mun, Eunji (57945715700); Kim, Kyung hee (58957363200); Choi, Sun Ah (57191539101); Kim, Hae Soon (55663596500)","58740218800; 57200341391; 57945715700; 58957363200; 57191539101; 55663596500","A Case of Chromosome 17q12 Deletion Syndrome with Type 2 Mayer–Rokitansky–Küster–Hauser Syndrome and Maturity-Onset Diabetes of the Young Type 5","2024","Children","11","4","404","","","3","10.3390/children11040404","https://www.scopus.com/inward/record.uri?eid=2-s2.0-85191327662&doi=10.3390%2Fchildren11040404&partnerID=40&md5=045344f71d5a39dd0e8bc3cf7b5a998e","Article","Final","All Open Access; Gold Open Access; Green Open Access","Scopus","2-s2.0-85191327662"
"Mediå L.M.; Fauske L.; Sigurdardottir S.; Feragen K.J.B.; Heggeli C.; Wæhre A.","Mediå, Line Merete (57812876800); Fauske, Lena (56606204000); Sigurdardottir, Solrun (26968065300); Feragen, Kristin J. Billaud (25957578300); Heggeli, Charlotte (57735591400); Wæhre, Anne (24400271200)","57812876800; 56606204000; 26968065300; 25957578300; 57735591400; 24400271200","‘It was Supposed to be a Secret’: a study of disclosure and stigma as experienced by adults with differences of sex development","2022","Health Psychology and Behavioral Medicine","10","1","","579","595","13","10.1080/21642850.2022.2102018","https://www.scopus.com/inward/record.uri?eid=2-s2.0-85134577070&doi=10.1080%2F21642850.2022.2102018&partnerID=40&md5=3853f37d2fdea0a7b42ac4367a819f2c","Article","Final","All Open Access; Gold Open Access; Green Open Access","Scopus","2-s2.0-85134577070"
"Herlin M.K.; Petersen M.B.; Brännström M.","Herlin, Morten Krogh (56222485900); Petersen, Michael Bjørn (56975895300); Brännström, Mats (7102373924)","56222485900; 56975895300; 7102373924","Mayer-Rokitansky-Küster-Hauser (MRKH) syndrome: A comprehensive update","2020","Orphanet Journal of Rare Diseases","15","1","214","","","211","10.1186/s13023-020-01491-9","https://www.scopus.com/inward/record.uri?eid=2-s2.0-85089769189&doi=10.1186%2Fs13023-020-01491-9&partnerID=40&md5=03ab600238f7d55152b016d0f7078ff2","Review","Final","All Open Access; Gold Open Access; Green Open Access","Scopus","2-s2.0-85089769189"
